t,rpm,torque,power,engine_load,cht_c1,cht_c2,cht_c3,cht_c4,egt_c1,egt_c2,egt_c3,egt_c4,oil_pressure,oil_temperature,fuel_flow,rail_pressure,injection_timing,boost_pressure,map,intake_temperature,air_mass_flow,coolant_temperature,vibration_rms_x,vibration_order_1x,vibration_rms_x_bearing_proxy,vibration_order_1x_bearing_proxy,battery_voltage,battery_current,alternator_power,altitude,ambient_pressure,ambient_temperature,air_density,throttle,engine_state,engine_id,mission_id,data_origin
0,800.0,0.0,0.0,0.0,15.0,15.0,15.0,15.0,606.650960990933,606.650960990933,606.650960990933,606.650960990933,0.9,15.0,2.0,300.0,0.0,0.0,101.325,50.2032243475426,0.0130408042427632,15.0,,,0.05,0.0,27.16,-3.22639418186235,0.412371134020619,0.0,101.325,50.2032243475426,1.09164609432138,0.0,STARTING,UNIT-misfire-0064,hot_day_ground_ops-M001,SIMULATED
1,441.988102365436,7.0,0.323994200918581,0.0466666666666667,15.0186336248864,15.0186336248864,15.0186336248864,15.0186336248864,851.350416441233,851.350416441233,851.350416441233,851.350416441233,0.714191825127661,15.0399410412257,1.62448742617887,303.148121790302,0.03148121790302,0.00236425,101.561425,50.2801490615543,0.0072199441163505,15.1856624896773,,,0.05,0.0,27.1595434545394,-10.021195006849,0.22782891874507,0.0,101.325,50.2032243475426,1.09164609432138,0.0466666666666667,STARTING,UNIT-misfire-0064,hot_day_ground_ops-M001,SIMULATED
2,567.173568903047,14.0,0.831519881442188,0.0933333333333333,15.0358784166215,15.0358784166215,15.0358784166215,15.0358784166215,851.42721335192,851.42721335192,851.42721335192,851.42721335192,0.779163082260681,15.0746748064375,2.08895204453884,308.079545406726,0.0807954540672572,0.0047284999999999,101.79785,50.3569459722411,0.0092842313090615,15.3681355508631,,,0.05,0.0,27.1590256752154,-7.64543223086425,0.292357509743839,0.0,101.325,50.2032243475426,1.09164609432138,0.0933333333333333,STARTING,UNIT-misfire-0064,hot_day_ground_ops-M001,SIMULATED
3,781.12381965463,21.0,1.71778099735969,0.14,15.059906588853,15.059906588853,15.059906588853,15.059906588853,848.698047897244,848.698047897244,848.698047897244,848.698047897244,0.890203262400753,15.1212104993365,2.87222220599087,316.690989448029,0.166909894480294,0.00709275,102.034275,50.4336155880208,0.012813105831676,15.5558122095943,1218.32638472912,0.0142319461361944,0.05,0.0,27.1587076094063,-3.58481181241515,0.402641144151871,0.0,101.325,50.2032243475426,1.09164609432138,0.14,IDLE,UNIT-misfire-0064,hot_day_ground_ops-M001,SIMULATED
4,898.687654513496,22.8421695509186,2.14968459654458,0.14,15.0833125685308,15.0833125685308,15.0833125685308,15.0833125685308,632.952962104669,632.952962104669,632.952962104669,632.952962104669,0.951218892692505,15.1639079152343,2.38285882664459,320.88762361015,0.208876236101498,0.0129258071795883,102.617580717959,50.6222329575702,0.0148171923630258,15.7410939196497,1218.32638472912,0.0142319461361944,0.05,0.0,27.1585795322142,-1.35349276749997,0.463241059027575,0.0,101.325,50.2032243475426,1.09164609432138,0.14,IDLE,UNIT-misfire-0064,hot_day_ground_ops-M001,SIMULATED
5,934.854434432442,23.5172827760722,2.30228853948933,0.14,15.1073088864878,15.1073088864878,15.1073088864878,15.1073088864878,616.536270351693,616.536270351693,616.536270351693,616.536270351693,0.969989451470437,15.2067329462235,2.41003758888305,322.370414958601,0.223704149586008,0.0150634899151725,102.831348991517,50.6911651705349,0.0154423163228981,15.9252403975014,1218.32638472912,0.0142319461361944,0.05,0.0,27.1585262411195,-0.66705647980572,0.481883729088888,0.0,101.325,50.2032243475426,1.09164609432138,0.14,IDLE,UNIT-misfire-0064,hot_day_ground_ops-M001,SIMULATED
6,945.104161340142,23.7086110116826,2.34646675030782,0.14,15.1318259587705,15.1318259587705,15.1318259587705,15.1318259587705,612.139541752972,612.139541752972,612.139541752972,612.139541752972,0.975309059735534,15.2500884772416,2.41790572822982,322.799676926068,0.227996769260679,0.0156693128362106,102.891931283621,50.7106820605137,0.0156198817033918,16.108194833092,1218.32638472912,0.0142319461361944,0.05,0.0,27.1584951345818,-0.472519057558517,0.4871670934743,0.0,101.325,50.2032243475426,1.09164609432138,0.14,IDLE,UNIT-misfire-0064,hot_day_ground_ops-M001,SIMULATED
7,947.933780389873,23.7614305672776,2.3587352747301,0.14,15.1567554601492,15.1567554601492,15.1567554601492,15.1567554601492,610.944640769255,610.944640769255,610.944640769255,610.944640769255,0.976777632022344,15.2939241500966,2.42009075242943,322.918885260535,0.229188852605354,0.0158365610071689,102.908656100717,50.7160685985826,0.0156689332152801,16.2898617819133,1218.32638472912,0.0142319461361944,0.05,0.0,27.1584702339902,-0.418813722099291,0.48862565999478,0.0,101.325,50.2032243475426,1.09164609432138,0.14,IDLE,UNIT-misfire-0064,hot_day_ground_ops-M001,SIMULATED
8,948.709231958707,23.7759056632292,2.36210290453256,0.14,15.1820635068289,15.1820635068289,15.1820635068289,15.1820635068289,610.618587414532,610.618587414532,610.618587414532,610.618587414532,0.977180091386569,15.3382212214536,2.42069052729725,322.951607169547,0.229516071695472,0.0158823950414592,102.913239504146,50.7175446596464,0.0156823780607139,16.4702224502027,1218.32638472912,0.0142319461361944,0.05,0.0,27.1584470404311,-0.404096106281752,0.489025377298303,0.0,101.325,50.2032243475426,1.09164609432138,0.14,IDLE,UNIT-misfire-0064,hot_day_ground_ops-M001,SIMULATED
9,948.921254192621,23.7798634115956,2.36302408360548,0.14,15.2077378689764,15.2077378689764,15.2077378689764,15.2077378689764,610.529543591555,610.529543591555,610.529543591555,610.529543591555,0.97729013092597,15.3829702555891,2.42085458929014,322.960557897381,0.229605578973812,0.0158949268806225,102.914492688062,50.7179482327872,0.0156860542981171,16.6492802292697,1218.32638472912,0.0142319461361944,0.05,0.0,27.1584243141599,-0.400072285664104,0.489134667109598,0.0,101.325,50.2032243475426,1.09164609432138,0.14,IDLE,UNIT-misfire-0064,hot_day_ground_ops-M001,SIMULATED
10,948.979252997678,23.7809460559567,2.36327610328858,0.14,15.2337723657467,15.2337723657467,15.2337723657467,15.2337723657467,610.505193444596,610.505193444596,610.505193444596,610.505193444596,0.977320232305795,15.4281644510949,2.4208994739957,322.96300667163,0.2296300667163,0.015898354972494,102.914835497249,50.7180586298425,0.0156870599482927,16.8270445987659,1218.32638472912,0.0142319461361944,0.05,0.0,27.1584017156724,-0.398971806683383,0.489164563400865,0.0,101.325,50.2032243475426,1.09164609432138,0.14,IDLE,UNIT-misfire-0064,hot_day_ground_ops-M001,SIMULATED
11,948.995116356114,23.7812421719808,2.36334503593992,0.14,15.2601624996449,15.2601624996449,15.2601624996449,15.2601624996449,610.498533978285,610.498533978285,610.498533978285,610.498533978285,0.977328465388823,15.4737977739504,2.4209117509009,322.963676462574,0.229636764625741,0.0158992925961236,102.914929259612,50.7180888246957,0.0156873350064927,17.003526624803,1218.32638472912,0.0142319461361944,0.05,0.0,27.1583791521372,-0.398671052848833,0.48917274038975,0.0,101.325,50.2032243475426,1.09164609432138,0.14,IDLE,UNIT-misfire-0064,hot_day_ground_ops-M001,SIMULATED
12,948.999455015065,23.7813231602812,2.36336388932357,0.14,15.2869042612388,15.2869042612388,15.2869042612388,15.2869042612388,610.496712645354,610.496712645354,610.496712645354,610.496712645354,0.977330717152819,15.5198644415047,2.42091510868853,322.963859653346,0.229638596533465,0.0158995490379843,102.914954903798,50.7180970830425,0.0156874102355122,17.1787377283982,1218.32638472912,0.0142319461361944,0.05,0.0,27.158356598161,-0.398589036453099,0.489174976811889,0.0,101.325,50.2032243475426,1.09164609432138,0.14,IDLE,UNIT-misfire-0064,hot_day_ground_ops-M001,SIMULATED
13,949.000641633225,23.7813453104869,2.36336904571482,0.14,15.3139938008331,15.3139938008331,15.3139938008331,15.3139938008331,610.496214516205,610.496214516205,610.496214516205,610.496214516205,0.977331333007644,15.5663587814264,2.42091602704181,322.963909755933,0.229639097559335,0.0158996191745339,102.914961917453,50.7180993416905,0.0156874308105669,17.3526893482104,1218.32638472912,0.0142319461361944,0.05,0.0,27.1583340467991,-0.398566845470448,0.489175588470735,0.0,101.325,50.2032243475426,1.09164609432138,0.14,IDLE,UNIT-misfire-0064,hot_day_ground_ops-M001,SIMULATED
14,949.000966170907,23.7813513685236,2.36337045597842,0.14,15.3414273383525,15.3414273383525,15.3414273383525,15.3414273383525,610.49607827913,610.49607827913,610.49607827913,610.49607827913,0.977331501442701,15.6132751927118,2.42091627820976,322.9639234589,0.229639234588996,0.0158996383567392,102.914963835674,50.7180999594261,0.0156874364378034,17.5253928489836,1218.32638472912,0.0142319461361944,0.05,0.0,27.1583114961523,-0.398561016701419,0.4891757557582,0.0,101.325,50.2032243475426,1.09164609432138,0.14,IDLE,UNIT-misfire-0064,hot_day_ground_ops-M001,SIMULATED
15,949.001054931236,23.7813530253831,2.36337084168243,0.14,15.3692011384606,15.3692011384606,15.3692011384606,15.3692011384606,610.496041018613,610.496041018613,610.496041018613,610.496041018613,0.977331547509312,15.6606081346201,2.42091634690364,322.963927206631,0.229639272066309,0.0158996436030294,102.914964360303,50.7181001283755,0.01568743797684,17.6968594972695,1218.32638472912,0.0142319461361944,0.05,0.0,27.158288945701,-0.39855966297048,0.489175801510946,0.0,101.325,50.2032243475426,1.09164609432138,0.14,IDLE,UNIT-misfire-0064,hot_day_ground_ops-M001,SIMULATED
16,949.001079206982,23.7813534785303,2.36337094717159,0.14,15.3973115035114,15.3973115035114,15.3973115035114,15.3973115035114,610.496030827949,610.496030827949,610.496030827949,610.496030827949,0.977331560108424,15.7083521232535,2.42091636569126,322.963928231627,0.229639282316268,0.0158996450378778,102.914964503788,50.7181001745827,0.0156874383977629,17.8671004555313,1218.32638472912,0.0142319461361944,0.05,0.0,27.1582663953033,-0.398559533153947,0.489175814024217,0.0,101.325,50.2032243475426,1.09164609432138,0.14,IDLE,UNIT-misfire-0064,hot_day_ground_ops-M001,SIMULATED
17,949.001085847992,23.7813536024959,2.3633709760298,0.14,15.4257547713813,15.4257547713813,15.4257547713813,15.4257547713813,610.496028040133,610.496028040133,610.496028040133,610.496028040133,0.977331563555108,15.7565017302313,2.42091637083091,322.96392851203,0.229639285120305,0.0158996454304027,102.91496454304,50.7181001872234,0.015687438512913,18.0361267812691,1218.32638472912,0.0142319461361944,0.05,0.0,27.1582438449201,-0.398559738044544,0.489175817447419,0.0,101.325,50.2032243475426,1.09164609432138,0.14,IDLE,UNIT-misfire-0064,hot_day_ground_ops-M001,SIMULATED
18,949.001087663167,23.7813536363791,2.36337098391756,0.14,15.4545273146371,15.4545273146371,15.4545273146371,15.4545273146371,610.496027278145,610.496027278145,610.496027278145,610.496027278145,0.977331564497184,15.8050515819414,2.42091637223572,322.963928588673,0.229639285886727,0.0158996455376911,102.914964553769,50.7181001906785,0.0156874385443868,18.2039494275107,1218.32638472912,0.0142319461361944,0.05,0.0,27.158221294541,-0.398560034529946,0.489175818383076,0.0,101.325,50.2032243475426,1.09164609432138,0.14,IDLE,UNIT-misfire-0064,hot_day_ground_ops-M001,SIMULATED
19,949.001088159232,23.781353645639,2.36337098607319,0.14,15.4836255400728,15.4836255400728,15.4836255400728,15.4836255400728,610.496027069903,610.496027069903,610.496027069903,610.496027069903,0.977331564754642,15.8539963589526,2.42091637261964,322.963928609618,0.229639286096181,0.0158996455670116,102.914964556701,50.7181001916227,0.0156874385529882,18.3705792436694,1218.32638472912,0.0142319461361944,0.05,0.0,27.158198744163,-0.398560356052588,0.489175818638779,0.0,101.325,50.2032243475426,1.09164609432138,0.14,IDLE,UNIT-misfire-0064,hot_day_ground_ops-M001,SIMULATED
20,949.001088294801,23.7813536481696,2.3633709866623,0.14,15.513045888349,15.513045888349,15.513045888349,15.513045888349,610.496027012992,610.496027012992,610.496027012992,610.496027012992,0.977331564825002,15.903330795475,2.42091637272456,322.963928615342,0.229639286153422,0.0158996455750246,102.914964557502,50.7181001918808,0.0156874385553388,18.5360269764949,1218.32638472912,0.0142319461361944,0.05,0.0,27.1581761937852,-0.398560684417998,0.48917581870866,0.0,101.325,50.2032243475426,1.09164609432138,0.14,IDLE,UNIT-misfire-0064,hot_day_ground_ops-M001,SIMULATED
21,949.00108833185,23.7813536488612,2.3633709868233,0.14,15.5427848336626,15.5427848336626,15.5427848336626,15.5427848336626,610.49602699744,610.49602699744,610.49602699744,610.49602699744,0.97733156484423,15.9530496788371,2.42091637275323,322.963928616907,0.229639286169065,0.0158996455772145,102.914964557721,50.7181001919513,0.0156874385559812,18.7003032710432,1218.32638472912,0.0142319461361944,0.05,0.0,27.1581536434075,-0.398561014653875,0.489175818727758,0.0,101.325,50.2032243475426,1.09164609432138,0.14,IDLE,UNIT-misfire-0064,hot_day_ground_ops-M001,SIMULATED
22,949.001088341975,23.7813536490502,2.36337098686729,0.14,15.572838883427,15.572838883427,15.572838883427,15.572838883427,610.49602699319,610.49602699319,610.49602699319,610.49602699319,0.977331564849485,16.0031478489709,2.42091637276106,322.963928617334,0.22963928617334,0.0158996455778129,102.914964557781,50.7181001919706,0.0156874385561568,18.8634186716446,1218.32638472912,0.0142319461361944,0.05,0.0,27.1581310930299,-0.398561345401319,0.489175818732977,0.0,101.325,50.2032243475426,1.09164609432138,0.14,IDLE,UNIT-misfire-0064,hot_day_ground_ops-M001,SIMULATED
23,949.001088344742,23.7813536491019,2.36337098687932,0.14,15.6032045779572,15.6032045779572,15.6032045779572,15.6032045779572,610.496026992028,610.496026992028,610.496026992028,610.496026992028,0.977331564850921,16.0536201979031,2.42091637276321,322.963928617451,0.229639286174509,0.0158996455779763,102.914964557798,50.7181001919758,0.0156874385562048,19.0253836228646,1218.32638472912,0.0142319461361944,0.05,0.0,27.1581085426523,-0.398561676288959,0.489175818734403,0.0,101.325,50.2032243475426,1.09164609432138,0.14,IDLE,UNIT-misfire-0064,hot_day_ground_ops-M001,SIMULATED
24,949.001088345498,23.781353649116,2.3633709868826,0.14,15.6338784901591,15.6338784901591,15.6338784901591,15.6338784901591,610.496026991711,610.496026991711,610.496026991711,610.496026991711,0.977331564851313,16.1044616692511,2.42091637276379,322.963928617483,0.229639286174828,0.015899645578021,102.914964557802,50.7181001919772,0.0156874385562179,19.1862084704558,1218.32638472912,0.0142319461361944,0.05,0.0,27.1580859922746,-0.398562007215324,0.489175818734793,0.0,101.325,50.2032243475426,1.09164609432138,0.14,IDLE,UNIT-misfire-0064,hot_day_ground_ops-M001,SIMULATED
25,949.001088345705,23.7813536491198,2.3633709868835,0.14,15.6648572252208,15.6648572252208,15.6648572252208,15.6648572252208,610.496026991624,610.496026991624,610.496026991624,610.496026991624,0.977331564851421,16.1556672577243,2.42091637276395,322.963928617491,0.229639286174915,0.0158996455780332,102.914964557803,50.7181001919777,0.0156874385562214,19.3459034623017,1218.32638472912,0.0142319461361944,0.05,0.0,27.158063441897,-0.398562338152657,0.489175818734899,0.0,101.325,50.2032243475426,1.09164609432138,0.14,IDLE,UNIT-misfire-0064,hot_day_ground_ops-M001,SIMULATED
26,949.001088345761,23.7813536491209,2.36337098688375,0.14,15.6961374203083,15.6961374203083,15.6961374203083,15.6961374203083,610.4960269916,610.4960269916,610.4960269916,610.4960269916,0.97733156485145,16.2072320086294,2.420916372764,322.963928617494,0.229639286174939,0.0158996455780366,102.914964557804,50.7181001919777,0.0156874385562224,19.5044787493509,1218.32638472912,0.0142319461361944,0.05,0.0,27.1580408915193,-0.398562669093393,0.489175818734929,0.0,101.325,50.2032243475426,1.09164609432138,0.14,IDLE,UNIT-misfire-0064,hot_day_ground_ops-M001,SIMULATED
27,949.001088345777,23.7813536491212,2.36337098688381,0.14,15.7277157442627,15.7277157442627,15.7277157442627,15.7277157442627,610.496026991593,610.496026991593,610.496026991593,610.496026991593,0.977331564851458,16.2591510173816,2.42091637276401,322.963928617495,0.229639286174946,0.0158996455780377,102.914964557804,50.7181001919778,0.0156874385562227,19.6619443865421,1218.32638472912,0.0142319461361944,0.05,0.0,27.1580183411417,-0.398563000035457,0.489175818734937,0.0,101.325,50.2032243475426,1.09164609432138,0.14,IDLE,UNIT-misfire-0064,hot_day_ground_ops-M001,SIMULATED
28,949.001088345781,23.7813536491212,2.36337098688383,0.14,15.7595888973012,15.7595888973012,15.7595888973012,15.7595888973012,610.496026991592,610.496026991592,610.496026991592,610.496026991592,0.97733156485146,16.3114194290195,2.42091637276401,322.963928617495,0.229639286174947,0.0158996455780377,102.914964557804,50.7181001919778,0.0156874385562228,19.8183103337213,1218.32638472912,0.0142319461361944,0.05,0.0,27.1579957907641,-0.398563330978291,0.489175818734939,0.0,101.325,50.2032243475426,1.09164609432138,0.14,IDLE,UNIT-misfire-0064,hot_day_ground_ops-M001,SIMULATED
29,949.001088345782,23.7813536491213,2.36337098688384,0.14,15.7917536107207,15.7917536107207,15.7917536107207,15.7917536107207,610.496026991591,610.496026991591,610.496026991591,610.496026991591,0.977331564851461,16.364032437725,2.42091637276401,322.963928617495,0.229639286174948,0.0158996455780379,102.914964557804,50.7181001919778,0.0156874385562228,19.9735864565488,1218.32638472912,0.0142319461361944,0.05,0.0,27.1579732403864,-0.398563661921727,0.489175818734939,0.0,101.325,50.2032243475426,1.09164609432138,0.14,IDLE,UNIT-misfire-0064,hot_day_ground_ops-M001,SIMULATED
30,949.001088345782,23.7813536491213,2.36337098688384,0.14,15.8242066466042,15.8242066466042,15.8242066466042,15.8242066466042,610.496026991591,610.496026991591,610.496026991591,610.496026991591,0.977331564851461,16.4169852863483,2.42091637276401,322.963928617495,0.229639286174948,0.0158996455780379,102.914964557804,50.7181001919778,0.0156874385562228,20.1277825273991,1218.32638472912,0.0142319461361944,0.05,0.0,27.1579506900088,-0.398563992865736,0.489175818734939,0.0,101.325,50.2032243475426,1.09164609432138,0.14,IDLE,UNIT-misfire-0064,hot_day_ground_ops-M001,SIMULATED
31,949.001088345782,23.7813536491213,2.36337098688384,0.14,15.8569447975298,15.8569447975298,15.8569447975298,15.8569447975298,610.496026991591,610.496026991591,610.496026991591,610.496026991591,0.977331564851461,16.4702732659363,2.42091637276401,322.963928617495,0.229639286174948,0.0158996455780379,102.914964557804,50.7181001919778,0.0156874385562228,20.2809082262509,1218.32638472912,0.0142319461361944,0.05,0.0,27.1579281396312,-0.398564323810295,0.489175818734939,0.0,101.325,50.2032243475426,1.09164609432138,0.14,IDLE,UNIT-misfire-0064,hot_day_ground_ops-M001,SIMULATED
32,949.001088345782,23.7813536491213,2.36337098688384,0.14,15.8899648862829,15.8899648862829,15.8899648862829,15.8899648862829,610.496026991591,610.496026991591,610.496026991591,610.496026991591,0.977331564851461,16.5238917152668,2.42091637276401,322.963928617495,0.229639286174948,0.0158996455780379,102.914964557804,50.7181001919778,0.0156874385562228,20.4329731415692,1218.32638472912,0.0142319461361944,0.05,0.0,27.1579055892535,-0.398564654755404,0.489175818734939,0.0,101.325,50.2032243475426,1.09164609432138,0.14,IDLE,UNIT-misfire-0064,hot_day_ground_ops-M001,SIMULATED
33,949.001088345782,23.7813536491213,2.36337098688384,0.14,15.9232637655709,15.9232637655709,15.9232637655709,15.9232637655709,610.496026991591,610.496026991591,610.496026991591,610.496026991591,0.977331564851461,16.5778360203861,2.42091637276401,322.963928617495,0.229639286174948,0.0158996455780379,102.914964557804,50.7181001919778,0.0156874385562228,20.583986771179,1218.32638472912,0.0142319461361944,0.05,0.0,27.1578830388759,-0.398564985701062,0.489175818734939,0.0,101.325,50.2032243475426,1.09164609432138,0.14,IDLE,UNIT-misfire-0064,hot_day_ground_ops-M001,SIMULATED
34,949.001088345782,23.7813536491213,2.36337098688384,0.14,15.9568383177402,15.9568383177402,15.9568383177402,15.9568383177402,610.496026991591,610.496026991591,610.496026991591,610.496026991591,0.977331564851461,16.6321016141521,2.42091637276401,322.963928617495,0.229639286174948,0.0158996455780379,102.914964557804,50.7181001919778,0.0156874385562228,20.7339585231303,1218.32638472912,0.0142319461361944,0.05,0.0,27.1578604884983,-0.39856531664727,0.489175818734939,0.0,101.325,50.2032243475426,1.09164609432138,0.14,IDLE,UNIT-misfire-0064,hot_day_ground_ops-M001,SIMULATED
35,949.001088345782,23.7813536491213,2.36337098688384,0.14,15.9906854544971,15.9906854544971,15.9906854544971,15.9906854544971,610.496026991591,610.496026991591,610.496026991591,610.496026991591,0.977331564851461,16.6866839757806,2.42091637276401,322.963928617495,0.229639286174948,0.0158996455780379,102.914964557804,50.7181001919778,0.0156874385562228,20.8828977165551,1218.32638472912,0.0142319461361944,0.05,0.0,27.1578379381206,-0.398565647594027,0.489175818734939,0.0,101.325,50.2032243475426,1.09164609432138,0.14,IDLE,UNIT-misfire-0064,hot_day_ground_ops-M001,SIMULATED
36,949.001088345782,23.7813536491213,2.36337098688384,0.14,16.0248021166298,16.0248021166298,16.0248021166298,16.0248021166298,610.496026991591,610.496026991591,610.496026991591,610.496026991591,0.977331564851461,16.7415786303968,2.42091637276401,322.963928617495,0.229639286174948,0.0158996455780379,102.914964557804,50.7181001919778,0.0156874385562228,21.0308135825162,1218.32638472912,0.0142319461361944,0.05,0.0,27.157815387743,-0.398565978541334,0.489175818734939,0.0,101.325,50.2032243475426,1.09164609432138,0.14,IDLE,UNIT-misfire-0064,hot_day_ground_ops-M001,SIMULATED
37,949.001088345782,23.7813536491213,2.36337098688384,0.14,16.0591852737341,16.0591852737341,16.0591852737341,16.0591852737341,610.496026991591,610.496026991591,610.496026991591,610.496026991591,0.977331564851461,16.7967811485909,2.42091637276401,322.963928617495,0.229639286174948,0.0158996455780379,102.914964557804,50.7181001919778,0.0156874385562228,21.1777152648479,1218.32638472912,0.0142319461361944,0.05,0.0,27.1577928373654,-0.398566309489191,0.489175818734939,0.0,101.325,50.2032243475426,1.09164609432138,0.14,IDLE,UNIT-misfire-0064,hot_day_ground_ops-M001,SIMULATED
38,949.001088345782,23.7813536491213,2.36337098688384,0.14,16.0938319239418,16.0938319239418,16.0938319239418,16.0938319239418,610.496026991591,610.496026991591,610.496026991591,610.496026991591,0.977331564851461,16.8522871459781,2.42091637276401,322.963928617495,0.229639286174948,0.0158996455780379,102.914964557804,50.7181001919778,0.0156874385562228,21.3236118209882,1218.32638472912,0.0142319461361944,0.05,0.0,27.1577702869877,-0.398566640437597,0.489175818734939,0.0,101.325,50.2032243475426,1.09164609432138,0.14,IDLE,UNIT-misfire-0064,hot_day_ground_ops-M001,SIMULATED
39,949.001088345782,23.7813536491213,2.36337098688384,0.14,16.1287390936506,16.1287390936506,16.1287390936506,16.1287390936506,610.496026991591,610.496026991591,610.496026991591,610.496026991591,0.977331564851461,16.9080922827619,2.42091637276401,322.963928617495,0.229639286174948,0.0158996455780379,102.914964557804,50.7181001919778,0.0156874385562228,21.4685122228039,1218.32638472912,0.0142319461361944,0.05,0.0,27.1577477366101,-0.398566971386553,0.489175818734939,0.0,101.325,50.2032243475426,1.09164609432138,0.14,IDLE,UNIT-misfire-0064,hot_day_ground_ops-M001,SIMULATED
40,949.001088345782,23.7813536491213,2.36337098688384,0.14,16.163903837258,16.163903837258,16.163903837258,16.163903837258,610.496026991591,610.496026991591,610.496026991591,610.496026991591,0.977331564851461,16.9641922633032,2.42091637276401,322.963928617495,0.229639286174948,0.0158996455780379,102.914964557804,50.7181001919778,0.0156874385562228,21.6124253574071,1218.32638472912,0.0142319461361944,0.05,0.0,27.1577251862324,-0.398567302336058,0.489175818734939,0.0,101.325,50.2032243475426,1.09164609432138,0.14,IDLE,UNIT-misfire-0064,hot_day_ground_ops-M001,SIMULATED
41,949.001088345782,23.7813536491213,2.36337098688384,0.14,16.1993232368963,16.1993232368963,16.1993232368963,16.1993232368963,610.496026991591,610.496026991591,610.496026991591,610.496026991591,0.977331564851461,17.0205828356923,2.42091637276401,322.963928617495,0.229639286174948,0.0158996455780379,102.914964557804,50.7181001919778,0.0156874385562228,21.755360027964,1218.32638472912,0.0142319461361944,0.05,0.0,27.1577026358548,-0.398567633286113,0.489175818734939,0.0,101.325,50.2032243475426,1.09164609432138,0.14,IDLE,UNIT-misfire-0064,hot_day_ground_ops-M001,SIMULATED
42,949.001088345782,23.7813536491213,2.36337098688384,0.14,16.2349944021716,16.2349944021716,16.2349944021716,16.2349944021716,610.496026991591,610.496026991591,610.496026991591,610.496026991591,0.977331564851461,17.077259791325,2.42091637276401,322.963928617495,0.229639286174948,0.0158996455780379,102.914964557804,50.7181001919778,0.0156874385562228,21.8973249544965,1218.32638472912,0.0142319461361944,0.05,0.0,27.1576800854772,-0.398567964236718,0.489175818734939,0.0,101.325,50.2032243475426,1.09164609432138,0.14,IDLE,UNIT-misfire-0064,hot_day_ground_ops-M001,SIMULATED
43,949.001088345782,23.7813536491213,2.36337098688384,0.14,16.2709144699039,16.2709144699039,16.2709144699039,16.2709144699039,610.496026991591,610.496026991591,610.496026991591,610.496026991591,0.977331564851461,17.1342189644838,2.42091637276401,322.963928617495,0.229639286174948,0.0158996455780379,102.914964557804,50.7181001919778,0.0156874385562228,22.038328774675,1218.32638472912,0.0142319461361944,0.05,0.0,27.1576575350995,-0.398568295187872,0.489175818734939,0.0,101.325,50.2032243475426,1.09164609432138,0.14,IDLE,UNIT-misfire-0064,hot_day_ground_ops-M001,SIMULATED
44,949.001088345782,23.7813536491213,2.36337098688384,0.14,16.3070806038706,16.3070806038706,16.3070806038706,16.3070806038706,610.496026991591,610.496026991591,610.496026991591,610.496026991591,0.977331564851461,17.1914562319219,2.42091637276401,322.963928617495,0.229639286174948,0.0158996455780379,102.914964557804,50.7181001919778,0.0156874385562228,22.1783800446053,1218.32638472912,0.0142319461361944,0.05,0.0,27.1576349847219,-0.398568626139576,0.489175818734939,0.0,101.325,50.2032243475426,1.09164609432138,0.14,IDLE,UNIT-misfire-0064,hot_day_ground_ops-M001,SIMULATED
45,949.001088345782,23.7813536491213,2.36337098688384,0.14,16.3434899945523,16.3434899945523,16.3434899945523,16.3434899945523,610.496026991591,610.496026991591,610.496026991591,610.496026991591,0.977331564851461,17.248967512452,2.42091637276401,322.963928617495,0.229639286174948,0.0158996455780379,102.914964557804,50.7181001919778,0.0156874385562228,22.3174872396062,1218.32638472912,0.0142319461361944,0.05,0.0,27.1576124343443,-0.398568957091829,0.489175818734939,0.0,101.325,50.2032243475426,1.09164609432138,0.14,IDLE,UNIT-misfire-0064,hot_day_ground_ops-M001,SIMULATED
46,949.001088345782,23.7813536491213,2.36337098688384,0.14,16.3801398588803,16.3801398588803,16.3801398588803,16.3801398588803,610.496026991591,610.496026991591,610.496026991591,610.496026991591,0.977331564851461,17.3067487665387,2.42091637276401,322.963928617495,0.229639286174948,0.0158996455780379,102.914964557804,50.7181001919778,0.0156874385562228,22.455658754981,1218.32638472912,0.0142319461361944,0.05,0.0,27.1575898839666,-0.398569288044632,0.489175818734939,0.0,101.325,50.2032243475426,1.09164609432138,0.14,IDLE,UNIT-misfire-0064,hot_day_ground_ops-M001,SIMULATED
47,949.001088345782,23.7813536491213,2.36337098688384,0.14,16.4170274399876,16.4170274399876,16.4170274399876,16.4170274399876,610.496026991591,610.496026991591,610.496026991591,610.496026991591,0.977331564851461,17.3647959958951,2.42091637276401,322.963928617495,0.229639286174948,0.0158996455780379,102.914964557804,50.7181001919778,0.0156874385562228,22.5929029067807,1218.32638472912,0.0142319461361944,0.05,0.0,27.157567333589,-0.398569618997985,0.489175818734939,0.0,101.325,50.2032243475426,1.09164609432138,0.14,IDLE,UNIT-misfire-0064,hot_day_ground_ops-M001,SIMULATED
48,949.001088345782,23.7813536491213,2.36337098688384,0.14,16.4541500069615,16.4541500069615,16.4541500069615,16.4541500069615,610.496026991591,610.496026991591,610.496026991591,610.496026991591,0.977331564851461,17.4231052430825,2.42091637276401,322.963928617495,0.229639286174948,0.0158996455780379,102.914964557804,50.7181001919778,0.0156874385562228,22.7292279325609,1218.32638472912,0.0142319461361944,0.05,0.0,27.1575447832114,-0.398569949951887,0.489175818734939,0.0,101.325,50.2032243475426,1.09164609432138,0.14,IDLE,UNIT-misfire-0064,hot_day_ground_ops-M001,SIMULATED
49,949.001088345782,23.7813536491213,2.36337098688384,0.14,16.4915048545988,16.4915048545988,16.4915048545988,16.4915048545988,610.496026991591,610.496026991591,610.496026991591,610.496026991591,0.977331564851461,17.4816725911151,2.42091637276401,322.963928617495,0.229639286174948,0.0158996455780379,102.914964557804,50.7181001919778,0.0156874385562228,22.86464199213,1218.32638472912,0.0142319461361944,0.05,0.0,27.1575222328337,-0.398570280906339,0.489175818734939,0.0,101.325,50.2032243475426,1.09164609432138,0.14,IDLE,UNIT-misfire-0064,hot_day_ground_ops-M001,SIMULATED
50,949.001088345782,23.7813536491213,2.36337098688384,0.14,16.5290893031635,16.5290893031635,16.5290893031635,16.5290893031635,610.496026991591,610.496026991591,610.496026991591,610.496026991591,0.977331564851461,17.5404941630678,2.42091637276401,322.963928617495,0.229639286174948,0.0158996455780379,102.914964557804,50.7181001919778,0.0156874385562228,22.999153168292,1218.32638472912,0.0142319461361944,0.05,0.0,27.1574996824561,-0.398570611861341,0.489175818734939,0.0,101.325,50.2032243475426,1.09164609432138,0.14,IDLE,UNIT-misfire-0064,hot_day_ground_ops-M001,SIMULATED
51,949.001088345782,23.7813536491213,2.36337098688384,0.14,16.5669006981462,16.5669006981462,16.5669006981462,16.5669006981462,610.496026991591,610.496026991591,610.496026991591,610.496026991591,0.977331564851461,17.5995661216874,2.42091637276401,322.963928617495,0.229639286174948,0.0158996455780379,102.914964557804,50.7181001919778,0.0156874385562228,23.1327694675808,1218.32638472912,0.0142319461361944,0.05,0.0,27.1574771320785,-0.398570942816892,0.489175818734939,0.0,101.325,50.2032243475426,1.09164609432138,0.14,IDLE,UNIT-misfire-0064,hot_day_ground_ops-M001,SIMULATED
52,949.001088345782,23.7813536491213,2.36337098688384,0.14,16.6049364100266,16.6049364100266,16.6049364100266,16.6049364100266,610.496026991591,610.496026991591,610.496026991591,610.496026991591,0.977331564851461,17.6588846690085,2.42091637276401,322.963928617495,0.229639286174948,0.0158996455780379,102.914964557804,50.7181001919778,0.0156874385562228,23.2654988209882,1218.32638472912,0.0142319461361944,0.05,0.0,27.1574545817008,-0.398571273772992,0.489175818734939,0.0,101.325,50.2032243475426,1.09164609432138,0.14,IDLE,UNIT-misfire-0064,hot_day_ground_ops-M001,SIMULATED
53,949.001088345782,23.7813536491213,2.36337098688384,0.14,16.6431938340378,16.6431938340378,16.6431938340378,16.6431938340378,610.496026991591,610.496026991591,610.496026991591,610.496026991591,0.977331564851461,17.7184460459722,2.42091637276401,322.963928617495,0.229639286174948,0.0158996455780379,102.914964557804,50.7181001919778,0.0156874385562228,23.3973490846846,1218.32638472912,0.0142319461361944,0.05,0.0,27.1574320313232,-0.398571604729643,0.489175818734939,0.0,101.325,50.2032243475426,1.09164609432138,0.14,IDLE,UNIT-misfire-0064,hot_day_ground_ops-M001,SIMULATED
54,949.001088345782,23.7813536491213,2.36337098688384,0.14,16.6816703899326,16.6816703899326,16.6816703899326,16.6816703899326,610.496026991591,610.496026991591,610.496026991591,610.496026991591,0.977331564851461,17.7782465320494,2.42091637276401,322.963928617495,0.229639286174948,0.0158996455780379,102.914964557804,50.7181001919778,0.0156874385562228,23.5283280407329,1218.32638472912,0.0142319461361944,0.05,0.0,27.1574094809455,-0.398571935686843,0.489175818734939,0.0,101.325,50.2032243475426,1.09164609432138,0.14,IDLE,UNIT-misfire-0064,hot_day_ground_ops-M001,SIMULATED
55,949.001088345782,23.7813536491213,2.36337098688384,0.14,16.7203635217528,16.7203635217528,16.7203635217528,16.7203635217528,610.496026991591,610.496026991591,610.496026991591,610.496026991591,0.977331564851461,17.8382824448663,2.42091637276401,322.963928617495,0.229639286174948,0.0158996455780379,102.914964557804,50.7181001919778,0.0156874385562228,23.6584433977959,1218.32638472912,0.0142319461361944,0.05,0.0,27.1573869305679,-0.398572266644592,0.489175818734939,0.0,101.325,50.2032243475426,1.09164609432138,0.14,IDLE,UNIT-misfire-0064,hot_day_ground_ops-M001,SIMULATED
56,949.001088345782,23.7813536491213,2.36337098688384,0.14,16.7592706976,16.7592706976,16.7592706976,16.7592706976,610.496026991591,610.496026991591,610.496026991591,610.496026991591,0.977331564851461,17.898550139835,2.42091637276401,322.963928617495,0.229639286174948,0.0158996455780379,102.914964557804,50.7181001919778,0.0156874385562228,23.7877027918364,1218.32638472912,0.0142319461361944,0.05,0.0,27.1573643801903,-0.398572597602892,0.489175818734939,0.0,101.325,50.2032243475426,1.09164609432138,0.14,IDLE,UNIT-misfire-0064,hot_day_ground_ops-M001,SIMULATED
57,949.001088345782,23.7813536491213,2.36337098688384,0.14,16.7983894094088,16.7983894094088,16.7983894094088,16.7983894094088,610.496026991591,610.496026991591,610.496026991591,610.496026991591,0.977331564851461,17.9590460097867,2.42091637276401,322.963928617495,0.229639286174948,0.0158996455780379,102.914964557804,50.7181001919778,0.0156874385562228,23.916113786811,1218.32638472912,0.0142319461361944,0.05,0.0,27.1573418298126,-0.398572928561741,0.489175818734939,0.0,101.325,50.2032243475426,1.09164609432138,0.14,IDLE,UNIT-misfire-0064,hot_day_ground_ops-M001,SIMULATED
58,949.001088345782,23.7813536491213,2.36337098688384,0.14,16.837717172722,16.837717172722,16.837717172722,16.837717172722,610.496026991591,610.496026991591,610.496026991591,610.496026991591,0.977331564851461,18.0197664846089,2.42091637276401,322.963928617495,0.229639286174948,0.0158996455780379,102.914964557804,50.7181001919778,0.0156874385562228,24.0436838753569,1218.32638472912,0.0142319461361944,0.05,0.0,27.157319279435,-0.398573259521139,0.489175818734939,0.0,101.325,50.2032243475426,1.09164609432138,0.14,IDLE,UNIT-misfire-0064,hot_day_ground_ops-M001,SIMULATED
59,949.001088345782,23.7813536491213,2.36337098688384,0.14,16.8772515264686,16.8772515264686,16.8772515264686,16.8772515264686,610.496026991591,610.496026991591,610.496026991591,610.496026991591,0.977331564851461,18.0807080308857,2.42091637276401,322.963928617495,0.229639286174948,0.0158996455780379,102.914964557804,50.7181001919778,0.0156874385562228,24.1704204794726,1218.32638472912,0.0142319461361944,0.05,0.0,27.1572967290574,-0.398573590481087,0.489175818734939,0.0,101.325,50.2032243475426,1.09164609432138,0.14,IDLE,UNIT-misfire-0064,hot_day_ground_ops-M001,SIMULATED
60,949.001088345782,23.7813536491213,2.36337098688384,0.14,16.9169900327428,16.9169900327428,16.9169900327428,16.9169900327428,610.496026991591,610.496026991591,610.496026991591,610.496026991591,0.977331564851461,18.1418671515416,2.42091637276401,322.963928617495,0.229639286174948,0.0158996455780379,102.914964557804,50.7181001919778,0.0156874385562228,24.2963309511917,1218.32638472912,0.0142319461361944,0.05,0.0,27.1572741786797,-0.398573921441585,0.489175818734939,0.0,101.325,50.2032243475426,1.09164609432138,0.14,IDLE,UNIT-misfire-0064,hot_day_ground_ops-M001,SIMULATED
61,949.001088345782,23.7813536491213,2.36337098688384,0.14,16.9569302765862,16.9569302765862,16.9569302765862,16.9569302765862,610.496026991591,610.496026991591,610.496026991591,610.496026991591,0.977331564851461,18.2032403854893,2.42091637276401,322.963928617495,0.229639286174948,0.0158996455780379,102.914964557804,50.7181001919778,0.0156874385562228,24.4214225732507,1218.32638472912,0.0142319461361944,0.05,0.0,27.1572516283021,-0.398574252402633,0.489175818734939,0.0,101.325,50.2032243475426,1.09164609432138,0.14,IDLE,UNIT-misfire-0064,hot_day_ground_ops-M001,SIMULATED
62,949.001088345782,23.7813536491213,2.36337098688384,0.14,16.9970698657715,16.9970698657715,16.9970698657715,16.9970698657715,610.496026991591,610.496026991591,610.496026991591,610.496026991591,0.977331564851461,18.2648243072802,2.42091637276401,322.963928617495,0.229639286174948,0.0158996455780379,102.914964557804,50.7181001919778,0.0156874385562228,24.5457025597496,1218.32638472912,0.0142319461361944,0.05,0.0,27.1572290779245,-0.39857458336423,0.489175818734939,0.0,101.325,50.2032243475426,1.09164609432138,0.14,IDLE,UNIT-misfire-0064,hot_day_ground_ops-M001,SIMULATED
63,949.001088345782,23.7813536491213,2.36337098688384,0.14,17.0374064305881,17.0374064305881,17.0374064305881,17.0374064305881,610.496026991591,610.496026991591,610.496026991591,610.496026991591,0.977331564851461,18.3266155267581,2.42091637276401,322.963928617495,0.229639286174948,0.0158996455780379,102.914964557804,50.7181001919778,0.0156874385562228,24.669178056807,1218.32638472912,0.0142319461361944,0.05,0.0,27.1572065275468,-0.398574914326376,0.489175818734939,0.0,101.325,50.2032243475426,1.09164609432138,0.14,IDLE,UNIT-misfire-0064,hot_day_ground_ops-M001,SIMULATED
64,949.001088345782,23.7813536491213,2.36337098688384,0.14,17.0779376236301,17.0779376236301,17.0779376236301,17.0779376236301,610.496026991591,610.496026991591,610.496026991591,610.496026991591,0.977331564851461,18.3886106887173,2.42091637276401,322.963928617495,0.229639286174948,0.0158996455780379,102.914964557804,50.7181001919778,0.0156874385562228,24.7918561432089,1218.32638472912,0.0142319461361944,0.05,0.0,27.1571839771692,-0.398575245289073,0.489175818734939,0.0,101.325,50.2032243475426,1.09164609432138,0.14,IDLE,UNIT-misfire-0064,hot_day_ground_ops-M001,SIMULATED
65,949.001088345782,23.7813536491213,2.36337098688384,0.14,17.1186611195864,17.1186611195864,17.1186611195864,17.1186611195864,610.496026991591,610.496026991591,610.496026991591,610.496026991591,0.977331564851461,18.450806472563,2.42091637276401,322.963928617495,0.229639286174948,0.0158996455780379,102.914964557804,50.7181001919778,0.0156874385562228,24.9137438310505,1218.32638472912,0.0142319461361944,0.05,0.0,27.1571614267915,-0.398575576252319,0.489175818734939,0.0,101.325,50.2032243475426,1.09164609432138,0.14,IDLE,UNIT-misfire-0064,hot_day_ground_ops-M001,SIMULATED
66,949.001088345782,23.7813536491213,2.36337098688384,0.14,17.1595746150325,17.1595746150325,17.1595746150325,17.1595746150325,610.496026991591,610.496026991591,610.496026991591,610.496026991591,0.977331564851461,18.513199591975,2.42091637276401,322.963928617495,0.229639286174948,0.0158996455780379,102.914964557804,50.7181001919778,0.0156874385562228,25.0348480663727,1218.32638472912,0.0142319461361944,0.05,0.0,27.1571388764139,-0.398575907216114,0.489175818734939,0.0,101.325,50.2032243475426,1.09164609432138,0.14,IDLE,UNIT-misfire-0064,hot_day_ground_ops-M001,SIMULATED
67,949.001088345782,23.7813536491213,2.36337098688384,0.14,17.2006758282241,17.2006758282241,17.2006758282241,17.2006758282241,610.496026991591,610.496026991591,610.496026991591,610.496026991591,0.977331564851461,18.5757867945752,2.42091637276401,322.963928617495,0.229639286174948,0.0158996455780379,102.914964557804,50.7181001919778,0.0156874385562228,25.1551757297924,1218.32638472912,0.0142319461361944,0.05,0.0,27.1571163260363,-0.39857623818046,0.489175818734939,0.0,101.325,50.2032243475426,1.09164609432138,0.14,IDLE,UNIT-misfire-0064,hot_day_ground_ops-M001,SIMULATED
68,949.001088345782,23.7813536491213,2.36337098688384,0.14,17.2419624988934,17.2419624988934,17.2419624988934,17.2419624988934,610.496026991591,610.496026991591,610.496026991591,610.496026991591,0.977331564851461,18.638564861598,2.42091637276401,322.963928617495,0.229639286174948,0.0158996455780379,102.914964557804,50.7181001919778,0.0156874385562228,25.274733637126,1218.32638472912,0.0142319461361944,0.05,0.0,27.1570937756586,-0.398576569145355,0.489175818734939,0.0,101.325,50.2032243475426,1.09164609432138,0.14,IDLE,UNIT-misfire-0064,hot_day_ground_ops-M001,SIMULATED
69,949.001088345782,23.7813536491213,2.36337098688384,0.14,17.2834323880465,17.2834323880465,17.2834323880465,17.2834323880465,610.496026991591,610.496026991591,610.496026991591,610.496026991591,0.977331564851461,18.7015306075633,2.42091637276401,322.963928617495,0.229639286174948,0.0158996455780379,102.914964557804,50.7181001919778,0.0156874385562228,25.3935285400083,1218.32638472912,0.0142319461361944,0.05,0.0,27.157071225281,-0.398576900110799,0.489175818734939,0.0,101.325,50.2032243475426,1.09164609432138,0.14,IDLE,UNIT-misfire-0064,hot_day_ground_ops-M001,SIMULATED
70,949.001088345782,23.7813536491213,2.36337098688384,0.14,17.3250832777633,17.3250832777633,17.3250832777633,17.3250832777633,610.496026991591,610.496026991591,610.496026991591,610.496026991591,0.977331564851461,18.7646808799541,2.42091637276401,322.963928617495,0.229639286174948,0.0158996455780379,102.914964557804,50.7181001919778,0.0156874385562228,25.511567126504,1218.32638472912,0.0142319461361944,0.05,0.0,27.1570486749034,-0.398577231076793,0.489175818734939,0.0,101.325,50.2032243475426,1.09164609432138,0.14,IDLE,UNIT-misfire-0064,hot_day_ground_ops-M001,SIMULATED
71,949.001088345782,23.7813536491213,2.36337098688384,0.14,17.3669129709991,17.3669129709991,17.3669129709991,17.3669129709991,610.496026991591,610.496026991591,610.496026991591,610.496026991591,0.977331564851461,18.8280125588954,2.42091637276401,322.963928617495,0.229639286174948,0.0158996455780379,102.914964557804,50.7181001919778,0.0156874385562228,25.6288560217145,1218.32638472912,0.0142319461361944,0.05,0.0,27.1570261245257,-0.398577562043337,0.489175818734939,0.0,101.325,50.2032243475426,1.09164609432138,0.14,IDLE,UNIT-misfire-0064,hot_day_ground_ops-M001,SIMULATED
72,949.001088345782,23.7813536491213,2.36337098688384,0.14,17.408919291388,17.408919291388,17.408919291388,17.408919291388,610.496026991591,610.496026991591,610.496026991591,610.496026991591,0.977331564851461,18.8915225568374,2.42091637276401,322.963928617495,0.229639286174948,0.0158996455780379,102.914964557804,50.7181001919778,0.0156874385562228,25.7454017883782,1218.32638472912,0.0142319461361944,0.05,0.0,27.1570035741481,-0.398577893010431,0.489175818734939,0.0,101.325,50.2032243475426,1.09164609432138,0.14,IDLE,UNIT-misfire-0064,hot_day_ground_ops-M001,SIMULATED
73,949.001088345782,23.7813536491213,2.36337098688384,0.14,17.4511000830484,17.4511000830484,17.4511000830484,17.4511000830484,610.496026991591,610.496026991591,610.496026991591,610.496026991591,0.977331564851461,18.9552078182415,2.42091637276401,322.963928617495,0.229639286174948,0.0158996455780379,102.914964557804,50.7181001919778,0.0156874385562228,25.8612109274658,1218.32638472912,0.0142319461361944,0.05,0.0,27.1569810237705,-0.398578223978074,0.489175818734939,0.0,101.325,50.2032243475426,1.09164609432138,0.14,IDLE,UNIT-misfire-0064,hot_day_ground_ops-M001,SIMULATED
74,949.001088345782,23.7813536491213,2.36337098688384,0.14,17.49345321039,17.49345321039,17.49345321039,17.49345321039,610.496026991591,610.496026991591,610.496026991591,610.496026991591,0.977331564851461,19.0190653192691,2.42091637276401,322.963928617495,0.229639286174948,0.0158996455780379,102.914964557804,50.7181001919778,0.0156874385562228,25.9762898787686,1218.32638472912,0.0142319461361944,0.05,0.0,27.1569584733928,-0.398578554946267,0.489175818734939,0.0,101.325,50.2032243475426,1.09164609432138,0.14,IDLE,UNIT-misfire-0064,hot_day_ground_ops-M001,SIMULATED
75,949.001088345782,23.7813536491213,2.36337098688384,0.14,17.5359765579231,17.5359765579231,17.5359765579231,17.5359765579231,610.496026991591,610.496026991591,610.496026991591,610.496026991591,0.977331564851461,19.0830920674734,2.42091637276401,322.963928617495,0.229639286174948,0.0158996455780379,102.914964557804,50.7181001919778,0.0156874385562228,26.0906450214828,1218.32638472912,0.0142319461361944,0.05,0.0,27.1569359230152,-0.398578885915009,0.489175818734939,0.0,101.325,50.2032243475426,1.09164609432138,0.14,IDLE,UNIT-misfire-0064,hot_day_ground_ops-M001,SIMULATED
76,949.001088345782,23.7813536491213,2.36337098688384,0.14,17.5786680300692,17.5786680300692,17.5786680300692,17.5786680300692,610.496026991591,610.496026991591,610.496026991591,610.496026991591,0.977331564851461,19.1472851014943,2.42091637276401,322.963928617495,0.229639286174948,0.0158996455780379,102.914964557804,50.7181001919778,0.0156874385562228,26.2042826747871,1218.32638472912,0.0142319461361944,0.05,0.0,27.1569133726376,-0.398579216884301,0.489175818734939,0.0,101.325,50.2032243475426,1.09164609432138,0.14,IDLE,UNIT-misfire-0064,hot_day_ground_ops-M001,SIMULATED
77,949.001088345782,23.7813536491213,2.36337098688384,0.14,17.6215255509739,17.6215255509739,17.6215255509739,17.6215255509739,610.496026991591,610.496026991591,610.496026991591,610.496026991591,0.977331564851461,19.2116414907563,2.42091637276401,322.963928617495,0.229639286174948,0.0158996455780379,102.914964557804,50.7181001919778,0.0156874385562228,26.3172090984148,1218.32638472912,0.0142319461361944,0.05,0.0,27.1568908222599,-0.398579547854143,0.489175818734939,0.0,101.325,50.2032243475426,1.09164609432138,0.14,IDLE,UNIT-misfire-0064,hot_day_ground_ops-M001,SIMULATED
78,949.001088345782,23.7813536491213,2.36337098688384,0.14,17.6645470643212,17.6645470643212,17.6645470643212,17.6645470643212,610.496026991591,610.496026991591,610.496026991591,610.496026991591,0.977331564851461,19.276158335169,2.42091637276401,322.963928617495,0.229639286174948,0.0158996455780379,102.914964557804,50.7181001919778,0.0156874385562228,26.4294304932215,1218.32638472912,0.0142319461361944,0.05,0.0,27.1568682718823,-0.398579878824534,0.489175818734939,0.0,101.325,50.2032243475426,1.09164609432138,0.14,IDLE,UNIT-misfire-0064,hot_day_ground_ops-M001,SIMULATED
79,949.001088345782,23.7813536491213,2.36337098688384,0.14,17.7077305331497,17.7077305331497,17.7077305331497,17.7077305331497,610.496026991591,610.496026991591,610.496026991591,610.496026991591,0.977331564851461,19.3408327648308,2.42091637276401,322.963928617495,0.229639286174948,0.0158996455780379,102.914964557804,50.7181001919778,0.0156874385562228,26.5409530017458,1218.32638472912,0.0142319461361944,0.05,0.0,27.1568457215046,-0.398580209795476,0.489175818734939,0.0,101.325,50.2032243475426,1.09164609432138,0.14,IDLE,UNIT-misfire-0064,hot_day_ground_ops-M001,SIMULATED
80,949.001088345782,23.7813536491213,2.36337098688384,0.14,17.7510739396707,17.7510739396707,17.7510739396707,17.7510739396707,610.496026991591,610.496026991591,610.496026991591,610.496026991591,0.977331564851461,19.4056619397352,2.42091637276401,322.963928617495,0.229639286174948,0.0158996455780379,102.914964557804,50.7181001919778,0.0156874385562228,26.6517827087657,1218.32638472912,0.0142319461361944,0.05,0.0,27.156823171127,-0.398580540766966,0.489175818734939,0.0,101.325,50.2032243475426,1.09164609432138,0.14,IDLE,UNIT-misfire-0064,hot_day_ground_ops-M001,SIMULATED
81,949.001088345782,23.7813536491213,2.36337098688384,0.14,17.7945752850876,17.7945752850876,17.7945752850876,17.7945752850876,610.496026991591,610.496026991591,610.496026991591,610.496026991591,0.977331564851461,19.4706430494801,2.42091637276401,322.963928617495,0.229639286174948,0.0158996455780379,102.914964557804,50.7181001919778,0.0156874385562228,26.7619256418497,1218.32638472912,0.0142319461361944,0.05,0.0,27.1568006207494,-0.398580871739007,0.489175818734939,0.0,101.325,50.2032243475426,1.09164609432138,0.14,IDLE,UNIT-misfire-0064,hot_day_ground_ops-M001,SIMULATED
82,949.001088345782,23.7813536491213,2.36337098688384,0.14,17.8382325894176,17.8382325894176,17.8382325894176,17.8382325894176,610.496026991591,610.496026991591,610.496026991591,610.496026991591,0.977331564851461,19.5357733129799,2.42091637276401,322.963928617495,0.229639286174948,0.0158996455780379,102.914964557804,50.7181001919778,0.0156874385562228,26.871387771902,1218.32638472912,0.0142319461361944,0.05,0.0,27.1567780703717,-0.398581202711597,0.489175818734939,0.0,101.325,50.2032243475426,1.09164609432138,0.14,IDLE,UNIT-misfire-0064,hot_day_ground_ops-M001,SIMULATED
83,949.001088345782,23.7813536491213,2.36337098688384,0.14,17.8820438913144,17.8820438913144,17.8820438913144,17.8820438913144,610.496026991591,610.496026991591,610.496026991591,610.496026991591,0.977331564851461,19.6010499781798,2.42091637276401,322.963928617495,0.229639286174948,0.0158996455780379,102.914964557804,50.7181001919778,0.0156874385562228,26.9801750137031,1218.32638472912,0.0142319461361944,0.05,0.0,27.1567555199941,-0.398581533684737,0.489175818734939,0.0,101.325,50.2032243475426,1.09164609432138,0.14,IDLE,UNIT-misfire-0064,hot_day_ground_ops-M001,SIMULATED
84,949.001088345782,23.7813536491213,2.36337098688384,0.14,17.9260072478935,17.9260072478935,17.9260072478935,17.9260072478935,610.496026991591,610.496026991591,610.496026991591,610.496026991591,0.977331564851461,19.6664703217739,2.42091637276401,322.963928617495,0.229639286174948,0.0158996455780379,102.914964557804,50.7181001919778,0.0156874385562228,27.0882932264446,1218.32638472912,0.0142319461361944,0.05,0.0,27.1567329696165,-0.398581864658426,0.489175818734939,0.0,101.325,50.2032243475426,1.09164609432138,0.14,IDLE,UNIT-misfire-0064,hot_day_ground_ops-M001,SIMULATED
85,949.001088345782,23.7813536491213,2.36337098688384,0.14,17.9701207345582,17.9701207345582,17.9701207345582,17.9701207345582,610.496026991591,610.496026991591,610.496026991591,610.496026991591,0.977331564851461,19.7320316489253,2.42091637276401,322.963928617495,0.229639286174948,0.0158996455780379,102.914964557804,50.7181001919778,0.0156874385562228,27.1957482142596,1218.32638472912,0.0142319461361944,0.05,0.0,27.1567104192388,-0.398582195632665,0.489175818734939,0.0,101.325,50.2032243475426,1.09164609432138,0.14,IDLE,UNIT-misfire-0064,hot_day_ground_ops-M001,SIMULATED
86,949.001088345782,23.7813536491213,2.36337098688384,0.14,18.0143824448279,18.0143824448279,18.0143824448279,18.0143824448279,610.496026991591,610.496026991591,610.496026991591,610.496026991591,0.977331564851461,19.7977312929886,2.42091637276401,322.963928617495,0.229639286174948,0.0158996455780379,102.914964557804,50.7181001919778,0.0156874385562228,27.3025457267477,1218.32638472912,0.0142319461361944,0.05,0.0,27.1566878688612,-0.398582526607454,0.489175818734939,0.0,101.325,50.2032243475426,1.09164609432138,0.14,IDLE,UNIT-misfire-0064,hot_day_ground_ops-M001,SIMULATED
87,949.001088345782,23.7813536491213,2.36337098688384,0.14,18.0587904901677,18.0587904901677,18.0587904901677,18.0587904901677,610.496026991591,610.496026991591,610.496026991591,610.496026991591,0.977331564851461,19.8635666152361,2.42091637276401,322.963928617495,0.229639286174948,0.0158996455780379,102.914964557804,50.7181001919778,0.0156874385562228,27.4086914594947,1218.32638472912,0.0142319461361944,0.05,0.0,27.1566653184836,-0.398582857582792,0.489175818734939,0.0,101.325,50.2032243475426,1.09164609432138,0.14,IDLE,UNIT-misfire-0064,hot_day_ground_ops-M001,SIMULATED
88,949.001088345782,23.7813536491213,2.36337098688384,0.14,18.1033429998198,18.1033429998198,18.1033429998198,18.1033429998198,610.496026991591,610.496026991591,610.496026991591,610.496026991591,0.977331564851461,19.9295350045855,2.42091637276401,322.963928617495,0.229639286174948,0.0158996455780379,102.914964557804,50.7181001919778,0.0156874385562228,27.5141910545878,1218.32638472912,0.0142319461361944,0.05,0.0,27.1566427681059,-0.39858318855868,0.489175818734939,0.0,101.325,50.2032243475426,1.09164609432138,0.14,IDLE,UNIT-misfire-0064,hot_day_ground_ops-M001,SIMULATED
89,949.001088345782,23.7813536491213,2.36337098688384,0.14,18.1480381206364,18.1480381206364,18.1480381206364,18.1480381206364,610.496026991591,610.496026991591,610.496026991591,610.496026991591,0.977331564851461,19.9956338773308,2.42091637276401,322.963928617495,0.229639286174948,0.0158996455780379,102.914964557804,50.7181001919778,0.0156874385562228,27.6190501011255,1218.32638472912,0.0142319461361944,0.05,0.0,27.1566202177283,-0.398583519535118,0.489175818734939,0.0,101.325,50.2032243475426,1.09164609432138,0.14,IDLE,UNIT-misfire-0064,hot_day_ground_ops-M001,SIMULATED
90,949.001088345782,23.7813536491213,2.36337098688384,0.14,18.1928740169145,18.1928740169145,18.1928740169145,18.1928740169145,610.496026991591,610.496026991591,610.496026991591,610.496026991591,0.977331564851461,20.0618606768762,2.42091637276401,322.963928617495,0.229639286174948,0.0158996455780379,102.914964557804,50.7181001919778,0.0156874385562228,27.723274135723,1218.32638472912,0.0142319461361944,0.05,0.0,27.1565976673507,-0.398583850512105,0.489175818734939,0.0,101.325,50.2032243475426,1.09164609432138,0.14,IDLE,UNIT-misfire-0064,hot_day_ground_ops-M001,SIMULATED
91,949.001088345782,23.7813536491213,2.36337098688384,0.14,18.2378488702313,18.2378488702313,18.2378488702313,18.2378488702313,610.496026991591,610.496026991591,610.496026991591,610.496026991591,0.977331564851461,20.1282128734713,2.42091637276401,322.963928617495,0.229639286174948,0.0158996455780379,102.914964557804,50.7181001919778,0.0156874385562228,27.8268686430124,1218.32638472912,0.0142319461361944,0.05,0.0,27.156575116973,-0.398584181489643,0.489175818734939,0.0,101.325,50.2032243475426,1.09164609432138,0.14,IDLE,UNIT-misfire-0064,hot_day_ground_ops-M001,SIMULATED
92,949.001088345782,23.7813536491213,2.36337098688384,0.14,18.2829608792827,18.2829608792827,18.2829608792827,18.2829608792827,610.496026991591,610.496026991591,610.496026991591,610.496026991591,0.977331564851461,20.1946879639501,2.42091637276401,322.963928617495,0.229639286174948,0.0158996455780379,102.914964557804,50.7181001919778,0.0156874385562228,27.9298390561384,1218.32638472912,0.0142319461361944,0.05,0.0,27.1565525665954,-0.398584512467729,0.489175818734939,0.0,101.325,50.2032243475426,1.09164609432138,0.14,IDLE,UNIT-misfire-0064,hot_day_ground_ops-M001,SIMULATED
93,949.001088345782,23.7813536491213,2.36337098688384,0.14,18.328208259722,18.328208259722,18.328208259722,18.328208259722,610.496026991591,610.496026991591,610.496026991591,610.496026991591,0.977331564851461,20.2612834714721,2.42091637276401,322.963928617495,0.229639286174948,0.0158996455780379,102.914964557804,50.7181001919778,0.0156874385562228,28.0321907572491,1218.32638472912,0.0142319461361944,0.05,0.0,27.1565300162177,-0.398584843446366,0.489175818734939,0.0,101.325,50.2032243475426,1.09164609432138,0.14,IDLE,UNIT-misfire-0064,hot_day_ground_ops-M001,SIMULATED
94,949.001088345782,23.7813536491213,2.36337098688384,0.14,18.3735892440007,18.3735892440007,18.3735892440007,18.3735892440007,610.496026991591,610.496026991591,610.496026991591,610.496026991591,0.977331564851461,20.3279969452652,2.42091637276401,322.963928617495,0.229639286174948,0.0158996455780379,102.914964557804,50.7181001919778,0.0156874385562228,28.1339290779821,1218.32638472912,0.0142319461361944,0.05,0.0,27.1565074658401,-0.398585174425552,0.489175818734939,0.0,101.325,50.2032243475426,1.09164609432138,0.14,IDLE,UNIT-misfire-0064,hot_day_ground_ops-M001,SIMULATED
95,949.001088345782,23.7813536491213,2.36337098688384,0.14,18.4191020812107,18.4191020812107,18.4191020812107,18.4191020812107,610.496026991591,610.496026991591,610.496026991591,610.496026991591,0.977331564851461,20.3948259603723,2.42091637276401,322.963928617495,0.229639286174948,0.0158996455780379,102.914964557804,50.7181001919778,0.0156874385562228,28.235059299946,1218.32638472912,0.0142319461361944,0.05,0.0,27.1564849154625,-0.398585505405288,0.489175818734939,0.0,101.325,50.2032243475426,1.09164609432138,0.14,IDLE,UNIT-misfire-0064,hot_day_ground_ops-M001,SIMULATED
96,949.001088345782,23.7813536491213,2.36337098688384,0.14,18.4647450369283,18.4647450369283,18.4647450369283,18.4647450369283,610.496026991591,610.496026991591,610.496026991591,610.496026991591,0.977331564851461,20.4617681173995,2.42091637276401,322.963928617495,0.229639286174948,0.0158996455780379,102.914964557804,50.7181001919778,0.0156874385562228,28.3355866551975,1218.32638472912,0.0142319461361944,0.05,0.0,27.1564623650848,-0.398585836385573,0.489175818734939,0.0,101.325,50.2032243475426,1.09164609432138,0.14,IDLE,UNIT-misfire-0064,hot_day_ground_ops-M001,SIMULATED
97,949.001088345782,23.7813536491213,2.36337098688384,0.14,18.5105163930589,18.5105163930589,18.5105163930589,18.5105163930589,610.496026991591,610.496026991591,610.496026991591,610.496026991591,0.977331564851461,20.5288210422669,2.42091637276401,322.963928617495,0.229639286174948,0.0158996455780379,102.914964557804,50.7181001919778,0.0156874385562228,28.4355163267135,1218.32638472912,0.0142319461361944,0.05,0.0,27.1564398147072,-0.398586167366409,0.489175818734939,0.0,101.325,50.2032243475426,1.09164609432138,0.14,IDLE,UNIT-misfire-0064,hot_day_ground_ops-M001,SIMULATED
98,949.001088345782,23.7813536491213,2.36337098688384,0.14,18.5564144476844,18.5564144476844,18.5564144476844,18.5564144476844,610.496026991591,610.496026991591,610.496026991591,610.496026991591,0.977331564851461,20.5959823859615,2.42091637276401,322.963928617495,0.229639286174948,0.0158996455780379,102.914964557804,50.7181001919778,0.0156874385562228,28.534853448859,1218.32638472912,0.0142319461361944,0.05,0.0,27.1564172643296,-0.398586498347793,0.489175818734939,0.0,101.325,50.2032243475426,1.09164609432138,0.14,IDLE,UNIT-misfire-0064,hot_day_ground_ops-M001,SIMULATED
99,949.001088345782,23.7813536491213,2.36337098688384,0.14,18.6024375149107,18.6024375149107,18.6024375149107,18.6024375149107,610.496026991591,610.496026991591,610.496026991591,610.496026991591,0.977331564851461,20.6632498242935,2.42091637276401,322.963928617495,0.229639286174948,0.0158996455780379,102.914964557804,50.7181001919778,0.0156874385562228,28.6336031078504,1218.32638472912,0.0142319461361944,0.05,0.0,27.1563947139519,-0.398586829329728,0.489175818734939,0.0,101.325,50.2032243475426,1.09164609432138,0.14,IDLE,UNIT-misfire-0064,hot_day_ground_ops-M001,SIMULATED
100,949.001088345782,23.7813536491213,2.36337098688384,0.14,18.6485839247176,18.6485839247176,18.6485839247176,18.6485839247176,610.496026991591,610.496026991591,610.496026991591,610.496026991591,0.977331564851461,20.7306210576534,2.42091637276401,322.963928617495,0.229639286174948,0.0158996455780379,102.914964557804,50.7181001919778,0.0156874385562228,28.7317703422146,1218.32638472912,0.0142319461361944,0.05,0.0,27.1563721635743,-0.398587160312212,0.489175818734939,0.0,101.325,50.2032243475426,1.09164609432138,0.14,IDLE,UNIT-misfire-0064,hot_day_ground_ops-M001,SIMULATED
101,949.001088345782,23.7813536491213,2.36337098688384,0.14,18.6948520228099,18.6948520228099,18.6948520228099,18.6948520228099,610.496026991591,610.496026991591,610.496026991591,610.496026991591,0.977331564851461,20.798093810773,2.42091637276401,322.963928617495,0.229639286174948,0.0158996455780379,102.914964557804,50.7181001919778,0.0156874385562228,28.8293601432435,1218.32638472912,0.0142319461361944,0.05,0.0,27.1563496131967,-0.398587491295246,0.489175818734939,0.0,101.325,50.2032243475426,1.09164609432138,0.14,IDLE,UNIT-misfire-0064,hot_day_ground_ops-M001,SIMULATED
102,949.001088345782,23.7813536491213,2.36337098688384,0.14,18.7412401704694,18.7412401704694,18.7412401704694,18.7412401704694,610.496026991591,610.496026991591,610.496026991591,610.496026991591,0.977331564851461,20.8656658324875,2.42091637276401,322.963928617495,0.229639286174948,0.0158996455780379,102.914964557804,50.7181001919778,0.0156874385562228,28.926377455444,1218.32638472912,0.0142319461361944,0.05,0.0,27.156327062819,-0.39858782227883,0.489175818734939,0.0,101.325,50.2032243475426,1.09164609432138,0.14,IDLE,UNIT-misfire-0064,hot_day_ground_ops-M001,SIMULATED
103,949.001088345782,23.7813536491213,2.36337098688384,0.14,18.7877467444092,18.7877467444092,18.7877467444092,18.7877467444092,610.496026991591,610.496026991591,610.496026991591,610.496026991591,0.977331564851461,20.9333348955004,2.42091637276401,322.963928617495,0.229639286174948,0.0158996455780379,102.914964557804,50.7181001919778,0.0156874385562228,29.0228271769839,1218.32638472912,0.0142319461361944,0.05,0.0,27.1563045124414,-0.398588153262963,0.489175818734939,0.0,101.325,50.2032243475426,1.09164609432138,0.14,IDLE,UNIT-misfire-0064,hot_day_ground_ops-M001,SIMULATED
104,949.001088345782,23.7813536491213,2.36337098688384,0.14,18.8343701366289,18.8343701366289,18.8343701366289,18.8343701366289,610.496026991591,610.496026991591,610.496026991591,610.496026991591,0.977331564851461,21.0010987961508,2.42091637276401,322.963928617495,0.229639286174948,0.0158996455780379,102.914964557804,50.7181001919778,0.0156874385562228,29.1187141601338,1218.32638472912,0.0142319461361944,0.05,0.0,27.1562819620638,-0.398588484247646,0.489175818734939,0.0,101.325,50.2032243475426,1.09164609432138,0.14,IDLE,UNIT-misfire-0064,hot_day_ground_ops-M001,SIMULATED
105,949.001088345782,23.7813536491213,2.36337098688384,0.14,18.8811087542707,18.8811087542707,18.8811087542707,18.8811087542707,610.496026991591,610.496026991591,610.496026991591,610.496026991591,0.977331564851461,21.0689553541826,2.42091637276401,322.963928617495,0.229639286174948,0.0158996455780379,102.914964557804,50.7181001919778,0.0156874385562228,29.2140432117043,1218.32638472912,0.0142319461361944,0.05,0.0,27.1562594116861,-0.398588815232879,0.489175818734939,0.0,101.325,50.2032243475426,1.09164609432138,0.14,IDLE,UNIT-misfire-0064,hot_day_ground_ops-M001,SIMULATED
106,949.001088345782,23.7813536491213,2.36337098688384,0.14,18.9279610194779,18.9279610194779,18.9279610194779,18.9279610194779,610.496026991591,610.496026991591,610.496026991591,610.496026991591,0.977331564851461,21.136902412516,2.42091637276401,322.963928617495,0.229639286174948,0.0158996455780379,102.914964557804,50.7181001919778,0.0156874385562228,29.3088190934793,1218.32638472912,0.0142319461361944,0.05,0.0,27.1562368613085,-0.398589146218661,0.489175818734939,0.0,101.325,50.2032243475426,1.09164609432138,0.14,IDLE,UNIT-misfire-0064,hot_day_ground_ops-M001,SIMULATED
107,949.001088345782,23.7813536491213,2.36337098688384,0.14,18.9749253692539,18.9749253692539,18.9749253692539,18.9749253692539,610.496026991591,610.496026991591,610.496026991591,610.496026991591,0.977331564851461,21.2049378370213,2.42091637276401,322.963928617495,0.229639286174948,0.0158996455780379,102.914964557804,50.7181001919778,0.0156874385562228,29.403046522645,1218.32638472912,0.0142319461361944,0.05,0.0,27.1562143109308,-0.398589477204993,0.489175818734939,0.0,101.325,50.2032243475426,1.09164609432138,0.14,IDLE,UNIT-misfire-0064,hot_day_ground_ops-M001,SIMULATED
108,949.001088345782,23.7813536491213,2.36337098688384,0.14,19.022000255323,19.022000255323,19.022000255323,19.022000255323,610.496026991591,610.496026991591,610.496026991591,610.496026991591,0.977331564851461,21.273059516295,2.42091637276401,322.963928617495,0.229639286174948,0.0158996455780379,102.914964557804,50.7181001919778,0.0156874385562228,29.4967301722148,1218.32638472912,0.0142319461361944,0.05,0.0,27.1561917605532,-0.398589808191875,0.489175818734939,0.0,101.325,50.2032243475426,1.09164609432138,0.14,IDLE,UNIT-misfire-0064,hot_day_ground_ops-M001,SIMULATED
109,949.001088345782,23.7813536491213,2.36337098688384,0.14,19.0691841439922,19.0691841439922,19.0691841439922,19.0691841439922,610.496026991591,610.496026991591,610.496026991591,610.496026991591,0.977331564851461,21.3412653614376,2.42091637276401,322.963928617495,0.229639286174948,0.0158996455780379,102.914964557804,50.7181001919778,0.0156874385562228,29.5898746714505,1218.32638472912,0.0142319461361944,0.05,0.0,27.1561692101756,-0.398590139179307,0.489175818734939,0.0,101.325,50.2032243475426,1.09164609432138,0.14,IDLE,UNIT-misfire-0064,hot_day_ground_ops-M001,SIMULATED
110,949.001088345782,23.7813536491213,2.36337098688384,0.14,19.1164755160147,19.1164755160147,19.1164755160147,19.1164755160147,610.496026991591,610.496026991591,610.496026991591,610.496026991591,0.977331564851461,21.4095533058339,2.42091637276401,322.963928617495,0.229639286174948,0.0158996455780379,102.914964557804,50.7181001919778,0.0156874385562228,29.6824846062789,1218.32638472912,0.0142319461361944,0.05,0.0,27.1561466597979,-0.398590470167288,0.489175818734939,0.0,101.325,50.2032243475426,1.09164609432138,0.14,IDLE,UNIT-misfire-0064,hot_day_ground_ops-M001,SIMULATED
111,949.001088345782,23.7813536491213,2.36337098688384,0.14,19.1638728664542,19.1638728664542,19.1638728664542,19.1638728664542,610.496026991591,610.496026991591,610.496026991591,610.496026991591,0.977331564851461,21.4779213049354,2.42091637276401,322.963928617495,0.229639286174948,0.0158996455780379,102.914964557804,50.7181001919778,0.0156874385562228,29.7745645197051,1218.32638472912,0.0142319461361944,0.05,0.0,27.1561241094203,-0.398590801155819,0.489175818734939,0.0,101.325,50.2032243475426,1.09164609432138,0.14,IDLE,UNIT-misfire-0064,hot_day_ground_ops-M001,SIMULATED
112,949.001088345782,23.7813536491213,2.36337098688384,0.14,19.2113747045509,19.2113747045509,19.2113747045509,19.2113747045509,610.496026991591,610.496026991591,610.496026991591,610.496026991591,0.977331564851461,21.5463673360447,2.42091637276401,322.963928617495,0.229639286174948,0.0158996455780379,102.914964557804,50.7181001919778,0.0156874385562228,29.8661189122207,1218.32638472912,0.0142319461361944,0.05,0.0,27.1561015590427,-0.398591132144899,0.489175818734939,0.0,101.325,50.2032243475426,1.09164609432138,0.14,IDLE,UNIT-misfire-0064,hot_day_ground_ops-M001,SIMULATED
113,949.001088345782,23.7813536491213,2.36337098688384,0.14,19.2589795535885,19.2589795535885,19.2589795535885,19.2589795535885,610.496026991591,610.496026991591,610.496026991591,610.496026991591,0.977331564851461,21.614889398102,2.42091637276401,322.963928617495,0.229639286174948,0.0158996455780379,102.914964557804,50.7181001919778,0.0156874385562228,29.9571522422098,1218.32638472912,0.0142319461361944,0.05,0.0,27.156079008665,-0.39859146313453,0.489175818734939,0.0,101.325,50.2032243475426,1.09164609432138,0.14,IDLE,UNIT-misfire-0064,hot_day_ground_ops-M001,SIMULATED
114,949.001088345782,23.7813536491213,2.36337098688384,0.14,19.3066859507631,19.3066859507631,19.3066859507631,19.3066859507631,610.496026991591,610.496026991591,610.496026991591,610.496026991591,0.977331564851461,21.6834855114734,2.42091637276401,322.963928617495,0.229639286174948,0.0158996455780379,102.914964557804,50.7181001919778,0.0156874385562228,30.0476689263496,1218.32638472912,0.0142319461361944,0.05,0.0,27.1560564582874,-0.39859179412471,0.489175818734939,0.0,101.325,50.2032243475426,1.09164609432138,0.14,IDLE,UNIT-misfire-0064,hot_day_ground_ops-M001,SIMULATED
115,949.001088345782,23.7813536491213,2.36337098688384,0.14,19.3544924470519,19.3544924470519,19.3544924470519,19.3544924470519,610.496026991591,610.496026991591,610.496026991591,610.496026991591,0.977331564851461,21.7521537177418,2.42091637276401,322.963928617495,0.229639286174948,0.0158996455780379,102.914964557804,50.7181001919778,0.0156874385562228,30.1376733400077,1218.32638472912,0.0142319461361944,0.05,0.0,27.1560339079098,-0.39859212511544,0.489175818734939,0.0,101.325,50.2032243475426,1.09164609432138,0.14,IDLE,UNIT-misfire-0064,hot_day_ground_ops-M001,SIMULATED
116,949.001088345782,23.7813536491213,2.36337098688384,0.14,19.402397607085,19.402397607085,19.402397607085,19.402397607085,610.496026991591,610.496026991591,610.496026991591,610.496026991591,0.977331564851461,21.8208920794994,2.42091637276401,322.963928617495,0.229639286174948,0.0158996455780379,102.914964557804,50.7181001919778,0.0156874385562228,30.227169817636,1218.32638472912,0.0142319461361944,0.05,0.0,27.1560113575321,-0.398592456106719,0.489175818734939,0.0,101.325,50.2032243475426,1.09164609432138,0.14,IDLE,UNIT-misfire-0064,hot_day_ground_ops-M001,SIMULATED
117,949.001088345782,23.7813536491213,2.36337098688384,0.14,19.4504000090168,19.4504000090168,19.4504000090168,19.4504000090168,610.496026991591,610.496026991591,610.496026991591,610.496026991591,0.977331564851461,21.889698680142,2.42091637276401,322.963928617495,0.229639286174948,0.0158996455780379,102.914964557804,50.7181001919778,0.0156874385562228,30.3161626531603,1218.32638472912,0.0142319461361944,0.05,0.0,27.1559888071545,-0.398592787098548,0.489175818734939,0.0,101.325,50.2032243475426,1.09164609432138,0.14,IDLE,UNIT-misfire-0064,hot_day_ground_ops-M001,SIMULATED
118,949.001088345782,23.7813536491213,2.36337098688384,0.14,19.4984982444,19.4984982444,19.4984982444,19.4984982444,610.496026991591,610.496026991591,610.496026991591,610.496026991591,0.977331564851461,21.958571623666,2.42091637276401,322.963928617495,0.229639286174948,0.0158996455780379,102.914964557804,50.7181001919778,0.0156874385562228,30.4046561003662,1218.32638472912,0.0142319461361944,0.05,0.0,27.1559662567768,-0.398593118090927,0.489175818734939,0.0,101.325,50.2032243475426,1.09164609432138,0.14,IDLE,UNIT-misfire-0064,hot_day_ground_ops-M001,SIMULATED
119,949.001088345782,23.7813536491213,2.36337098688384,0.14,19.5466909180592,19.5466909180592,19.5466909180592,19.5466909180592,610.496026991591,610.496026991591,610.496026991591,610.496026991591,0.977331564851461,22.0275090344666,2.42091637276401,322.963928617495,0.229639286174948,0.0158996455780379,102.914964557804,50.7181001919778,0.0156874385562228,30.4926543732818,1218.32638472912,0.0142319461361944,0.05,0.0,27.1559437063992,-0.398593449083856,0.489175818734939,0.0,101.325,50.2032243475426,1.09164609432138,0.14,IDLE,UNIT-misfire-0064,hot_day_ground_ops-M001,SIMULATED
120,949.001088345782,23.7813536491213,2.36337098688384,0.14,19.5949766479677,19.5949766479677,19.5949766479677,19.5949766479677,610.496026991591,610.496026991591,610.496026991591,610.496026991591,0.977331564851461,22.0965090571382,2.42091637276401,322.963928617495,0.229639286174948,0.0158996455780379,102.914964557804,50.7181001919778,0.0156874385562228,30.5801616465561,1218.32638472912,0.0142319461361944,0.05,0.0,27.1559211560216,-0.398593780077334,0.489175818734939,0.0,101.325,50.2032243475426,1.09164609432138,0.14,IDLE,UNIT-misfire-0064,hot_day_ground_ops-M001,SIMULATED
121,949.001088345782,23.7813536491213,2.36337098688384,0.14,19.6433540651234,19.6433540651234,19.6433540651234,19.6433540651234,610.496026991591,610.496026991591,610.496026991591,610.496026991591,0.977331564851461,22.1655698562771,2.42091637276401,322.963928617495,0.229639286174948,0.0158996455780379,102.914964557804,50.7181001919778,0.0156874385562228,30.6671820558343,1218.32638472912,0.0142319461361944,0.05,0.0,27.1558986056439,-0.398594111071362,0.489175818734939,0.0,101.325,50.2032243475426,1.09164609432138,0.14,IDLE,UNIT-misfire-0064,hot_day_ground_ops-M001,SIMULATED
122,949.001088345782,23.7813536491213,2.36337098688384,0.14,19.6918218134274,19.6918218134274,19.6918218134274,19.6918218134274,610.496026991591,610.496026991591,610.496026991591,610.496026991591,0.977331564851461,22.2346896162855,2.42091637276401,322.963928617495,0.229639286174948,0.0158996455780379,102.914964557804,50.7181001919778,0.0156874385562228,30.7537196981293,1218.32638472912,0.0142319461361944,0.05,0.0,27.1558760552663,-0.39859444206594,0.489175818734939,0.0,101.325,50.2032243475426,1.09164609432138,0.14,IDLE,UNIT-misfire-0064,hot_day_ground_ops-M001,SIMULATED
123,949.001088345782,23.7813536491213,2.36337098688384,0.14,19.7403785495632,19.7403785495632,19.7403785495632,19.7403785495632,610.496026991591,610.496026991591,610.496026991591,610.496026991591,0.977331564851461,22.3038665411774,2.42091637276401,322.963928617495,0.229639286174948,0.0158996455780379,102.914964557804,50.7181001919778,0.0156874385562228,30.8397786321895,1218.32638472912,0.0142319461361944,0.05,0.0,27.1558535048887,-0.398594773061067,0.489175818734939,0.0,101.325,50.2032243475426,1.09164609432138,0.14,IDLE,UNIT-misfire-0064,hot_day_ground_ops-M001,SIMULATED
124,949.001088345782,23.7813536491213,2.36337098688384,0.14,19.7890229428766,19.7890229428766,19.7890229428766,19.7890229428766,610.496026991591,610.496026991591,610.496026991591,610.496026991591,0.977331564851461,22.3730988543872,2.42091637276401,322.963928617495,0.229639286174948,0.0158996455780379,102.914964557804,50.7181001919778,0.0156874385562228,30.9253628788634,1218.32638472912,0.0142319461361944,0.05,0.0,27.155830954511,-0.398595104056744,0.489175818734939,0.0,101.325,50.2032243475426,1.09164609432138,0.14,IDLE,UNIT-misfire-0064,hot_day_ground_ops-M001,SIMULATED
125,949.001088345782,23.7813536491213,2.36337098688384,0.14,19.8377536752577,19.8377536752577,19.8377536752577,19.8377536752577,610.496026991591,610.496026991591,610.496026991591,610.496026991591,0.977331564851461,22.4423847985793,2.42091637276401,322.963928617495,0.229639286174948,0.0158996455780379,102.914964557804,50.7181001919778,0.0156874385562228,31.0104764214603,1218.32638472912,0.0142319461361944,0.05,0.0,27.1558084041334,-0.398595435052971,0.489175818734939,0.0,101.325,50.2032243475426,1.09164609432138,0.14,IDLE,UNIT-misfire-0064,hot_day_ground_ops-M001,SIMULATED
126,949.001088345782,23.7813536491213,2.36337098688384,0.14,19.8865694410235,19.8865694410235,19.8865694410235,19.8865694410235,610.496026991591,610.496026991591,610.496026991591,610.496026991591,0.977331564851461,22.5117226354594,2.42091637276401,322.963928617495,0.229639286174948,0.0158996455780379,102.914964557804,50.7181001919778,0.0156874385562228,31.0951232061084,1218.32638472912,0.0142319461361944,0.05,0.0,27.1557858537558,-0.398595766049748,0.489175818734939,0.0,101.325,50.2032243475426,1.09164609432138,0.14,IDLE,UNIT-misfire-0064,hot_day_ground_ops-M001,SIMULATED
127,949.001088345782,23.7813536491213,2.36337098688384,0.14,19.9354689468012,19.9354689468012,19.9354689468012,19.9354689468012,610.496026991591,610.496026991591,610.496026991591,610.496026991591,0.977331564851461,22.5811106455887,2.42091637276401,322.963928617495,0.229639286174948,0.0158996455780379,102.914964557804,50.7181001919778,0.0156874385562228,31.1793071421081,1218.32638472912,0.0142319461361944,0.05,0.0,27.1557633033781,-0.398596097047074,0.489175818734939,0.0,101.325,50.2032243475426,1.09164609432138,0.14,IDLE,UNIT-misfire-0064,hot_day_ground_ops-M001,SIMULATED
128,949.001088345782,23.7813536491213,2.36337098688384,0.14,19.9844509114132,19.9844509114132,19.9844509114132,19.9844509114132,610.496026991591,610.496026991591,610.496026991591,610.496026991591,0.977331564851461,22.6505471281984,2.42091637276401,322.963928617495,0.229639286174948,0.0158996455780379,102.914964557804,50.7181001919778,0.0156874385562228,31.2630321022833,1218.32638472912,0.0142319461361944,0.05,0.0,27.1557407530005,-0.39859642804495,0.489175818734939,0.0,101.325,50.2032243475426,1.09164609432138,0.14,IDLE,UNIT-misfire-0064,hot_day_ground_ops-M001,SIMULATED
129,949.001088345782,23.7813536491213,2.36337098688384,0.14,20.0335140657634,20.0335140657634,20.0335140657634,20.0335140657634,610.496026991591,610.496026991591,610.496026991591,610.496026991591,0.977331564851461,22.7200304010076,2.42091637276401,322.963928617495,0.229639286174948,0.0158996455780379,102.914964557804,50.7181001919778,0.0156874385562228,31.3463019233284,1218.32638472912,0.0142319461361944,0.05,0.0,27.1557182026229,-0.398596759043376,0.489175818734939,0.0,101.325,50.2032243475426,1.09164609432138,0.14,IDLE,UNIT-misfire-0064,hot_day_ground_ops-M001,SIMULATED
130,949.001088345782,23.7813536491213,2.36337098688384,0.14,20.0826571527236,20.0826571527236,20.0826571527236,20.0826571527236,610.496026991591,610.496026991591,610.496026991591,610.496026991591,0.977331564851461,22.7895588000414,2.42091637276401,322.963928617495,0.229639286174948,0.0158996455780379,102.914964557804,50.7181001919778,0.0156874385562228,31.4291204061527,1218.32638472912,0.0142319461361944,0.05,0.0,27.1556956522452,-0.398597090042352,0.489175818734939,0.0,101.325,50.2032243475426,1.09164609432138,0.14,IDLE,UNIT-misfire-0064,hot_day_ground_ops-M001,SIMULATED
131,949.001088345782,23.7813536491213,2.36337098688384,0.14,20.131878927022,20.131878927022,20.131878927022,20.131878927022,610.496026991591,610.496026991591,610.496026991591,610.496026991591,0.977331564851461,22.8591306794518,2.42091637276401,322.963928617495,0.229639286174948,0.0158996455780379,102.914964557804,50.7181001919778,0.0156874385562228,31.5114913162206,1218.32638472912,0.0142319461361944,0.05,0.0,27.1556731018676,-0.398597421041877,0.489175818734939,0.0,101.325,50.2032243475426,1.09164609432138,0.14,IDLE,UNIT-misfire-0064,hot_day_ground_ops-M001,SIMULATED
132,949.001088345782,23.7813536491213,2.36337098688384,0.14,20.1811781551321,20.1811781551321,20.1811781551321,20.1811781551321,610.496026991591,610.496026991591,610.496026991591,610.496026991591,0.977331564851461,22.92874441134,2.42091637276401,322.963928617495,0.229639286174948,0.0158996455780379,102.914964557804,50.7181001919778,0.0156874385562228,31.5934183838898,1218.32638472912,0.0142319461361944,0.05,0.0,27.1556505514899,-0.398597752041952,0.489175818734939,0.0,101.325,50.2032243475426,1.09164609432138,0.14,IDLE,UNIT-misfire-0064,hot_day_ground_ops-M001,SIMULATED
133,949.001088345782,23.7813536491213,2.36337098688384,0.14,20.2305536151631,20.2305536151631,20.2305536151631,20.2305536151631,610.496026991591,610.496026991591,610.496026991591,610.496026991591,0.977331564851461,22.9983983855803,2.42091637276401,322.963928617495,0.229639286174948,0.0158996455780379,102.914964557804,50.7181001919778,0.0156874385562228,31.6749053047448,1218.32638472912,0.0142319461361944,0.05,0.0,27.1556280011123,-0.398598083042577,0.489175818734939,0.0,101.325,50.2032243475426,1.09164609432138,0.14,IDLE,UNIT-misfire-0064,hot_day_ground_ops-M001,SIMULATED
134,949.001088345782,23.7813536491213,2.36337098688384,0.14,20.2800040967509,20.2800040967509,20.2800040967509,20.2800040967509,610.496026991591,610.496026991591,610.496026991591,610.496026991591,0.977331564851461,23.0680910096458,2.42091637276401,322.963928617495,0.229639286174948,0.0158996455780379,102.914964557804,50.7181001919778,0.0156874385562228,31.7559557399286,1218.32638472912,0.0142319461361944,0.05,0.0,27.1556054507347,-0.398598414043751,0.489175818734939,0.0,101.325,50.2032243475426,1.09164609432138,0.14,IDLE,UNIT-misfire-0064,hot_day_ground_ops-M001,SIMULATED
135,949.001088345782,23.7813536491213,2.36337098688384,0.14,20.3295284009505,20.3295284009505,20.3295284009505,20.3295284009505,610.496026991591,610.496026991591,610.496026991591,610.496026991591,0.977331564851461,23.1378207084359,2.42091637276401,322.963928617495,0.229639286174948,0.0158996455780379,102.914964557804,50.7181001919778,0.0156874385562228,31.8365733164702,1218.32638472912,0.0142319461361944,0.05,0.0,27.155582900357,-0.398598745045475,0.489175818734939,0.0,101.325,50.2032243475426,1.09164609432138,0.14,IDLE,UNIT-misfire-0064,hot_day_ground_ops-M001,SIMULATED
136,949.001088345782,23.7813536491213,2.36337098688384,0.14,20.3791253401292,20.3791253401292,20.3791253401292,20.3791253401292,610.496026991591,610.496026991591,610.496026991591,610.496026991591,0.977331564851461,23.2075859241052,2.42091637276401,322.963928617495,0.229639286174948,0.0158996455780379,102.914964557804,50.7181001919778,0.0156874385562228,31.9167616276095,1218.32638472912,0.0142319461361944,0.05,0.0,27.1555603499794,-0.398599076047749,0.489175818734939,0.0,101.325,50.2032243475426,1.09164609432138,0.14,IDLE,UNIT-misfire-0064,hot_day_ground_ops-M001,SIMULATED
137,949.001088345782,23.7813536491213,2.36337098688384,0.14,20.4287937378609,20.4287937378609,20.4287937378609,20.4287937378609,610.496026991591,610.496026991591,610.496026991591,610.496026991591,0.977331564851461,23.277385115894,2.42091637276401,322.963928617495,0.229639286174948,0.0158996455780379,102.914964557804,50.7181001919778,0.0156874385562228,31.996524233119,1218.32638472912,0.0142319461361944,0.05,0.0,27.1555377996018,-0.398599407050573,0.489175818734939,0.0,101.325,50.2032243475426,1.09164609432138,0.14,IDLE,UNIT-misfire-0064,hot_day_ground_ops-M001,SIMULATED
138,949.001088345782,23.7813536491213,2.36337098688384,0.14,20.4785324288213,20.4785324288213,20.4785324288213,20.4785324288213,610.496026991591,610.496026991591,610.496026991591,610.496026991591,0.977331564851461,23.347216759961,2.42091637276401,322.963928617495,0.229639286174948,0.0158996455780379,102.914964557804,50.7181001919778,0.0156874385562228,32.0758646596225,1218.32638472912,0.0142319461361944,0.05,0.0,27.1555152492241,-0.398599738053946,0.489175818734939,0.0,101.325,50.2032243475426,1.09164609432138,0.14,IDLE,UNIT-misfire-0064,hot_day_ground_ops-M001,SIMULATED
139,949.001088345782,23.7813536491213,2.36337098688384,0.14,20.5283402586846,20.5283402586846,20.5283402586846,20.5283402586846,610.496026991591,610.496026991591,610.496026991591,610.496026991591,0.977331564851461,23.4170793492171,2.42091637276401,322.963928617495,0.229639286174948,0.0158996455780379,102.914964557804,50.7181001919778,0.0156874385562228,32.1547864009104,1218.32638472912,0.0142319461361944,0.05,0.0,27.1554926988465,-0.398600069057869,0.489175818734939,0.0,101.325,50.2032243475426,1.09164609432138,0.14,IDLE,UNIT-misfire-0064,hot_day_ground_ops-M001,SIMULATED
140,949.001088345782,23.7813536491213,2.36337098688384,0.14,20.5782160840202,20.5782160840202,20.5782160840202,20.5782160840202,610.496026991591,610.496026991591,610.496026991591,610.496026991591,0.977331564851461,23.4869713931604,2.42091637276401,322.963928617495,0.229639286174948,0.0158996455780379,102.914964557804,50.7181001919778,0.0156874385562228,32.2332929182521,1218.32638472912,0.0142319461361944,0.05,0.0,27.1554701484689,-0.398600400062342,0.489175818734939,0.0,101.325,50.2032243475426,1.09164609432138,0.14,IDLE,UNIT-misfire-0064,hot_day_ground_ops-M001,SIMULATED
141,949.001088345782,23.7813536491213,2.36337098688384,0.14,20.6281587721911,20.6281587721911,20.6281587721911,20.6281587721911,610.496026991591,610.496026991591,610.496026991591,610.496026991591,0.977331564851461,23.5568914177143,2.42091637276401,322.963928617495,0.229639286174948,0.0158996455780379,102.914964557804,50.7181001919778,0.0156874385562228,32.3113876407063,1218.32638472912,0.0142319461361944,0.05,0.0,27.1554475980912,-0.398600731067365,0.489175818734939,0.0,101.325,50.2032243475426,1.09164609432138,0.14,IDLE,UNIT-misfire-0064,hot_day_ground_ops-M001,SIMULATED
142,949.001088345782,23.7813536491213,2.36337098688384,0.14,20.6781672012535,20.6781672012535,20.6781672012535,20.6781672012535,610.496026991591,610.496026991591,610.496026991591,610.496026991591,0.977331564851461,23.626837965065,2.42091637276401,322.963928617495,0.229639286174948,0.0158996455780379,102.914964557804,50.7181001919778,0.0156874385562228,32.3890739654266,1218.32638472912,0.0142319461361944,0.05,0.0,27.1554250477136,-0.398601062072937,0.489175818734939,0.0,101.325,50.2032243475426,1.09164609432138,0.14,IDLE,UNIT-misfire-0064,hot_day_ground_ops-M001,SIMULATED
143,949.001088345782,23.7813536491213,2.36337098688384,0.14,20.7282402598563,20.7282402598563,20.7282402598563,20.7282402598563,610.496026991591,610.496026991591,610.496026991591,610.496026991591,0.977331564851461,23.6968095935027,2.42091637276401,322.963928617495,0.229639286174948,0.0158996455780379,102.914964557804,50.7181001919778,0.0156874385562228,32.4663552579658,1218.32638472912,0.0142319461361944,0.05,0.0,27.1554024973359,-0.39860139307906,0.489175818734939,0.0,101.325,50.2032243475426,1.09164609432138,0.14,IDLE,UNIT-misfire-0064,hot_day_ground_ops-M001,SIMULATED
144,949.001088345782,23.7813536491213,2.36337098688384,0.14,20.7783768471428,20.7783768471428,20.7783768471428,20.7783768471428,610.496026991591,610.496026991591,610.496026991591,610.496026991591,0.977331564851461,23.7668048772628,2.42091637276401,322.963928617495,0.229639286174948,0.0158996455780379,102.914964557804,50.7181001919778,0.0156874385562228,32.5432348525765,1218.32638472912,0.0142319461361944,0.05,0.0,27.1553799469583,-0.398601724085731,0.489175818734939,0.0,101.325,50.2032243475426,1.09164609432138,0.14,IDLE,UNIT-misfire-0064,hot_day_ground_ops-M001,SIMULATED
145,949.001088345782,23.7813536491213,2.36337098688384,0.14,20.8285758726524,20.8285758726524,20.8285758726524,20.8285758726524,610.496026991591,610.496026991591,610.496026991591,610.496026991591,0.977331564851461,23.8368224063693,2.42091637276401,322.963928617495,0.229639286174948,0.0158996455780379,102.914964557804,50.7181001919778,0.0156874385562228,32.6197160525088,1218.32638472912,0.0142319461361944,0.05,0.0,27.1553573965807,-0.398602055092953,0.489175818734939,0.0,101.325,50.2032243475426,1.09164609432138,0.14,IDLE,UNIT-misfire-0064,hot_day_ground_ops-M001,SIMULATED
146,949.001088345782,23.7813536491213,2.36337098688384,0.14,20.8788362562235,20.8788362562235,20.8788362562235,20.8788362562235,610.496026991591,610.496026991591,610.496026991591,610.496026991591,0.977331564851461,23.9068607864796,2.42091637276401,322.963928617495,0.229639286174948,0.0158996455780379,102.914964557804,50.7181001919778,0.0156874385562228,32.6958021303058,1218.32638472912,0.0142319461361944,0.05,0.0,27.155334846203,-0.398602386100725,0.489175818734939,0.0,101.325,50.2032243475426,1.09164609432138,0.14,IDLE,UNIT-misfire-0064,hot_day_ground_ops-M001,SIMULATED
147,949.001088345782,23.7813536491213,2.36337098688384,0.14,20.9291569278977,20.9291569278977,20.9291569278977,20.9291569278977,610.496026991591,610.496026991591,610.496026991591,610.496026991591,0.977331564851461,23.9769186387307,2.42091637276401,322.963928617495,0.229639286174948,0.0158996455780379,102.914964557804,50.7181001919778,0.0156874385562228,32.7714963280951,1218.32638472912,0.0142319461361944,0.05,0.0,27.1553122958254,-0.398602717109046,0.489175818734939,0.0,101.325,50.2032243475426,1.09164609432138,0.14,IDLE,UNIT-misfire-0064,hot_day_ground_ops-M001,SIMULATED
148,949.001088345782,23.7813536491213,2.36337098688384,0.14,20.9795368278243,20.9795368278243,20.9795368278243,20.9795368278243,610.496026991591,610.496026991591,610.496026991591,610.496026991591,0.977331564851461,24.0469945995873,2.42091637276401,322.963928617495,0.229639286174948,0.0158996455780379,102.914964557804,50.7181001919778,0.0156874385562228,32.8468018578789,1218.32638472912,0.0142319461361944,0.05,0.0,27.1552897454478,-0.398603048117917,0.489175818734939,0.0,101.325,50.2032243475426,1.09164609432138,0.14,IDLE,UNIT-misfire-0064,hot_day_ground_ops-M001,SIMULATED
149,949.001088345782,23.7813536491213,2.36337098688384,0.14,21.0299749061664,21.0299749061664,21.0299749061664,21.0299749061664,610.496026991591,610.496026991591,610.496026991591,610.496026991591,0.977331564851461,24.1170873206903,2.42091637276401,322.963928617495,0.229639286174948,0.0158996455780379,102.914964557804,50.7181001919778,0.0156874385562228,32.9217219018201,1218.32638472912,0.0142319461361944,0.05,0.0,27.1552671950701,-0.398603379127337,0.489175818734939,0.0,101.325,50.2032243475426,1.09164609432138,0.14,IDLE,UNIT-misfire-0064,hot_day_ground_ops-M001,SIMULATED
150,949.001088345782,23.7813536491213,2.36337098688384,0.14,21.0804701230068,21.0804701230068,21.0804701230068,21.0804701230068,610.496026991591,610.496026991591,610.496026991591,610.496026991591,0.977331564851461,24.1871954687084,2.42091637276401,322.963928617495,0.229639286174948,0.0158996455780379,102.914964557804,50.7181001919778,0.0156874385562228,32.9962596125268,1218.32638472912,0.0142319461361944,0.05,0.0,27.1552446446925,-0.398603710137308,0.489175818734939,0.0,101.325,50.2032243475426,1.09164609432138,0.14,IDLE,UNIT-misfire-0064,hot_day_ground_ops-M001,SIMULATED
151,949.001088345782,23.7813536491213,2.36337098688384,0.14,21.1310214482563,21.1310214482563,21.1310214482563,21.1310214482563,610.496026991591,610.496026991591,610.496026991591,610.496026991591,0.977331564851461,24.2573177251894,2.42091637276401,322.963928617495,0.229639286174948,0.0158996455780379,102.914964557804,50.7181001919778,0.0156874385562228,33.070418113333,1218.32638472912,0.0142319461361944,0.05,0.0,27.1552220943149,-0.398604041147828,0.489175818734939,0.0,101.325,50.2032243475426,1.09164609432138,0.14,IDLE,UNIT-misfire-0064,hot_day_ground_ops-M001,SIMULATED
152,949.001088345782,23.7813536491213,2.36337098688384,0.14,21.1816278615612,21.1816278615612,21.1816278615612,21.1816278615612,610.496026991591,610.496026991591,610.496026991591,610.496026991591,0.977331564851461,24.3274527864141,2.42091637276401,322.963928617495,0.229639286174948,0.0158996455780379,102.914964557804,50.7181001919778,0.0156874385562228,33.1442004985771,1218.32638472912,0.0142319461361944,0.05,0.0,27.1551995439372,-0.398604372158898,0.489175818734939,0.0,101.325,50.2032243475426,1.09164609432138,0.14,IDLE,UNIT-misfire-0064,hot_day_ground_ops-M001,SIMULATED
153,949.001088345782,23.7813536491213,2.36337098688384,0.14,21.2322883522133,21.2322883522133,21.2322883522133,21.2322883522133,610.496026991591,610.496026991591,610.496026991591,610.496026991591,0.977331564851461,24.3975993632513,2.42091637276401,322.963928617495,0.229639286174948,0.0158996455780379,102.914964557804,50.7181001919778,0.0156874385562228,33.2176098338783,1218.32638472912,0.0142319461361944,0.05,0.0,27.1551769935596,-0.398604703170517,0.489175818734939,0.0,101.325,50.2032243475426,1.09164609432138,0.14,IDLE,UNIT-misfire-0064,hot_day_ground_ops-M001,SIMULATED
154,949.001088345782,23.7813536491213,2.36337098688384,0.14,21.2830019190595,21.2830019190595,21.2830019190595,21.2830019190595,610.496026991591,610.496026991591,610.496026991591,610.496026991591,0.977331564851461,24.467756181014,2.42091637276401,322.963928617495,0.229639286174948,0.0158996455780379,102.914964557804,50.7181001919778,0.0156874385562228,33.2906491564092,1218.32638472912,0.0142319461361944,0.05,0.0,27.155154443182,-0.398605034182687,0.489175818734939,0.0,101.325,50.2032243475426,1.09164609432138,0.14,IDLE,UNIT-misfire-0064,hot_day_ground_ops-M001,SIMULATED
155,949.001088345782,23.7813536491213,2.36337098688384,0.14,21.3337675704128,21.3337675704128,21.3337675704128,21.3337675704128,610.496026991591,610.496026991591,610.496026991591,610.496026991591,0.977331564851461,24.5379219793172,2.42091637276401,322.963928617495,0.229639286174948,0.0158996455780379,102.914964557804,50.7181001919778,0.0156874385562228,33.3633214751668,1218.32638472912,0.0142319461361944,0.05,0.0,27.1551318928043,-0.398605365195406,0.489175818734939,0.0,101.325,50.2032243475426,1.09164609432138,0.14,IDLE,UNIT-misfire-0064,hot_day_ground_ops-M001,SIMULATED
156,949.001088345782,23.7813536491213,2.36337098688384,0.14,21.3845843239642,21.3845843239642,21.3845843239642,21.3845843239642,610.496026991591,610.496026991591,610.496026991591,610.496026991591,0.977331564851461,24.6080955119367,2.42091637276401,322.963928617495,0.229639286174948,0.0158996455780379,102.914964557804,50.7181001919778,0.0156874385562228,33.4356297712403,1218.32638472912,0.0142319461361944,0.05,0.0,27.1551093424267,-0.398605696208675,0.489175818734939,0.0,101.325,50.2032243475426,1.09164609432138,0.14,IDLE,UNIT-misfire-0064,hot_day_ground_ops-M001,SIMULATED
157,949.001088345782,23.7813536491213,2.36337098688384,0.14,21.4354512066953,21.4354512066953,21.4354512066953,21.4354512066953,610.496026991591,610.496026991591,610.496026991591,610.496026991591,0.977331564851461,24.6782755466702,2.42091637276401,322.963928617495,0.229639286174948,0.0158996455780379,102.914964557804,50.7181001919778,0.0156874385562228,33.5075769980767,1218.32638472912,0.0142319461361944,0.05,0.0,27.155086792049,-0.398606027222494,0.489175818734939,0.0,101.325,50.2032243475426,1.09164609432138,0.14,IDLE,UNIT-misfire-0064,hot_day_ground_ops-M001,SIMULATED
158,949.001088345782,23.7813536491213,2.36337098688384,0.14,21.4863672547915,21.4863672547915,21.4863672547915,21.4863672547915,610.496026991591,610.496026991591,610.496026991591,610.496026991591,0.977331564851461,24.7484608651983,2.42091637276401,322.963928617495,0.229639286174948,0.0158996455780379,102.914964557804,50.7181001919778,0.0156874385562228,33.5791660817436,1218.32638472912,0.0142319461361944,0.05,0.0,27.1550642416714,-0.398606358236862,0.489175818734939,0.0,101.325,50.2032243475426,1.09164609432138,0.14,IDLE,UNIT-misfire-0064,hot_day_ground_ops-M001,SIMULATED
159,949.001088345782,23.7813536491213,2.36337098688384,0.14,21.5373315135566,21.5373315135566,21.5373315135566,21.5373315135566,610.496026991591,610.496026991591,610.496026991591,610.496026991591,0.977331564851461,24.8186502629483,2.42091637276401,322.963928617495,0.229639286174948,0.0158996455780379,102.914964557804,50.7181001919778,0.0156874385562228,33.6503999211896,1218.32638472912,0.0142319461361944,0.05,0.0,27.1550416912938,-0.398606689251781,0.489175818734939,0.0,101.325,50.2032243475426,1.09164609432138,0.14,IDLE,UNIT-misfire-0064,hot_day_ground_ops-M001,SIMULATED
160,949.001088345782,23.7813536491213,2.36337098688384,0.14,21.5883430373274,21.5883430373274,21.5883430373274,21.5883430373274,610.496026991591,610.496026991591,610.496026991591,610.496026991591,0.977331564851461,24.8888425489581,2.42091637276401,322.963928617495,0.229639286174948,0.0158996455780379,102.914964557804,50.7181001919778,0.0156874385562228,33.7212813885024,1218.32638472912,0.0142319461361944,0.05,0.0,27.1550191409161,-0.398607020267249,0.489175818734939,0.0,101.325,50.2032243475426,1.09164609432138,0.14,IDLE,UNIT-misfire-0064,hot_day_ground_ops-M001,SIMULATED
161,949.001088345782,23.7813536491213,2.36337098688384,0.14,21.6394008893902,21.6394008893902,21.6394008893902,21.6394008893902,610.496026991591,610.496026991591,610.496026991591,610.496026991591,0.977331564851461,24.9590365457424,2.42091637276401,322.963928617495,0.229639286174948,0.0158996455780379,102.914964557804,50.7181001919778,0.0156874385562228,33.7918133291641,1218.32638472912,0.0142319461361944,0.05,0.0,27.1549965905385,-0.398607351283266,0.489175818734939,0.0,101.325,50.2032243475426,1.09164609432138,0.14,IDLE,UNIT-misfire-0064,hot_day_ground_ops-M001,SIMULATED
162,949.001088345782,23.7813536491213,2.36337098688384,0.14,21.6905041418968,21.6905041418968,21.6905041418968,21.6905041418968,610.496026991591,610.496026991591,610.496026991591,610.496026991591,0.977331564851461,25.0292310891594,2.42091637276401,322.963928617495,0.229639286174948,0.0158996455780379,102.914964557804,50.7181001919778,0.0156874385562228,33.8619985623043,1218.32638472912,0.0142319461361944,0.05,0.0,27.1549740401609,-0.398607682299834,0.489175818734939,0.0,101.325,50.2032243475426,1.09164609432138,0.14,IDLE,UNIT-misfire-0064,hot_day_ground_ops-M001,SIMULATED
163,949.001088345782,23.7813536491213,2.36337098688384,0.14,21.7416518757825,21.7416518757825,21.7416518757825,21.7416518757825,610.496026991591,610.496026991591,610.496026991591,610.496026991591,0.977331564851461,25.0994250282792,2.42091637276401,322.963928617495,0.229639286174948,0.0158996455780379,102.914964557804,50.7181001919778,0.0156874385562228,33.9318398809505,1218.32638472912,0.0142319461361944,0.05,0.0,27.1549514897832,-0.398608013316951,0.489175818734939,0.0,101.325,50.2032243475426,1.09164609432138,0.14,IDLE,UNIT-misfire-0064,hot_day_ground_ops-M001,SIMULATED
164,949.001088345782,23.7813536491213,2.36337098688384,0.14,21.792843180684,21.792843180684,21.792843180684,21.792843180684,610.496026991591,610.496026991591,610.496026991591,610.496026991591,0.977331564851461,25.1696172252536,2.42091637276401,322.963928617495,0.229639286174948,0.0158996455780379,102.914964557804,50.7181001919778,0.0156874385562228,34.0013400522766,1218.32638472912,0.0142319461361944,0.05,0.0,27.1549289394056,-0.398608344334619,0.489175818734939,0.0,101.325,50.2032243475426,1.09164609432138,0.14,IDLE,UNIT-misfire-0064,hot_day_ground_ops-M001,SIMULATED
165,949.001088345782,23.7813536491213,2.36337098688384,0.14,21.8440771548584,21.8440771548584,21.8440771548584,21.8440771548584,610.496026991591,610.496026991591,610.496026991591,610.496026991591,0.977331564851461,25.2398065551867,2.42091637276401,322.963928617495,0.229639286174948,0.0158996455780379,102.914964557804,50.7181001919778,0.0156874385562228,34.0705018178485,1218.32638472912,0.0142319461361944,0.05,0.0,27.154906389028,-0.398608675352835,0.489175818734939,0.0,101.325,50.2032243475426,1.09164609432138,0.14,IDLE,UNIT-misfire-0064,hot_day_ground_ops-M001,SIMULATED
166,949.001088345782,23.7813536491213,2.36337098688384,0.14,21.8953529051032,21.8953529051032,21.8953529051032,21.8953529051032,610.496026991591,610.496026991591,610.496026991591,610.496026991591,0.977331564851461,25.3099919060069,2.42091637276401,322.963928617495,0.229639286174948,0.0158996455780379,102.914964557804,50.7181001919778,0.0156874385562228,34.1393278938677,1218.32638472912,0.0142319461361944,0.05,0.0,27.1548838386503,-0.398609006371602,0.489175818734939,0.0,101.325,50.2032243475426,1.09164609432138,0.14,IDLE,UNIT-misfire-0064,hot_day_ground_ops-M001,SIMULATED
167,949.001088345782,23.7813536491213,2.36337098688384,0.14,21.9466695466767,21.9466695466767,21.9466695466767,21.9466695466767,610.496026991591,610.496026991591,610.496026991591,610.496026991591,0.977331564851461,25.3801721783406,2.42091637276401,322.963928617495,0.229639286174948,0.0158996455780379,102.914964557804,50.7181001919778,0.0156874385562228,34.2078209714124,1218.32638472912,0.0142319461361944,0.05,0.0,27.1548612882727,-0.398609337390919,0.489175818734939,0.0,101.325,50.2032243475426,1.09164609432138,0.14,IDLE,UNIT-misfire-0064,hot_day_ground_ops-M001,SIMULATED
168,949.001088345782,23.7813536491213,2.36337098688384,0.14,21.9980262032191,21.9980262032191,21.9980262032191,21.9980262032191,610.496026991591,610.496026991591,610.496026991591,610.496026991591,0.977331564851461,25.4503462853864,2.42091637276401,322.963928617495,0.229639286174948,0.0158996455780379,102.914964557804,50.7181001919778,0.0156874385562228,34.2759837166763,1218.32638472912,0.0142319461361944,0.05,0.0,27.1548387378951,-0.398609668410785,0.489175818734939,0.0,101.325,50.2032243475426,1.09164609432138,0.14,IDLE,UNIT-misfire-0064,hot_day_ground_ops-M001,SIMULATED
169,949.001088345782,23.7813536491213,2.36337098688384,0.14,22.049422006675,22.049422006675,22.049422006675,22.049422006675,610.496026991591,610.496026991591,610.496026991591,610.496026991591,0.977331564851461,25.520513152791,2.42091637276401,322.963928617495,0.229639286174948,0.0158996455780379,102.914964557804,50.7181001919778,0.0156874385562228,34.3438187712054,1218.32638472912,0.0142319461361944,0.05,0.0,27.1548161875174,-0.398609999431201,0.489175818734939,0.0,101.325,50.2032243475426,1.09164609432138,0.14,IDLE,UNIT-misfire-0064,hot_day_ground_ops-M001,SIMULATED
170,949.001088345782,23.7813536491213,2.36337098688384,0.14,22.1008560972156,22.1008560972156,22.1008560972156,22.1008560972156,610.496026991591,610.496026991591,610.496026991591,610.496026991591,0.977331564851461,25.590671718526,2.42091637276401,322.963928617495,0.229639286174948,0.0158996455780379,102.914964557804,50.7181001919778,0.0156874385562228,34.4113287521319,1218.32638472912,0.0142319461361944,0.05,0.0,27.1547936371398,-0.398610330452167,0.489175818734939,0.0,101.325,50.2032243475426,1.09164609432138,0.14,IDLE,UNIT-misfire-0064,hot_day_ground_ops-M001,SIMULATED
171,949.001088345782,23.7813536491213,2.36337098688384,0.14,22.1523276231627,22.1523276231627,22.1523276231627,22.1523276231627,610.496026991591,610.496026991591,610.496026991591,610.496026991591,0.977331564851461,25.6608209327663,2.42091637276401,322.963928617495,0.229639286174948,0.0158996455780379,102.914964557804,50.7181001919778,0.0156874385562228,34.4785162524067,1218.32638472912,0.0142319461361944,0.05,0.0,27.1547710867621,-0.398610661473682,0.489175818734939,0.0,101.325,50.2032243475426,1.09164609432138,0.14,IDLE,UNIT-misfire-0064,hot_day_ground_ops-M001,SIMULATED
172,949.001088345782,23.7813536491213,2.36337098688384,0.14,22.2038357409125,22.2038357409125,22.2038357409125,22.2038357409125,610.496026991591,610.496026991591,610.496026991591,610.496026991591,0.977331564851461,25.7309597577691,2.42091637276401,322.963928617495,0.229639286174948,0.0158996455780379,102.914964557804,50.7181001919778,0.0156874385562228,34.545383841029,1218.32638472912,0.0142319461361944,0.05,0.0,27.1547485363845,-0.398610992495748,0.489175818734939,0.0,101.325,50.2032243475426,1.09164609432138,0.14,IDLE,UNIT-misfire-0064,hot_day_ground_ops-M001,SIMULATED
173,949.001088345782,23.7813536491213,2.36337098688384,0.14,22.2553796148607,22.2553796148607,22.2553796148607,22.2553796148607,610.496026991591,610.496026991591,610.496026991591,610.496026991591,0.977331564851461,25.8010871677544,2.42091637276401,322.963928617495,0.229639286174948,0.0158996455780379,102.914964557804,50.7181001919778,0.0156874385562228,34.611934063274,1218.32638472912,0.0142319461361944,0.05,0.0,27.1547259860069,-0.398611323518363,0.489175818734939,0.0,101.325,50.2032243475426,1.09164609432138,0.14,IDLE,UNIT-misfire-0064,hot_day_ground_ops-M001,SIMULATED
174,949.001088345782,23.7813536491213,2.36337098688384,0.14,22.3069584173283,22.3069584173283,22.3069584173283,22.3069584173283,610.496026991591,610.496026991591,610.496026991591,610.496026991591,0.977331564851461,25.8712021487871,2.42091637276401,322.963928617495,0.229639286174948,0.0158996455780379,102.914964557804,50.7181001919778,0.0156874385562228,34.6781694409183,1218.32638472912,0.0142319461361944,0.05,0.0,27.1547034356292,-0.398611654541528,0.489175818734939,0.0,101.325,50.2032243475426,1.09164609432138,0.14,IDLE,UNIT-misfire-0064,hot_day_ground_ops-M001,SIMULATED
175,949.001088345782,23.7813536491213,2.36337098688384,0.14,22.3585713284878,22.3585713284878,22.3585713284878,22.3585713284878,610.496026991591,610.496026991591,610.496026991591,610.496026991591,0.977331564851461,25.9413036986591,2.42091637276401,322.963928617495,0.229639286174948,0.0158996455780379,102.914964557804,50.7181001919778,0.0156874385562228,34.7440924724636,1218.32638472912,0.0142319461361944,0.05,0.0,27.1546808852516,-0.398611985565243,0.489175818734939,0.0,101.325,50.2032243475426,1.09164609432138,0.14,IDLE,UNIT-misfire-0064,hot_day_ground_ops-M001,SIMULATED
176,949.001088345782,23.7813536491213,2.36337098688384,0.14,22.41021753629,22.41021753629,22.41021753629,22.41021753629,610.496026991591,610.496026991591,610.496026991591,610.496026991591,0.977331564851461,26.0113908267733,2.42091637276401,322.963928617495,0.229639286174948,0.0158996455780379,102.914964557804,50.7181001919778,0.0156874385562228,34.8097056333573,1218.32638472912,0.0142319461361944,0.05,0.0,27.154658334874,-0.398612316589507,0.489175818734939,0.0,101.325,50.2032243475426,1.09164609432138,0.14,IDLE,UNIT-misfire-0064,hot_day_ground_ops-M001,SIMULATED
177,949.001088345782,23.7813536491213,2.36337098688384,0.14,22.4618962363923,22.4618962363923,22.4618962363923,22.4618962363923,610.496026991591,610.496026991591,610.496026991591,610.496026991591,0.977331564851461,26.0814625540292,2.42091637276401,322.963928617495,0.229639286174948,0.0158996455780379,102.914964557804,50.7181001919778,0.0156874385562228,34.8750113762121,1218.32638472912,0.0142319461361944,0.05,0.0,27.1546357844963,-0.398612647614322,0.489175818734939,0.0,101.325,50.2032243475426,1.09164609432138,0.14,IDLE,UNIT-misfire-0064,hot_day_ground_ops-M001,SIMULATED
178,949.001088345782,23.7813536491213,2.36337098688384,0.14,22.5136066320865,22.5136066320865,22.5136066320865,22.5136066320865,610.496026991591,610.496026991591,610.496026991591,610.496026991591,0.977331564851461,26.1515179127082,2.42091637276401,322.963928617495,0.229639286174948,0.0158996455780379,102.914964557804,50.7181001919778,0.0156874385562228,34.9400121310226,1218.32638472912,0.0142319461361944,0.05,0.0,27.1546132341187,-0.398612978639686,0.489175818734939,0.0,101.325,50.2032243475426,1.09164609432138,0.14,IDLE,UNIT-misfire-0064,hot_day_ground_ops-M001,SIMULATED
179,949.001088345782,23.7813536491213,2.36337098688384,0.14,22.5653479342284,22.5653479342284,22.5653479342284,22.5653479342284,610.496026991591,610.496026991591,610.496026991591,610.496026991591,0.977331564851461,26.2215559463614,2.42091637276401,322.963928617495,0.229639286174948,0.0158996455780379,102.914964557804,50.7181001919778,0.0156874385562228,35.0047103053806,1218.32638472912,0.0142319461361944,0.05,0.0,27.1545906837411,-0.3986133096656,0.489175818734939,0.0,101.325,50.2032243475426,1.09164609432138,0.14,IDLE,UNIT-misfire-0064,hot_day_ground_ops-M001,SIMULATED
180,949.001088345782,23.7813536491213,2.36337098688384,0.14,22.6171193611672,22.6171193611672,22.6171193611672,22.6171193611672,610.496026991591,610.496026991591,610.496026991591,610.496026991591,0.977331564851461,26.2915757096977,2.42091637276401,322.963928617495,0.229639286174948,0.0158996455780379,102.914964557804,50.7181001919778,0.0156874385562228,35.0691082846875,1218.32638472912,0.0142319461361944,0.05,0.0,27.1545681333634,-0.398613640692063,0.489175818734939,0.0,101.325,50.2032243475426,1.09164609432138,0.14,IDLE,UNIT-misfire-0064,hot_day_ground_ops-M001,SIMULATED
181,949.001088345782,23.7813536491213,2.36337098688384,0.14,22.6689201386761,22.6689201386761,22.6689201386761,22.6689201386761,610.496026991591,610.496026991591,610.496026991591,610.496026991591,0.977331564851461,26.3615762684731,2.42091637276401,322.963928617495,0.229639286174948,0.0158996455780379,102.914964557804,50.7181001919778,0.0156874385562228,35.1332084323656,1218.32638472912,0.0142319461361944,0.05,0.0,27.1545455829858,-0.398613971719077,0.489175818734939,0.0,101.325,50.2032243475426,1.09164609432138,0.14,IDLE,UNIT-misfire-0064,hot_day_ground_ops-M001,SIMULATED
182,949.001088345782,23.7813536491213,2.36337098688384,0.14,22.7207494998834,22.7207494998834,22.7207494998834,22.7207494998834,610.496026991591,610.496026991591,610.496026991591,610.496026991591,0.977331564851461,26.4315566993813,2.42091637276401,322.963928617495,0.229639286174948,0.0158996455780379,102.914964557804,50.7181001919778,0.0156874385562228,35.1970130900665,1218.32638472912,0.0142319461361944,0.05,0.0,27.1545230326082,-0.39861430274664,0.489175818734939,0.0,101.325,50.2032243475426,1.09164609432138,0.14,IDLE,UNIT-misfire-0064,hot_day_ground_ops-M001,SIMULATED
183,949.001088345782,23.7813536491213,2.36337098688384,0.14,22.772606685204,22.772606685204,22.772606685204,22.772606685204,610.496026991591,610.496026991591,610.496026991591,610.496026991591,0.977331564851461,26.501516089945,2.42091637276401,322.963928617495,0.229639286174948,0.0158996455780379,102.914964557804,50.7181001919778,0.0156874385562228,35.2605245778783,1218.32638472912,0.0142319461361944,0.05,0.0,27.1545004822305,-0.398614633774753,0.489175818734939,0.0,101.325,50.2032243475426,1.09164609432138,0.14,IDLE,UNIT-misfire-0064,hot_day_ground_ops-M001,SIMULATED
184,949.001088345782,23.7813536491213,2.36337098688384,0.14,22.8244909422722,22.8244909422722,22.8244909422722,22.8244909422722,610.496026991591,610.496026991591,610.496026991591,610.496026991591,0.977331564851461,26.5714535384087,2.42091637276401,322.963928617495,0.229639286174948,0.0158996455780379,102.914964557804,50.7181001919778,0.0156874385562228,35.3237451945299,1218.32638472912,0.0142319461361944,0.05,0.0,27.1544779318529,-0.398614964803416,0.489175818734939,0.0,101.325,50.2032243475426,1.09164609432138,0.14,IDLE,UNIT-misfire-0064,hot_day_ground_ops-M001,SIMULATED
185,949.001088345782,23.7813536491213,2.36337098688384,0.14,22.8764015258743,22.8764015258743,22.8764015258743,22.8764015258743,610.496026991591,610.496026991591,610.496026991591,610.496026991591,0.977331564851461,26.6413681536321,2.42091637276401,322.963928617495,0.229639286174948,0.0158996455780379,102.914964557804,50.7181001919778,0.0156874385562228,35.3866772175946,1218.32638472912,0.0142319461361944,0.05,0.0,27.1544553814752,-0.398615295832629,0.489175818734939,0.0,101.325,50.2032243475426,1.09164609432138,0.14,IDLE,UNIT-misfire-0064,hot_day_ground_ops-M001,SIMULATED
186,949.001088345782,23.7813536491213,2.36337098688384,0.14,22.9283376978824,22.9283376978824,22.9283376978824,22.9283376978824,610.496026991591,610.496026991591,610.496026991591,610.496026991591,0.977331564851461,26.7112590549847,2.42091637276401,322.963928617495,0.229639286174948,0.0158996455780379,102.914964557804,50.7181001919778,0.0156874385562228,35.4493229036905,1218.32638472912,0.0142319461361944,0.05,0.0,27.1544328310976,-0.398615626862392,0.489175818734939,0.0,101.325,50.2032243475426,1.09164609432138,0.14,IDLE,UNIT-misfire-0064,hot_day_ground_ops-M001,SIMULATED
187,949.001088345782,23.7813536491213,2.36337098688384,0.14,22.9802987271887,22.9802987271887,22.9802987271887,22.9802987271887,610.496026991591,610.496026991591,610.496026991591,610.496026991591,0.977331564851461,26.7811253722414,2.42091637276401,322.963928617495,0.229639286174948,0.0158996455780379,102.914964557804,50.7181001919778,0.0156874385562228,35.5116844886796,1218.32638472912,0.0142319461361944,0.05,0.0,27.15441028072,-0.398615957892704,0.489175818734939,0.0,101.325,50.2032243475426,1.09164609432138,0.14,IDLE,UNIT-misfire-0064,hot_day_ground_ops-M001,SIMULATED
188,949.001088345782,23.7813536491213,2.36337098688384,0.14,23.0322838896404,23.0322838896404,23.0322838896404,23.0322838896404,610.496026991591,610.496026991591,610.496026991591,610.496026991591,0.977331564851461,26.8509662454795,2.42091637276401,322.963928617495,0.229639286174948,0.0158996455780379,102.914964557804,50.7181001919778,0.0156874385562228,35.5737641878652,1218.32638472912,0.0142319461361944,0.05,0.0,27.1543877303423,-0.398616288923566,0.489175818734939,0.0,101.325,50.2032243475426,1.09164609432138,0.14,IDLE,UNIT-misfire-0064,hot_day_ground_ops-M001,SIMULATED
189,949.001088345782,23.7813536491213,2.36337098688384,0.14,23.0842924679753,23.0842924679753,23.0842924679753,23.0842924679753,610.496026991591,610.496026991591,610.496026991591,610.496026991591,0.977331564851461,26.9207808249758,2.42091637276401,322.963928617495,0.229639286174948,0.0158996455780379,102.914964557804,50.7181001919778,0.0156874385562228,35.6355641961868,1218.32638472912,0.0142319461361944,0.05,0.0,27.1543651799647,-0.398616619954978,0.489175818734939,0.0,101.325,50.2032243475426,1.09164609432138,0.14,IDLE,UNIT-misfire-0064,hot_day_ground_ops-M001,SIMULATED
190,949.001088345782,23.7813536491213,2.36337098688384,0.14,23.1363237517576,23.1363237517576,23.1363237517576,23.1363237517576,610.496026991591,610.496026991591,610.496026991591,610.496026991591,0.977331564851461,26.9905682711055,2.42091637276401,322.963928617495,0.229639286174948,0.0158996455780379,102.914964557804,50.7181001919778,0.0156874385562228,35.6970866884137,1218.32638472912,0.0142319461361944,0.05,0.0,27.1543426295871,-0.39861695098694,0.489175818734939,0.0,101.325,50.2032243475426,1.09164609432138,0.14,IDLE,UNIT-misfire-0064,hot_day_ground_ops-M001,SIMULATED
191,949.001088345782,23.7813536491213,2.36337098688384,0.14,23.1883770373149,23.1883770373149,23.1883770373149,23.1883770373149,610.496026991591,610.496026991591,610.496026991591,610.496026991591,0.977331564851461,27.0603277542417,2.42091637276401,322.963928617495,0.229639286174948,0.0158996455780379,102.914964557804,50.7181001919778,0.0156874385562228,35.7583338193365,1218.32638472912,0.0142319461361944,0.05,0.0,27.1543200792094,-0.398617282019452,0.489175818734939,0.0,101.325,50.2032243475426,1.09164609432138,0.14,IDLE,UNIT-misfire-0064,hot_day_ground_ops-M001,SIMULATED
192,949.001088345782,23.7813536491213,2.36337098688384,0.14,23.2404516276756,23.2404516276756,23.2404516276756,23.2404516276756,610.496026991591,610.496026991591,610.496026991591,610.496026991591,0.977331564851461,27.130058454656,2.42091637276401,322.963928617495,0.229639286174948,0.0158996455780379,102.914964557804,50.7181001919778,0.0156874385562228,35.8193077239566,1218.32638472912,0.0142319461361944,0.05,0.0,27.1542975288318,-0.398617613052513,0.489175818734939,0.0,101.325,50.2032243475426,1.09164609432138,0.14,IDLE,UNIT-misfire-0064,hot_day_ground_ops-M001,SIMULATED
193,949.001088345782,23.7813536491213,2.36337098688384,0.14,23.2925468325065,23.2925468325065,23.2925468325065,23.2925468325065,610.496026991591,610.496026991591,610.496026991591,610.496026991591,0.977331564851461,27.1997595624202,2.42091637276401,322.963928617495,0.229639286174948,0.0158996455780379,102.914964557804,50.7181001919778,0.0156874385562228,35.8800105176745,1218.32638472912,0.0142319461361944,0.05,0.0,27.1542749784542,-0.398617944086124,0.489175818734939,0.0,101.325,50.2032243475426,1.09164609432138,0.14,IDLE,UNIT-misfire-0064,hot_day_ground_ops-M001,SIMULATED
194,949.001088345782,23.7813536491213,2.36337098688384,0.14,23.3446619680513,23.3446619680513,23.3446619680513,23.3446619680513,610.496026991591,610.496026991591,610.496026991591,610.496026991591,0.977331564851461,27.2694302773083,2.42091637276401,322.963928617495,0.229639286174948,0.0158996455780379,102.914964557804,50.7181001919778,0.0156874385562228,35.9404442964754,1218.32638472912,0.0142319461361944,0.05,0.0,27.1542524280765,-0.398618275120285,0.489175818734939,0.0,101.325,50.2032243475426,1.09164609432138,0.14,IDLE,UNIT-misfire-0064,hot_day_ground_ops-M001,SIMULATED
195,949.001088345782,23.7813536491213,2.36337098688384,0.14,23.3967963570703,23.3967963570703,23.3967963570703,23.3967963570703,610.496026991591,610.496026991591,610.496026991591,610.496026991591,0.977331564851461,27.3390698087004,2.42091637276401,322.963928617495,0.229639286174948,0.0158996455780379,102.914964557804,50.7181001919778,0.0156874385562228,36.000611137114,1218.32638472912,0.0142319461361944,0.05,0.0,27.1542298776989,-0.398618606154996,0.489175818734939,0.0,101.325,50.2032243475426,1.09164609432138,0.14,IDLE,UNIT-misfire-0064,hot_day_ground_ops-M001,SIMULATED
196,949.001088345782,23.7813536491213,2.36337098688384,0.14,23.4489493287791,23.4489493287791,23.4489493287791,23.4489493287791,610.496026991591,610.496026991591,610.496026991591,610.496026991591,0.977331564851461,27.4086773754869,2.42091637276401,322.963928617495,0.229639286174948,0.0158996455780379,102.914964557804,50.7181001919778,0.0156874385562228,36.0605130972964,1218.32638472912,0.0142319461361944,0.05,0.0,27.1542073273212,-0.398618937190257,0.489175818734939,0.0,101.325,50.2032243475426,1.09164609432138,0.14,IDLE,UNIT-misfire-0064,hot_day_ground_ops-M001,SIMULATED
197,949.001088345782,23.7813536491213,2.36337098688384,0.14,23.5011202187895,23.5011202187895,23.5011202187895,23.5011202187895,610.496026991591,610.496026991591,610.496026991591,610.496026991591,0.977331564851461,27.4782522059734,2.42091637276401,322.963928617495,0.229639286174948,0.0158996455780379,102.914964557804,50.7181001919778,0.0156874385562228,36.1201522158618,1218.32638472912,0.0142319461361944,0.05,0.0,27.1541847769436,-0.398619268226067,0.489175818734939,0.0,101.325,50.2032243475426,1.09164609432138,0.14,IDLE,UNIT-misfire-0064,hot_day_ground_ops-M001,SIMULATED
198,949.001088345782,23.7813536491213,2.36337098688384,0.14,23.55330836905,23.55330836905,23.55330836905,23.55330836905,610.496026991591,610.496026991591,610.496026991591,610.496026991591,0.977331564851461,27.5477935377875,2.42091637276401,322.963928617495,0.229639286174948,0.0158996455780379,102.914964557804,50.7181001919778,0.0156874385562228,36.1795305129607,1218.32638472912,0.0142319461361944,0.05,0.0,27.154162226566,-0.398619599262428,0.489175818734939,0.0,101.325,50.2032243475426,1.09164609432138,0.14,IDLE,UNIT-misfire-0064,hot_day_ground_ops-M001,SIMULATED
199,949.001088345782,23.7813536491213,2.36337098688384,0.14,23.6055131277875,23.6055131277875,23.6055131277875,23.6055131277875,610.496026991591,610.496026991591,610.496026991591,610.496026991591,0.977331564851461,27.6173006177855,2.42091637276401,322.963928617495,0.229639286174948,0.0158996455780379,102.914964557804,50.7181001919778,0.0156874385562228,36.2386499902329,1218.32638472912,0.0142319461361944,0.05,0.0,27.1541396761883,-0.398619930299338,0.489175818734939,0.0,101.325,50.2032243475426,1.09164609432138,0.14,IDLE,UNIT-misfire-0064,hot_day_ground_ops-M001,SIMULATED
200,949.001088345782,23.7813536491213,2.36337098688384,0.14,23.6577338494485,23.6577338494485,23.6577338494485,23.6577338494485,610.496026991591,610.496026991591,610.496026991591,610.496026991591,0.977331564851461,27.6867727019602,2.42091637276401,322.963928617495,0.229639286174948,0.0158996455780379,102.914964557804,50.7181001919778,0.0156874385562228,36.2975126309828,1218.32638472912,0.0142319461361944,0.05,0.0,27.1541171258107,-0.398620261336798,0.489175818734939,0.0,101.325,50.2032243475426,1.09164609432138,0.14,IDLE,UNIT-misfire-0064,hot_day_ground_ops-M001,SIMULATED
201,949.001088345782,23.7813536491213,2.36337098688384,0.14,23.7099698946423,23.7099698946423,23.7099698946423,23.7099698946423,610.496026991591,610.496026991591,610.496026991591,610.496026991591,0.977331564851461,27.7562090553504,2.42091637276401,322.963928617495,0.229639286174948,0.0158996455780379,102.914964557804,50.7181001919778,0.0156874385562228,36.3561204003538,1218.32638472912,0.0142319461361944,0.05,0.0,27.1540945754331,-0.398620592374808,0.489175818734939,0.0,101.325,50.2032243475426,1.09164609432138,0.14,IDLE,UNIT-misfire-0064,hot_day_ground_ops-M001,SIMULATED
202,949.001088345782,23.7813536491213,2.36337098688384,0.14,23.7622206300835,23.7622206300835,23.7622206300835,23.7622206300835,610.496026991591,610.496026991591,610.496026991591,610.496026991591,0.977331564851461,27.8256089519501,2.42091637276401,322.963928617495,0.229639286174948,0.0158996455780379,102.914964557804,50.7181001919778,0.0156874385562228,36.4144752455,1218.32638472912,0.0142319461361944,0.05,0.0,27.1540720250554,-0.398620923413367,0.489175818734939,0.0,101.325,50.2032243475426,1.09164609432138,0.14,IDLE,UNIT-misfire-0064,hot_day_ground_ops-M001,SIMULATED
203,949.001088345782,23.7813536491213,2.36337098688384,0.14,23.8144854285357,23.8144854285357,23.8144854285357,23.8144854285357,610.496026991591,610.496026991591,610.496026991591,610.496026991591,0.977331564851461,27.8949716746191,2.42091637276401,322.963928617495,0.229639286174948,0.0158996455780379,102.914964557804,50.7181001919778,0.0156874385562228,36.4725790957575,1218.32638472912,0.0142319461361944,0.05,0.0,27.1540494746778,-0.398621254452477,0.489175818734939,0.0,101.325,50.2032243475426,1.09164609432138,0.14,IDLE,UNIT-misfire-0064,hot_day_ground_ops-M001,SIMULATED
204,949.001088345782,23.7813536491213,2.36337098688384,0.14,23.8667636687555,23.8667636687555,23.8667636687555,23.8667636687555,610.496026991591,610.496026991591,610.496026991591,610.496026991591,0.977331564851461,27.9642965149951,2.42091637276401,322.963928617495,0.229639286174948,0.0158996455780379,102.914964557804,50.7181001919778,0.0156874385562228,36.5304338628134,1218.32638472912,0.0142319461361944,0.05,0.0,27.1540269243002,-0.398621585492136,0.489175818734939,0.0,101.325,50.2032243475426,1.09164609432138,0.14,IDLE,UNIT-misfire-0064,hot_day_ground_ops-M001,SIMULATED
205,949.001088345782,23.7813536491213,2.36337098688384,0.14,23.9190547354371,23.9190547354371,23.9190547354371,23.9190547354371,610.496026991591,610.496026991591,610.496026991591,610.496026991591,0.977331564851461,28.0335827734052,2.42091637276401,322.963928617495,0.229639286174948,0.0158996455780379,102.914964557804,50.7181001919778,0.0156874385562228,36.5880414408727,1218.32638472912,0.0142319461361944,0.05,0.0,27.1540043739225,-0.398621916532345,0.489175818734939,0.0,101.325,50.2032243475426,1.09164609432138,0.14,IDLE,UNIT-misfire-0064,hot_day_ground_ops-M001,SIMULATED
206,949.001088345782,23.7813536491213,2.36337098688384,0.14,23.9713580191575,23.9713580191575,23.9713580191575,23.9713580191575,610.496026991591,610.496026991591,610.496026991591,610.496026991591,0.977331564851461,28.1028297587797,2.42091637276401,322.963928617495,0.229639286174948,0.0158996455780379,102.914964557804,50.7181001919778,0.0156874385562228,36.6454037068247,1218.32638472912,0.0142319461361944,0.05,0.0,27.1539818235449,-0.398622247573104,0.489175818734939,0.0,101.325,50.2032243475426,1.09164609432138,0.14,IDLE,UNIT-misfire-0064,hot_day_ground_ops-M001,SIMULATED
207,949.001088345782,23.7813536491213,2.36337098688384,0.14,24.0236729163221,24.0236729163221,24.0236729163221,24.0236729163221,610.496026991591,610.496026991591,610.496026991591,610.496026991591,0.977331564851461,28.1720367885658,2.42091637276401,322.963928617495,0.229639286174948,0.0158996455780379,102.914964557804,50.7181001919778,0.0156874385562228,36.7025225204073,1218.32638472912,0.0142319461361944,0.05,0.0,27.1539592731673,-0.398622578614413,0.489175818734939,0.0,101.325,50.2032243475426,1.09164609432138,0.14,IDLE,UNIT-misfire-0064,hot_day_ground_ops-M001,SIMULATED
208,949.001088345782,23.7813536491213,2.36337098688384,0.14,24.0759988291106,24.0759988291106,24.0759988291106,24.0759988291106,610.496026991591,610.496026991591,610.496026991591,610.496026991591,0.977331564851461,28.2412031886428,2.42091637276401,322.963928617495,0.229639286174948,0.0158996455780379,102.914964557804,50.7181001919778,0.0156874385562228,36.7593997243691,1218.32638472912,0.0142319461361944,0.05,0.0,27.1539367227896,-0.398622909656272,0.489175818734939,0.0,101.325,50.2032243475426,1.09164609432138,0.14,IDLE,UNIT-misfire-0064,hot_day_ground_ops-M001,SIMULATED
209,949.001088345782,23.7813536491213,2.36337098688384,0.14,24.1283351654239,24.1283351654239,24.1283351654239,24.1283351654239,610.496026991591,610.496026991591,610.496026991591,610.496026991591,0.977331564851461,28.3103282932372,2.42091637276401,322.963928617495,0.229639286174948,0.0158996455780379,102.914964557804,50.7181001919778,0.0156874385562228,36.8160371446312,1218.32638472912,0.0142319461361944,0.05,0.0,27.153914172412,-0.39862324069868,0.489175818734939,0.0,101.325,50.2032243475426,1.09164609432138,0.14,IDLE,UNIT-misfire-0064,hot_day_ground_ops-M001,SIMULATED
210,949.001088345782,23.7813536491213,2.36337098688384,0.14,24.1806813388311,24.1806813388311,24.1806813388311,24.1806813388311,610.496026991591,610.496026991591,610.496026991591,610.496026991591,0.977331564851461,28.3794114448398,2.42091637276401,322.963928617495,0.229639286174948,0.0158996455780379,102.914964557804,50.7181001919778,0.0156874385562228,36.8724365904465,1218.32638472912,0.0142319461361944,0.05,0.0,27.1538916220343,-0.398623571741638,0.489175818734939,0.0,101.325,50.2032243475426,1.09164609432138,0.14,IDLE,UNIT-misfire-0064,hot_day_ground_ops-M001,SIMULATED
211,949.001088345782,23.7813536491213,2.36337098688384,0.14,24.2330367685175,24.2330367685175,24.2330367685175,24.2330367685175,610.496026991591,610.496026991591,610.496026991591,610.496026991591,0.977331564851461,28.4484519941227,2.42091637276401,322.963928617495,0.229639286174948,0.0158996455780379,102.914964557804,50.7181001919778,0.0156874385562228,36.9285998545577,1218.32638472912,0.0142319461361944,0.05,0.0,27.1538690716567,-0.398623902785147,0.489175818734939,0.0,101.325,50.2032243475426,1.09164609432138,0.14,IDLE,UNIT-misfire-0064,hot_day_ground_ops-M001,SIMULATED
212,949.001088345782,23.7813536491213,2.36337098688384,0.14,24.2854008792321,24.2854008792321,24.2854008792321,24.2854008792321,610.496026991591,610.496026991591,610.496026991591,610.496026991591,0.977331564851461,28.5174492998571,2.42091637276401,322.963928617495,0.229639286174948,0.0158996455780379,102.914964557804,50.7181001919778,0.0156874385562228,36.984528713354,1218.32638472912,0.0142319461361944,0.05,0.0,27.1538465212791,-0.398624233829205,0.489175818734939,0.0,101.325,50.2032243475426,1.09164609432138,0.14,IDLE,UNIT-misfire-0064,hot_day_ground_ops-M001,SIMULATED
213,949.001088345782,23.7813536491213,2.36337098688384,0.14,24.3377731012368,24.3377731012368,24.3377731012368,24.3377731012368,610.496026991591,610.496026991591,610.496026991591,610.496026991591,0.977331564851461,28.586402728833,2.42091637276401,322.963928617495,0.229639286174948,0.0158996455780379,102.914964557804,50.7181001919778,0.0156874385562228,37.0402249270261,1218.32638472912,0.0142319461361944,0.05,0.0,27.1538239709014,-0.398624564873812,0.489175818734939,0.0,101.325,50.2032243475426,1.09164609432138,0.14,IDLE,UNIT-misfire-0064,hot_day_ground_ops-M001,SIMULATED
214,949.001088345782,23.7813536491213,2.36337098688384,0.14,24.3901528702551,24.3901528702551,24.3901528702551,24.3901528702551,610.496026991591,610.496026991591,610.496026991591,610.496026991591,0.977331564851461,28.655311655778,2.42091637276401,322.963928617495,0.229639286174948,0.0158996455780379,102.914964557804,50.7181001919778,0.0156874385562228,37.09569023972,1218.32638472912,0.0142319461361944,0.05,0.0,27.1538014205238,-0.39862489591897,0.489175818734939,0.0,101.325,50.2032243475426,1.09164609432138,0.14,IDLE,UNIT-misfire-0064,hot_day_ground_ops-M001,SIMULATED
215,949.001088345782,23.7813536491213,2.36337098688384,0.14,24.442539627422,24.442539627422,24.442539627422,24.442539627422,610.496026991591,610.496026991591,610.496026991591,610.496026991591,0.977331564851461,28.7241754632781,2.42091637276401,322.963928617495,0.229639286174948,0.0158996455780379,102.914964557804,50.7181001919778,0.0156874385562228,37.1509263796889,1218.32638472912,0.0142319461361944,0.05,0.0,27.1537788701462,-0.398625226964678,0.489175818734939,0.0,101.325,50.2032243475426,1.09164609432138,0.14,IDLE,UNIT-misfire-0064,hot_day_ground_ops-M001,SIMULATED
216,949.001088345782,23.7813536491213,2.36337098688384,0.14,24.4949328192341,24.4949328192341,24.4949328192341,24.4949328192341,610.496026991591,610.496026991591,610.496026991591,610.496026991591,0.977331564851461,28.7929935416993,2.42091637276401,322.963928617495,0.229639286174948,0.0158996455780379,102.914964557804,50.7181001919778,0.0156874385562228,37.2059350594437,1218.32638472912,0.0142319461361944,0.05,0.0,27.1537563197685,-0.398625558010935,0.489175818734939,0.0,101.325,50.2032243475426,1.09164609432138,0.14,IDLE,UNIT-misfire-0064,hot_day_ground_ops-M001,SIMULATED
217,949.001088345782,23.7813536491213,2.36337098688384,0.14,24.5473318974996,24.5473318974996,24.5473318974996,24.5473318974996,610.496026991591,610.496026991591,610.496026991591,610.496026991591,0.977331564851461,28.8617652891087,2.42091637276401,322.963928617495,0.229639286174948,0.0158996455780379,102.914964557804,50.7181001919778,0.0156874385562228,37.2607179759027,1218.32638472912,0.0142319461361944,0.05,0.0,27.1537337693909,-0.398625889057742,0.489175818734939,0.0,101.325,50.2032243475426,1.09164609432138,0.14,IDLE,UNIT-misfire-0064,hot_day_ground_ops-M001,SIMULATED
218,949.001088345782,23.7813536491213,2.36337098688384,0.14,24.5997363192899,24.5997363192899,24.5997363192899,24.5997363192899,610.496026991591,610.496026991591,610.496026991591,610.496026991591,0.977331564851461,28.9304901111981,2.42091637276401,322.963928617495,0.229639286174948,0.0158996455780379,102.914964557804,50.7181001919778,0.0156874385562228,37.3152768105392,1218.32638472912,0.0142319461361944,0.05,0.0,27.1537112190133,-0.398626220105099,0.489175818734939,0.0,101.325,50.2032243475426,1.09164609432138,0.14,IDLE,UNIT-misfire-0064,hot_day_ground_ops-M001,SIMULATED
219,949.001088345782,23.7813536491213,2.36337098688384,0.14,24.6521455468909,24.6521455468909,24.6521455468909,24.6521455468909,610.496026991591,610.496026991591,610.496026991591,610.496026991591,0.977331564851461,28.999167421207,2.42091637276401,322.963928617495,0.229639286174948,0.0158996455780379,102.914964557804,50.7181001919778,0.0156874385562228,37.3696132295276,1218.32638472912,0.0142319461361944,0.05,0.0,27.1536886686356,-0.398626551153006,0.489175818734939,0.0,101.325,50.2032243475426,1.09164609432138,0.14,IDLE,UNIT-misfire-0064,hot_day_ground_ops-M001,SIMULATED
220,949.001088345782,23.7813536491213,2.36337098688384,0.14,24.7045590477547,24.7045590477547,24.7045590477547,24.7045590477547,610.496026991591,610.496026991591,610.496026991591,610.496026991591,0.977331564851461,29.0677966398468,2.42091637276401,322.963928617495,0.229639286174948,0.0158996455780379,102.914964557804,50.7181001919778,0.0156874385562228,37.4237288838889,1218.32638472912,0.0142319461361944,0.05,0.0,27.153666118258,-0.398626882201463,0.489175818734939,0.0,101.325,50.2032243475426,1.09164609432138,0.14,IDLE,UNIT-misfire-0064,hot_day_ground_ops-M001,SIMULATED
221,949.001088345782,23.7813536491213,2.36337098688384,0.14,24.7569762944522,24.7569762944522,24.7569762944522,24.7569762944522,610.496026991591,610.496026991591,610.496026991591,610.496026991591,0.977331564851461,29.1363771952259,2.42091637276401,322.963928617495,0.229639286174948,0.0158996455780379,102.914964557804,50.7181001919778,0.0156874385562228,37.477625409634,1218.32638472912,0.0142319461361944,0.05,0.0,27.1536435678804,-0.39862721325047,0.489175818734939,0.0,101.325,50.2032243475426,1.09164609432138,0.14,IDLE,UNIT-misfire-0064,hot_day_ground_ops-M001,SIMULATED
222,949.001088345782,23.7813536491213,2.36337098688384,0.14,24.8093967646258,24.8093967646258,24.8093967646258,24.8093967646258,610.496026991591,610.496026991591,610.496026991591,610.496026991591,0.977331564851461,29.2049085227755,2.42091637276401,322.963928617495,0.229639286174948,0.0158996455780379,102.914964557804,50.7181001919778,0.0156874385562228,37.531304427906,1218.32638472912,0.0142319461361944,0.05,0.0,27.1536210175027,-0.398627544300026,0.489175818734939,0.0,101.325,50.2032243475426,1.09164609432138,0.14,IDLE,UNIT-misfire-0064,hot_day_ground_ops-M001,SIMULATED
223,949.001088345782,23.7813536491213,2.36337098688384,0.14,24.8618199409428,24.8618199409428,24.8618199409428,24.8618199409428,610.496026991591,610.496026991591,610.496026991591,610.496026991591,0.977331564851461,29.2733900651756,2.42091637276401,322.963928617495,0.229639286174948,0.0158996455780379,102.914964557804,50.7181001919778,0.0156874385562228,37.5847675451211,1218.32638472912,0.0142319461361944,0.05,0.0,27.1535984671251,-0.398627875350132,0.489175818734939,0.0,101.325,50.2032243475426,1.09164609432138,0.14,IDLE,UNIT-misfire-0064,hot_day_ground_ops-M001,SIMULATED
224,949.001088345782,23.7813536491213,2.36337098688384,0.14,24.9142453110488,24.9142453110488,24.9142453110488,24.9142453110488,610.496026991591,610.496026991591,610.496026991591,610.496026991591,0.977331564851461,29.3418212722825,2.42091637276401,322.963928617495,0.229639286174948,0.0158996455780379,102.914964557804,50.7181001919778,0.0156874385562228,37.6380163531082,1218.32638472912,0.0142319461361944,0.05,0.0,27.1535759167474,-0.398628206400789,0.489175818734939,0.0,101.325,50.2032243475426,1.09164609432138,0.14,IDLE,UNIT-misfire-0064,hot_day_ground_ops-M001,SIMULATED
225,949.001088345782,23.7813536491213,2.36337098688384,0.14,24.9666723675223,24.9666723675223,24.9666723675223,24.9666723675223,610.496026991591,610.496026991591,610.496026991591,610.496026991591,0.977331564851461,29.4102016010563,2.42091637276401,322.963928617495,0.229639286174948,0.0158996455780379,102.914964557804,50.7181001919778,0.0156874385562228,37.6910524292468,1218.32638472912,0.0142319461361944,0.05,0.0,27.1535533663698,-0.398628537451995,0.489175818734939,0.0,101.325,50.2032243475426,1.09164609432138,0.14,IDLE,UNIT-misfire-0064,hot_day_ground_ops-M001,SIMULATED
226,949.001088345782,23.7813536491213,2.36337098688384,0.14,25.0191006078289,25.0191006078289,25.0191006078289,25.0191006078289,610.496026991591,610.496026991591,610.496026991591,610.496026991591,0.977331564851461,29.4785305154896,2.42091637276401,322.963928617495,0.229639286174948,0.0158996455780379,102.914964557804,50.7181001919778,0.0156874385562228,37.7438773366045,1218.32638472912,0.0142319461361944,0.05,0.0,27.1535308159922,-0.398628868503751,0.489175818734939,0.0,101.325,50.2032243475426,1.09164609432138,0.14,IDLE,UNIT-misfire-0064,hot_day_ground_ops-M001,SIMULATED
227,949.001088345782,23.7813536491213,2.36337098688384,0.14,25.0715295342764,25.0715295342764,25.0715295342764,25.0715295342764,610.496026991591,610.496026991591,610.496026991591,610.496026991591,0.977331564851461,29.5468074865366,2.42091637276401,322.963928617495,0.229639286174948,0.0158996455780379,102.914964557804,50.7181001919778,0.0156874385562228,37.7964926240719,1218.32638472912,0.0142319461361944,0.05,0.0,27.1535082656145,-0.398629199556056,0.489175818734939,0.0,101.325,50.2032243475426,1.09164609432138,0.14,IDLE,UNIT-misfire-0064,hot_day_ground_ops-M001,SIMULATED
228,949.001088345782,23.7813536491213,2.36337098688384,0.14,25.1239586539702,25.1239586539702,25.1239586539702,25.1239586539702,610.496026991591,610.496026991591,610.496026991591,610.496026991591,0.977331564851461,29.615031992043,2.42091637276401,322.963928617495,0.229639286174948,0.0158996455780379,102.914964557804,50.7181001919778,0.0156874385562228,37.8488998264974,1218.32638472912,0.0142319461361944,0.05,0.0,27.1534857152369,-0.398629530608912,0.489175818734939,0.0,101.325,50.2032243475426,1.09164609432138,0.14,IDLE,UNIT-misfire-0064,hot_day_ground_ops-M001,SIMULATED
229,949.001088345782,23.7813536491213,2.36337098688384,0.14,25.1763874787692,25.1763874787692,25.1763874787692,25.1763874787692,610.496026991591,610.496026991591,610.496026991591,610.496026991591,0.977331564851461,29.6832035166766,2.42091637276401,322.963928617495,0.229639286174948,0.0158996455780379,102.914964557804,50.7181001919778,0.0156874385562228,37.9011004648197,1218.32638472912,0.0142319461361944,0.05,0.0,27.1534631648593,-0.398629861662318,0.489175818734939,0.0,101.325,50.2032243475426,1.09164609432138,0.14,IDLE,UNIT-misfire-0064,hot_day_ground_ops-M001,SIMULATED
230,949.001088345782,23.7813536491213,2.36337098688384,0.14,25.2288155252421,25.2288155252421,25.2288155252421,25.2288155252421,610.496026991591,610.496026991591,610.496026991591,610.496026991591,0.977331564851461,29.7513215518585,2.42091637276401,322.963928617495,0.229639286174948,0.0158996455780379,102.914964557804,50.7181001919778,0.0156874385562228,37.9530960462002,1218.32638472912,0.0142319461361944,0.05,0.0,27.1534406144816,-0.398630192716273,0.489175818734939,0.0,101.325,50.2032243475426,1.09164609432138,0.14,IDLE,UNIT-misfire-0064,hot_day_ground_ops-M001,SIMULATED
231,949.001088345782,23.7813536491213,2.36337098688384,0.14,25.2812423146238,25.2812423146238,25.2812423146238,25.2812423146238,610.496026991591,610.496026991591,610.496026991591,610.496026991591,0.977331564851461,29.8193855956949,2.42091637276401,322.963928617495,0.229639286174948,0.0158996455780379,102.914964557804,50.7181001919778,0.0156874385562228,38.0048880641528,1218.32638472912,0.0142319461361944,0.05,0.0,27.153418064104,-0.398630523770778,0.489175818734939,0.0,101.325,50.2032243475426,1.09164609432138,0.14,IDLE,UNIT-misfire-0064,hot_day_ground_ops-M001,SIMULATED
232,949.001088345782,23.7813536491213,2.36337098688384,0.14,25.333667372773,25.333667372773,25.333667372773,25.333667372773,610.496026991591,610.496026991591,610.496026991591,610.496026991591,0.977331564851461,29.88739515291,2.42091637276401,322.963928617495,0.229639286174948,0.0158996455780379,102.914964557804,50.7181001919778,0.0156874385562228,38.0564779986736,1218.32638472912,0.0142319461361944,0.05,0.0,27.1533955137264,-0.398630854825833,0.489175818734939,0.0,101.325,50.2032243475426,1.09164609432138,0.14,IDLE,UNIT-misfire-0064,hot_day_ground_ops-M001,SIMULATED
233,949.001088345782,23.7813536491213,2.36337098688384,0.14,25.386090230129,25.386090230129,25.386090230129,25.386090230129,610.496026991591,610.496026991591,610.496026991591,610.496026991591,0.977331564851461,29.9553497347786,2.42091637276401,322.963928617495,0.229639286174948,0.0158996455780379,102.914964557804,50.7181001919778,0.0156874385562228,38.1078673163686,1218.32638472912,0.0142319461361944,0.05,0.0,27.1533729633487,-0.398631185881438,0.489175818734939,0.0,101.325,50.2032243475426,1.09164609432138,0.14,IDLE,UNIT-misfire-0064,hot_day_ground_ops-M001,SIMULATED
234,949.001088345782,23.7813536491213,2.36337098688384,0.14,25.43851042167,25.43851042167,25.43851042167,25.43851042167,610.496026991591,610.496026991591,610.496026991591,610.496026991591,0.977331564851461,30.0232488590605,2.42091637276401,322.963928617495,0.229639286174948,0.0158996455780379,102.914964557804,50.7181001919778,0.0156874385562228,38.1590574705806,1218.32638472912,0.0142319461361944,0.05,0.0,27.1533504129711,-0.398631516937593,0.489175818734939,0.0,101.325,50.2032243475426,1.09164609432138,0.14,IDLE,UNIT-misfire-0064,hot_day_ground_ops-M001,SIMULATED
235,949.001088345782,23.7813536491213,2.36337098688384,0.14,25.4909274868715,25.4909274868715,25.4909274868715,25.4909274868715,610.496026991591,610.496026991591,610.496026991591,610.496026991591,0.977331564851461,30.0910920499349,2.42091637276401,322.963928617495,0.229639286174948,0.0158996455780379,102.914964557804,50.7181001919778,0.0156874385562228,38.2100499015149,1218.32638472912,0.0142319461361944,0.05,0.0,27.1533278625934,-0.398631847994298,0.489175818734939,0.0,101.325,50.2032243475426,1.09164609432138,0.14,IDLE,UNIT-misfire-0064,hot_day_ground_ops-M001,SIMULATED
236,949.001088345782,23.7813536491213,2.36337098688384,0.14,25.5433409696645,25.5433409696645,25.5433409696645,25.5433409696645,610.496026991591,610.496026991591,610.496026991591,610.496026991591,0.977331564851461,30.1588788379351,2.42091637276401,322.963928617495,0.229639286174948,0.0158996455780379,102.914964557804,50.7181001919778,0.0156874385562228,38.2608460363633,1218.32638472912,0.0142319461361944,0.05,0.0,27.1533053122158,-0.398632179051552,0.489175818734939,0.0,101.325,50.2032243475426,1.09164609432138,0.14,IDLE,UNIT-misfire-0064,hot_day_ground_ops-M001,SIMULATED
237,949.001088345782,23.7813536491213,2.36337098688384,0.14,25.5957504183949,25.5957504183949,25.5957504183949,25.5957504183949,610.496026991591,610.496026991591,610.496026991591,610.496026991591,0.977331564851461,30.226608759885,2.42091637276401,322.963928617495,0.229639286174948,0.0158996455780379,102.914964557804,50.7181001919778,0.0156874385562228,38.3114472894277,1218.32638472912,0.0142319461361944,0.05,0.0,27.1532827618382,-0.398632510109357,0.489175818734939,0.0,101.325,50.2032243475426,1.09164609432138,0.14,IDLE,UNIT-misfire-0064,hot_day_ground_ops-M001,SIMULATED
238,949.001088345782,23.7813536491213,2.36337098688384,0.14,25.6481553857828,25.6481553857828,25.6481553857828,25.6481553857828,610.496026991591,610.496026991591,610.496026991591,610.496026991591,0.977331564851461,30.2942813588347,2.42091637276401,322.963928617495,0.229639286174948,0.0158996455780379,102.914964557804,50.7181001919778,0.0156874385562228,38.3618550622418,1218.32638472912,0.0142319461361944,0.05,0.0,27.1532602114605,-0.398632841167711,0.489175818734939,0.0,101.325,50.2032243475426,1.09164609432138,0.14,IDLE,UNIT-misfire-0064,hot_day_ground_ops-M001,SIMULATED
239,949.001088345782,23.7813536491213,2.36337098688384,0.14,25.7005554288826,25.7005554288826,25.7005554288826,25.7005554288826,610.496026991591,610.496026991591,610.496026991591,610.496026991591,0.977331564851461,30.3618961839979,2.42091637276401,322.963928617495,0.229639286174948,0.0158996455780379,102.914964557804,50.7181001919778,0.0156874385562228,38.4120707436919,1218.32638472912,0.0142319461361944,0.05,0.0,27.1532376610829,-0.398633172226615,0.489175818734939,0.0,101.325,50.2032243475426,1.09164609432138,0.14,IDLE,UNIT-misfire-0064,hot_day_ground_ops-M001,SIMULATED
240,949.001088345782,23.7813536491213,2.36337098688384,0.14,25.7529501090425,25.7529501090425,25.7529501090425,25.7529501090425,610.496026991591,610.496026991591,610.496026991591,610.496026991591,0.977331564851461,30.4294527906897,2.42091637276401,322.963928617495,0.229639286174948,0.0158996455780379,102.914964557804,50.7181001919778,0.0156874385562228,38.462095710137,1218.32638472912,0.0142319461361944,0.05,0.0,27.1532151107053,-0.39863350328607,0.489175818734939,0.0,101.325,50.2032243475426,1.09164609432138,0.14,IDLE,UNIT-misfire-0064,hot_day_ground_ops-M001,SIMULATED
241,949.001088345782,23.7813536491213,2.36337098688384,0.14,25.805338991866,25.805338991866,25.805338991866,25.805338991866,610.496026991591,610.496026991591,610.496026991591,610.496026991591,0.977331564851461,30.4969507402642,2.42091637276401,322.963928617495,0.229639286174948,0.0158996455780379,102.914964557804,50.7181001919778,0.0156874385562228,38.5119313255268,1218.32638472912,0.0142319461361944,0.05,0.0,27.1531925603276,-0.398633834346074,0.489175818734939,0.0,101.325,50.2032243475426,1.09164609432138,0.14,IDLE,UNIT-misfire-0064,hot_day_ground_ops-M001,SIMULATED
242,949.001088345782,23.7813536491213,2.36337098688384,0.14,25.8577216471721,25.8577216471721,25.8577216471721,25.8577216471721,610.496026991591,610.496026991591,610.496026991591,610.496026991591,0.977331564851461,30.5643896000538,2.42091637276401,322.963928617495,0.229639286174948,0.0158996455780379,102.914964557804,50.7181001919778,0.0156874385562228,38.5615789415194,1218.32638472912,0.0142319461361944,0.05,0.0,27.15317000995,-0.398634165406627,0.489175818734939,0.0,101.325,50.2032243475426,1.09164609432138,0.14,IDLE,UNIT-misfire-0064,hot_day_ground_ops-M001,SIMULATED
243,949.001088345782,23.7813536491213,2.36337098688384,0.14,25.9100976489569,25.9100976489569,25.9100976489569,25.9100976489569,610.496026991591,610.496026991591,610.496026991591,610.496026991591,0.977331564851461,30.6317689433086,2.42091637276401,322.963928617495,0.229639286174948,0.0158996455780379,102.914964557804,50.7181001919778,0.0156874385562228,38.6110398975977,1218.32638472912,0.0142319461361944,0.05,0.0,27.1531474595724,-0.398634496467731,0.489175818734939,0.0,101.325,50.2032243475426,1.09164609432138,0.14,IDLE,UNIT-misfire-0064,hot_day_ground_ops-M001,SIMULATED
244,949.001088345782,23.7813536491213,2.36337098688384,0.14,25.9624665753553,25.9624665753553,25.9624665753553,25.9624665753553,610.496026991591,610.496026991591,610.496026991591,610.496026991591,0.977331564851461,30.6990883491361,2.42091637276401,322.963928617495,0.229639286174948,0.0158996455780379,102.914964557804,50.7181001919778,0.0156874385562228,38.6603155211843,1218.32638472912,0.0142319461361944,0.05,0.0,27.1531249091947,-0.398634827529385,0.489175818734939,0.0,101.325,50.2032243475426,1.09164609432138,0.14,IDLE,UNIT-misfire-0064,hot_day_ground_ops-M001,SIMULATED
245,949.001088345782,23.7813536491213,2.36337098688384,0.14,26.014828008603,26.014828008603,26.014828008603,26.014828008603,610.496026991591,610.496026991591,610.496026991591,610.496026991591,0.977331564851461,30.7663474024417,2.42091637276401,322.963928617495,0.229639286174948,0.0158996455780379,102.914964557804,50.7181001919778,0.0156874385562228,38.7094071277556,1218.32638472912,0.0142319461361944,0.05,0.0,27.1531023588171,-0.398635158591588,0.489175818734939,0.0,101.325,50.2032243475426,1.09164609432138,0.14,IDLE,UNIT-misfire-0064,hot_day_ground_ops-M001,SIMULATED
246,949.001088345782,23.7813536491213,2.36337098688384,0.14,26.0671815349988,26.0671815349988,26.0671815349988,26.0671815349988,610.496026991591,610.496026991591,610.496026991591,610.496026991591,0.977331564851461,30.8335456938704,2.42091637276401,322.963928617495,0.229639286174948,0.0158996455780379,102.914964557804,50.7181001919778,0.0156874385562228,38.758316020955,1218.32638472912,0.0142319461361944,0.05,0.0,27.1530798084395,-0.398635489654342,0.489175818734939,0.0,101.325,50.2032243475426,1.09164609432138,0.14,IDLE,UNIT-misfire-0064,hot_day_ground_ops-M001,SIMULATED
247,949.001088345782,23.7813536491213,2.36337098688384,0.14,26.1195267448674,26.1195267448674,26.1195267448674,26.1195267448674,610.496026991591,610.496026991591,610.496026991591,610.496026991591,0.977331564851461,30.900682819748,2.42091637276401,322.963928617495,0.229639286174948,0.0158996455780379,102.914964557804,50.7181001919778,0.0156874385562228,38.8070434927048,1218.32638472912,0.0142319461361944,0.05,0.0,27.1530572580618,-0.398635820717645,0.489175818734939,0.0,101.325,50.2032243475426,1.09164609432138,0.14,IDLE,UNIT-misfire-0064,hot_day_ground_ops-M001,SIMULATED
248,949.001088345782,23.7813536491213,2.36337098688384,0.14,26.1718632325225,26.1718632325225,26.1718632325225,26.1718632325225,610.496026991591,610.496026991591,610.496026991591,610.496026991591,0.977331564851461,30.9677583820234,2.42091637276401,322.963928617495,0.229639286174948,0.0158996455780379,102.914964557804,50.7181001919778,0.0156874385562228,38.8555908233167,1218.32638472912,0.0142319461361944,0.05,0.0,27.1530347076842,-0.398636151781498,0.489175818734939,0.0,101.325,50.2032243475426,1.09164609432138,0.14,IDLE,UNIT-misfire-0064,hot_day_ground_ops-M001,SIMULATED
249,949.001088345782,23.7813536491213,2.36337098688384,0.14,26.2241905962303,26.2241905962303,26.2241905962303,26.2241905962303,610.496026991591,610.496026991591,610.496026991591,610.496026991591,0.977331564851461,31.0347719882116,2.42091637276401,322.963928617495,0.229639286174948,0.0158996455780379,102.914964557804,50.7181001919778,0.0156874385562228,38.903959281602,1218.32638472912,0.0142319461361944,0.05,0.0,27.1530121573065,-0.398636482845901,0.489175818734939,0.0,101.325,50.2032243475426,1.09164609432138,0.14,IDLE,UNIT-misfire-0064,hot_day_ground_ops-M001,SIMULATED
250,949.001088345782,23.7813536491213,2.36337098688384,0.14,26.276508438173,26.276508438173,26.276508438173,26.276508438173,610.496026991591,610.496026991591,610.496026991591,610.496026991591,0.977331564851461,31.1017232513372,2.42091637276401,322.963928617495,0.229639286174948,0.0158996455780379,102.914964557804,50.7181001919778,0.0156874385562228,38.9521501249801,1218.32638472912,0.0142319461361944,0.05,0.0,27.1529896069289,-0.398636813910854,0.489175818734939,0.0,101.325,50.2032243475426,1.09164609432138,0.14,IDLE,UNIT-misfire-0064,hot_day_ground_ops-M001,SIMULATED
251,949.001088345782,23.7813536491213,2.36337098688384,0.14,26.3288163644133,26.3288163644133,26.3288163644133,26.3288163644133,610.496026991591,610.496026991591,610.496026991591,610.496026991591,0.977331564851461,31.168611789878,2.42091637276401,322.963928617495,0.229639286174948,0.0158996455780379,102.914964557804,50.7181001919778,0.0156874385562228,39.0001645995863,1218.32638472912,0.0142319461361944,0.05,0.0,27.1529670565513,-0.398637144976357,0.489175818734939,0.0,101.325,50.2032243475426,1.09164609432138,0.14,IDLE,UNIT-misfire-0064,hot_day_ground_ops-M001,SIMULATED
252,949.001088345782,23.7813536491213,2.36337098688384,0.14,26.3811139848586,26.3811139848586,26.3811139848586,26.3811139848586,610.496026991591,610.496026991591,610.496026991591,610.496026991591,0.977331564851461,31.2354372277097,2.42091637276401,322.963928617495,0.229639286174948,0.0158996455780379,102.914964557804,50.7181001919778,0.0156874385562228,39.0480039403783,1218.32638472912,0.0142319461361944,0.05,0.0,27.1529445061736,-0.39863747604241,0.489175818734939,0.0,101.325,50.2032243475426,1.09164609432138,0.14,IDLE,UNIT-misfire-0064,hot_day_ground_ops-M001,SIMULATED
253,949.001088345782,23.7813536491213,2.36337098688384,0.14,26.433400913226,26.433400913226,26.433400913226,26.433400913226,610.496026991591,610.496026991591,610.496026991591,610.496026991591,0.977331564851461,31.3021991940509,2.42091637276401,322.963928617495,0.229639286174948,0.0158996455780379,102.914964557804,50.7181001919778,0.0156874385562228,39.095669371242,1218.32638472912,0.0142319461361944,0.05,0.0,27.152921955796,-0.398637807109013,0.489175818734939,0.0,101.325,50.2032243475426,1.09164609432138,0.14,IDLE,UNIT-misfire-0064,hot_day_ground_ops-M001,SIMULATED
254,949.001088345782,23.7813536491213,2.36337098688384,0.14,26.485676767007,26.485676767007,26.485676767007,26.485676767007,610.496026991591,610.496026991591,610.496026991591,610.496026991591,0.977331564851461,31.3688973234087,2.42091637276401,322.963928617495,0.229639286174948,0.0158996455780379,102.914964557804,50.7181001919778,0.0156874385562228,39.1431621050962,1218.32638472912,0.0142319461361944,0.05,0.0,27.1528994054184,-0.398638138176165,0.489175818734939,0.0,101.325,50.2032243475426,1.09164609432138,0.14,IDLE,UNIT-misfire-0064,hot_day_ground_ops-M001,SIMULATED
255,949.001088345782,23.7813536491213,2.36337098688384,0.14,26.5379411674335,26.5379411674335,26.5379411674335,26.5379411674335,610.496026991591,610.496026991591,610.496026991591,610.496026991591,0.977331564851461,31.4355312555244,2.42091637276401,322.963928617495,0.229639286174948,0.0158996455780379,102.914964557804,50.7181001919778,0.0156874385562228,39.1904833439962,1218.32638472912,0.0142319461361944,0.05,0.0,27.1528768550407,-0.398638469243868,0.489175818734939,0.0,101.325,50.2032243475426,1.09164609432138,0.14,IDLE,UNIT-misfire-0064,hot_day_ground_ops-M001,SIMULATED
256,949.001088345782,23.7813536491213,2.36337098688384,0.14,26.5901937394431,26.5901937394431,26.5901937394431,26.5901937394431,610.496026991591,610.496026991591,610.496026991591,610.496026991591,0.977331564851461,31.5021006353209,2.42091637276401,322.963928617495,0.229639286174948,0.0158996455780379,102.914964557804,50.7181001919778,0.0156874385562228,39.2376342792363,1218.32638472912,0.0142319461361944,0.05,0.0,27.1528543046631,-0.39863880031212,0.489175818734939,0.0,101.325,50.2032243475426,1.09164609432138,0.14,IDLE,UNIT-misfire-0064,hot_day_ground_ops-M001,SIMULATED
257,949.001088345782,23.7813536491213,2.36337098688384,0.14,26.6424341116455,26.6424341116455,26.6424341116455,26.6424341116455,610.496026991591,610.496026991591,610.496026991591,610.496026991591,0.977331564851461,31.5686051128488,2.42091637276401,322.963928617495,0.229639286174948,0.0158996455780379,102.914964557804,50.7181001919778,0.0156874385562228,39.2846160914516,1218.32638472912,0.0142319461361944,0.05,0.0,27.1528317542855,-0.398639131380922,0.489175818734939,0.0,101.325,50.2032243475426,1.09164609432138,0.14,IDLE,UNIT-misfire-0064,hot_day_ground_ops-M001,SIMULATED
258,949.001088345782,23.7813536491213,2.36337098688384,0.14,26.6946619162887,26.6946619162887,26.6946619162887,26.6946619162887,610.496026991591,610.496026991591,610.496026991591,610.496026991591,0.977331564851461,31.6350443432348,2.42091637276401,322.963928617495,0.229639286174948,0.0158996455780379,102.914964557804,50.7181001919778,0.0156874385562228,39.3314299507188,1218.32638472912,0.0142319461361944,0.05,0.0,27.1528092039078,-0.398639462450275,0.489175818734939,0.0,101.325,50.2032243475426,1.09164609432138,0.14,IDLE,UNIT-misfire-0064,hot_day_ground_ops-M001,SIMULATED
259,949.001088345782,23.7813536491213,2.36337098688384,0.14,26.7468767892259,26.7468767892259,26.7468767892259,26.7468767892259,610.496026991591,610.496026991591,610.496026991591,610.496026991591,0.977331564851461,31.7014179866296,2.42091637276401,322.963928617495,0.229639286174948,0.0158996455780379,102.914964557804,50.7181001919778,0.0156874385562228,39.3780770166557,1218.32638472912,0.0142319461361944,0.05,0.0,27.1527866535302,-0.398639793520177,0.489175818734939,0.0,101.325,50.2032243475426,1.09164609432138,0.14,IDLE,UNIT-misfire-0064,hot_day_ground_ops-M001,SIMULATED
260,949.001088345782,23.7813536491213,2.36337098688384,0.14,26.7990783698824,26.7990783698824,26.7990783698824,26.7990783698824,610.496026991591,610.496026991591,610.496026991591,610.496026991591,0.977331564851461,31.7677257081566,2.42091637276401,322.963928617495,0.229639286174948,0.0158996455780379,102.914964557804,50.7181001919778,0.0156874385562228,39.4245584385202,1218.32638472912,0.0142319461361944,0.05,0.0,27.1527641031526,-0.398640124590629,0.489175818734939,0.0,101.325,50.2032243475426,1.09164609432138,0.14,IDLE,UNIT-misfire-0064,hot_day_ground_ops-M001,SIMULATED
261,949.001088345782,23.7813536491213,2.36337098688384,0.14,26.851266301223,26.851266301223,26.851266301223,26.851266301223,610.496026991591,610.496026991591,610.496026991591,610.496026991591,0.977331564851461,31.8339671778606,2.42091637276401,322.963928617495,0.229639286174948,0.0158996455780379,102.914964557804,50.7181001919778,0.0156874385562228,39.4708753553081,1218.32638472912,0.0142319461361944,0.05,0.0,27.1527415527749,-0.398640455661631,0.489175818734939,0.0,101.325,50.2032243475426,1.09164609432138,0.14,IDLE,UNIT-misfire-0064,hot_day_ground_ops-M001,SIMULATED
262,949.001088345782,23.7813536491213,2.36337098688384,0.14,26.9034402297196,26.9034402297196,26.9034402297196,26.9034402297196,610.496026991591,610.496026991591,610.496026991591,610.496026991591,0.977331564851461,31.9001420706583,2.42091637276401,322.963928617495,0.229639286174948,0.0158996455780379,102.914964557804,50.7181001919778,0.0156874385562228,39.51702889585,1218.32638472912,0.0142319461361944,0.05,0.0,27.1527190023973,-0.398640786733182,0.489175818734939,0.0,101.325,50.2032243475426,1.09164609432138,0.14,IDLE,UNIT-misfire-0064,hot_day_ground_ops-M001,SIMULATED
263,949.001088345782,23.7813536491213,2.36337098688384,0.14,26.9555998053192,26.9555998053192,26.9555998053192,26.9555998053192,610.496026991591,610.496026991591,610.496026991591,610.496026991591,0.977331564851461,31.9662500662876,2.42091637276401,322.963928617495,0.229639286174948,0.0158996455780379,102.914964557804,50.7181001919778,0.0156874385562228,39.5630201789074,1218.32638472912,0.0142319461361944,0.05,0.0,27.1526964520196,-0.398641117805284,0.489175818734939,0.0,101.325,50.2032243475426,1.09164609432138,0.14,IDLE,UNIT-misfire-0064,hot_day_ground_ops-M001,SIMULATED
264,949.001088345782,23.7813536491213,2.36337098688384,0.14,27.0077446814122,27.0077446814122,27.0077446814122,27.0077446814122,610.496026991591,610.496026991591,610.496026991591,610.496026991591,0.977331564851461,32.0322908492586,2.42091637276401,322.963928617495,0.229639286174948,0.0158996455780379,102.914964557804,50.7181001919778,0.0156874385562228,39.6088503132673,1218.32638472912,0.0142319461361944,0.05,0.0,27.152673901642,-0.398641448877936,0.489175818734939,0.0,101.325,50.2032243475426,1.09164609432138,0.14,IDLE,UNIT-misfire-0064,hot_day_ground_ops-M001,SIMULATED
265,949.001088345782,23.7813536491213,2.36337098688384,0.14,27.0598745148009,27.0598745148009,27.0598745148009,27.0598745148009,610.496026991591,610.496026991591,610.496026991591,610.496026991591,0.977331564851461,32.0982641088045,2.42091637276401,322.963928617495,0.229639286174948,0.0158996455780379,102.914964557804,50.7181001919778,0.0156874385562228,39.654520397837,1218.32638472912,0.0142319461361944,0.05,0.0,27.1526513512644,-0.398641779951137,0.489175818734939,0.0,101.325,50.2032243475426,1.09164609432138,0.14,IDLE,UNIT-misfire-0064,hot_day_ground_ops-M001,SIMULATED
266,949.001088345782,23.7813536491213,2.36337098688384,0.14,27.1119889656681,27.1119889656681,27.1119889656681,27.1119889656681,610.496026991591,610.496026991591,610.496026991591,610.496026991591,0.977331564851461,32.1641695388337,2.42091637276401,322.963928617495,0.229639286174948,0.0158996455780379,102.914964557804,50.7181001919778,0.0156874385562228,39.7000315217372,1218.32638472912,0.0142319461361944,0.05,0.0,27.1526288008867,-0.398642111024889,0.489175818734939,0.0,101.325,50.2032243475426,1.09164609432138,0.14,IDLE,UNIT-misfire-0064,hot_day_ground_ops-M001,SIMULATED
267,949.001088345782,23.7813536491213,2.36337098688384,0.14,27.1640876975467,27.1640876975467,27.1640876975467,27.1640876975467,610.496026991591,610.496026991591,610.496026991591,610.496026991591,0.977331564851461,32.2300068378808,2.42091637276401,322.963928617495,0.229639286174948,0.0158996455780379,102.914964557804,50.7181001919778,0.0156874385562228,39.7453847643941,1218.32638472912,0.0142319461361944,0.05,0.0,27.1526062505091,-0.39864244209919,0.489175818734939,0.0,101.325,50.2032243475426,1.09164609432138,0.14,IDLE,UNIT-misfire-0064,hot_day_ground_ops-M001,SIMULATED
268,949.001088345782,23.7813536491213,2.36337098688384,0.14,27.216170377289,27.216170377289,27.216170377289,27.216170377289,610.496026991591,610.496026991591,610.496026991591,610.496026991591,0.977331564851461,32.2957757090601,2.42091637276401,322.963928617495,0.229639286174948,0.0158996455780379,102.914964557804,50.7181001919778,0.0156874385562228,39.790581195631,1218.32638472912,0.0142319461361944,0.05,0.0,27.1525837001315,-0.398642773174042,0.489175818734939,0.0,101.325,50.2032243475426,1.09164609432138,0.14,IDLE,UNIT-misfire-0064,hot_day_ground_ops-M001,SIMULATED
269,949.001088345782,23.7813536491213,2.36337098688384,0.14,27.268236675036,27.268236675036,27.268236675036,27.268236675036,610.496026991591,610.496026991591,610.496026991591,610.496026991591,0.977331564851461,32.3614758600181,2.42091637276401,322.963928617495,0.229639286174948,0.0158996455780379,102.914964557804,50.7181001919778,0.0156874385562228,39.8356218757593,1218.32638472912,0.0142319461361944,0.05,0.0,27.1525611497538,-0.398643104249443,0.489175818734939,0.0,101.325,50.2032243475426,1.09164609432138,0.14,IDLE,UNIT-misfire-0064,hot_day_ground_ops-M001,SIMULATED
270,949.001088345782,23.7813536491213,2.36337098688384,0.14,27.3202862641878,27.3202862641878,27.3202862641878,27.3202862641878,610.496026991591,610.496026991591,610.496026991591,610.496026991591,0.977331564851461,32.4271070028869,2.42091637276401,322.963928617495,0.229639286174948,0.0158996455780379,102.914964557804,50.7181001919778,0.0156874385562228,39.8805078556676,1218.32638472912,0.0142319461361944,0.05,0.0,27.1525385993762,-0.398643435325394,0.489175818734939,0.0,101.325,50.2032243475426,1.09164609432138,0.14,IDLE,UNIT-misfire-0064,hot_day_ground_ops-M001,SIMULATED
271,949.001088345782,23.7813536491213,2.36337098688384,0.14,27.3723188213739,27.3723188213739,27.3723188213739,27.3723188213739,610.496026991591,610.496026991591,610.496026991591,610.496026991591,0.977331564851461,32.492668854238,2.42091637276401,322.963928617495,0.229639286174948,0.0158996455780379,102.914964557804,50.7181001919778,0.0156874385562228,39.9252401769112,1218.32638472912,0.0142319461361944,0.05,0.0,27.1525160489986,-0.398643766401895,0.489175818734939,0.0,101.325,50.2032243475426,1.09164609432138,0.14,IDLE,UNIT-misfire-0064,hot_day_ground_ops-M001,SIMULATED
272,949.001088345782,23.7813536491213,2.36337098688384,0.14,27.4243340264234,27.4243340264234,27.4243340264234,27.4243340264234,610.496026991591,610.496026991591,610.496026991591,610.496026991591,0.977331564851461,32.558161135037,2.42091637276401,322.963928617495,0.229639286174948,0.0158996455780379,102.914964557804,50.7181001919778,0.0156874385562228,39.9698198717999,1218.32638472912,0.0142319461361944,0.05,0.0,27.1524934986209,-0.398644097478946,0.489175818734939,0.0,101.325,50.2032243475426,1.09164609432138,0.14,IDLE,UNIT-misfire-0064,hot_day_ground_ops-M001,SIMULATED
273,949.001088345782,23.7813536491213,2.36337098688384,0.14,27.4763315623363,27.4763315623363,27.4763315623363,27.4763315623363,610.496026991591,610.496026991591,610.496026991591,610.496026991591,0.977331564851461,32.623583570598,2.42091637276401,322.963928617495,0.229639286174948,0.0158996455780379,102.914964557804,50.7181001919778,0.0156874385562228,40.0142479634851,1218.32638472912,0.0142319461361944,0.05,0.0,27.1524709482433,-0.398644428556547,0.489175818734939,0.0,101.325,50.2032243475426,1.09164609432138,0.14,IDLE,UNIT-misfire-0064,hot_day_ground_ops-M001,SIMULATED
274,949.001088345782,23.7813536491213,2.36337098688384,0.14,27.5283111152542,27.5283111152542,27.5283111152542,27.5283111152542,610.496026991591,610.496026991591,610.496026991591,610.496026991591,0.977331564851461,32.6889358905388,2.42091637276401,322.963928617495,0.229639286174948,0.0158996455780379,102.914964557804,50.7181001919778,0.0156874385562228,40.0585254660464,1218.32638472912,0.0142319461361944,0.05,0.0,27.1524483978657,-0.398644759634698,0.489175818734939,0.0,101.325,50.2032243475426,1.09164609432138,0.14,IDLE,UNIT-misfire-0064,hot_day_ground_ops-M001,SIMULATED
275,949.001088345782,23.7813536491213,2.36337098688384,0.14,27.5802723744319,27.5802723744319,27.5802723744319,27.5802723744319,610.496026991591,610.496026991591,610.496026991591,610.496026991591,0.977331564851461,32.7542178287368,2.42091637276401,322.963928617495,0.229639286174948,0.0158996455780379,102.914964557804,50.7181001919778,0.0156874385562228,40.1026533845771,1218.32638472912,0.0142319461361944,0.05,0.0,27.152425847488,-0.398645090713398,0.489175818734939,0.0,101.325,50.2032243475426,1.09164609432138,0.14,IDLE,UNIT-misfire-0064,hot_day_ground_ops-M001,SIMULATED
276,949.001088345782,23.7813536491213,2.36337098688384,0.14,27.6322150322087,27.6322150322087,27.6322150322087,27.6322150322087,610.496026991591,610.496026991591,610.496026991591,610.496026991591,0.977331564851461,32.8194291232847,2.42091637276401,322.963928617495,0.229639286174948,0.0158996455780379,102.914964557804,50.7181001919778,0.0156874385562228,40.1466327152688,1218.32638472912,0.0142319461361944,0.05,0.0,27.1524032971104,-0.398645421792649,0.489175818734939,0.0,101.325,50.2032243475426,1.09164609432138,0.14,IDLE,UNIT-misfire-0064,hot_day_ground_ops-M001,SIMULATED
277,949.001088345782,23.7813536491213,2.36337098688384,0.14,27.684138783981,27.684138783981,27.684138783981,27.684138783981,610.496026991591,610.496026991591,610.496026991591,610.496026991591,0.977331564851461,32.8845695164473,2.42091637276401,322.963928617495,0.229639286174948,0.0158996455780379,102.914964557804,50.7181001919778,0.0156874385562228,40.1904644454956,1218.32638472912,0.0142319461361944,0.05,0.0,27.1523807467327,-0.39864575287245,0.489175818734939,0.0,101.325,50.2032243475426,1.09164609432138,0.14,IDLE,UNIT-misfire-0064,hot_day_ground_ops-M001,SIMULATED
278,949.001088345782,23.7813536491213,2.36337098688384,0.14,27.7360433281736,27.7360433281736,27.7360433281736,27.7360433281736,610.496026991591,610.496026991591,610.496026991591,610.496026991591,0.977331564851461,32.9496387546184,2.42091637276401,322.963928617495,0.229639286174948,0.0158996455780379,102.914964557804,50.7181001919778,0.0156874385562228,40.2341495538971,1218.32638472912,0.0142319461361944,0.05,0.0,27.1523581963551,-0.3986460839528,0.489175818734939,0.0,101.325,50.2032243475426,1.09164609432138,0.14,IDLE,UNIT-misfire-0064,hot_day_ground_ops-M001,SIMULATED
279,949.001088345782,23.7813536491213,2.36337098688384,0.14,27.7879283662129,27.7879283662129,27.7879283662129,27.7879283662129,610.496026991591,610.496026991591,610.496026991591,610.496026991591,0.977331564851461,33.0146365882776,2.42091637276401,322.963928617495,0.229639286174948,0.0158996455780379,102.914964557804,50.7181001919778,0.0156874385562228,40.2776890104604,1218.32638472912,0.0142319461361944,0.05,0.0,27.1523356459775,-0.398646415033701,0.489175818734939,0.0,101.325,50.2032243475426,1.09164609432138,0.14,IDLE,UNIT-misfire-0064,hot_day_ground_ops-M001,SIMULATED
280,949.001088345782,23.7813536491213,2.36337098688384,0.14,27.839793602499,27.839793602499,27.839793602499,27.839793602499,610.496026991591,610.496026991591,610.496026991591,610.496026991591,0.977331564851461,33.0795627719491,2.42091637276401,322.963928617495,0.229639286174948,0.0158996455780379,102.914964557804,50.7181001919778,0.0156874385562228,40.3210837766024,1218.32638472912,0.0142319461361944,0.05,0.0,27.1523130955998,-0.398646746115151,0.489175818734939,0.0,101.325,50.2032243475426,1.09164609432138,0.14,IDLE,UNIT-misfire-0064,hot_day_ground_ops-M001,SIMULATED
281,949.001088345782,23.7813536491213,2.36337098688384,0.14,27.891638744379,27.891638744379,27.891638744379,27.891638744379,610.496026991591,610.496026991591,610.496026991591,610.496026991591,0.977331564851461,33.1444170641586,2.42091637276401,322.963928617495,0.229639286174948,0.0158996455780379,102.914964557804,50.7181001919778,0.0156874385562228,40.3643348052498,1218.32638472912,0.0142319461361944,0.05,0.0,27.1522905452222,-0.398647077197152,0.489175818734939,0.0,101.325,50.2032243475426,1.09164609432138,0.14,IDLE,UNIT-misfire-0064,hot_day_ground_ops-M001,SIMULATED
282,949.001088345782,23.7813536491213,2.36337098688384,0.14,27.94346350212,27.94346350212,27.94346350212,27.94346350212,610.496026991591,610.496026991591,610.496026991591,610.496026991591,0.977331564851461,33.2091992273928,2.42091637276401,322.963928617495,0.229639286174948,0.0158996455780379,102.914964557804,50.7181001919778,0.0156874385562228,40.4074430409196,1218.32638472912,0.0142319461361944,0.05,0.0,27.1522679948446,-0.398647408279702,0.489175818734939,0.0,101.325,50.2032243475426,1.09164609432138,0.14,IDLE,UNIT-misfire-0064,hot_day_ground_ops-M001,SIMULATED
283,949.001088345782,23.7813536491213,2.36337098688384,0.14,27.9952675888827,27.9952675888827,27.9952675888827,27.9952675888827,610.496026991591,610.496026991591,610.496026991591,610.496026991591,0.977331564851461,33.2739090280581,2.42091637276401,322.963928617495,0.229639286174948,0.0158996455780379,102.914964557804,50.7181001919778,0.0156874385562228,40.4504094197983,1218.32638472912,0.0142319461361944,0.05,0.0,27.1522454444669,-0.398647739362802,0.489175818734939,0.0,101.325,50.2032243475426,1.09164609432138,0.14,IDLE,UNIT-misfire-0064,hot_day_ground_ops-M001,SIMULATED
284,949.001088345782,23.7813536491213,2.36337098688384,0.14,28.0470507206949,28.0470507206949,28.0470507206949,28.0470507206949,610.496026991591,610.496026991591,610.496026991591,610.496026991591,0.977331564851461,33.3385462364398,2.42091637276401,322.963928617495,0.229639286174948,0.0158996455780379,102.914964557804,50.7181001919778,0.0156874385562228,40.4932348698202,1218.32638472912,0.0142319461361944,0.05,0.0,27.1522228940893,-0.398648070446452,0.489175818734939,0.0,101.325,50.2032243475426,1.09164609432138,0.14,IDLE,UNIT-misfire-0064,hot_day_ground_ops-M001,SIMULATED
285,949.001088345782,23.7813536491213,2.36337098688384,0.14,28.0988126164256,28.0988126164256,28.0988126164256,28.0988126164256,610.496026991591,610.496026991591,610.496026991591,610.496026991591,0.977331564851461,33.403110626662,2.42091637276401,322.963928617495,0.229639286174948,0.0158996455780379,102.914964557804,50.7181001919778,0.0156874385562228,40.5359203107452,1218.32638472912,0.0142319461361944,0.05,0.0,27.1522003437117,-0.398648401530652,0.489175818734939,0.0,101.325,50.2032243475426,1.09164609432138,0.14,IDLE,UNIT-misfire-0064,hot_day_ground_ops-M001,SIMULATED
286,949.001088345782,23.7813536491213,2.36337098688384,0.14,28.150552997759,28.150552997759,28.150552997759,28.150552997759,610.496026991591,610.496026991591,610.496026991591,610.496026991591,0.977331564851461,33.4676019766478,2.42091637276401,322.963928617495,0.229639286174948,0.0158996455780379,102.914964557804,50.7181001919778,0.0156874385562228,40.5784666542358,1218.32638472912,0.0142319461361944,0.05,0.0,27.152177793334,-0.398648732615403,0.489175818734939,0.0,101.325,50.2032243475426,1.09164609432138,0.14,IDLE,UNIT-misfire-0064,hot_day_ground_ops-M001,SIMULATED
287,949.001088345782,23.7813536491213,2.36337098688384,0.14,28.2022715891693,28.2022715891693,28.2022715891693,28.2022715891693,610.496026991591,610.496026991591,610.496026991591,610.496026991591,0.977331564851461,33.5320200680795,2.42091637276401,322.963928617495,0.229639286174948,0.0158996455780379,102.914964557804,50.7181001919778,0.0156874385562228,40.6208748039333,1218.32638472912,0.0142319461361944,0.05,0.0,27.1521552429564,-0.398649063700703,0.489175818734939,0.0,101.325,50.2032243475426,1.09164609432138,0.14,IDLE,UNIT-misfire-0064,hot_day_ground_ops-M001,SIMULATED
288,949.001088345782,23.7813536491213,2.36337098688384,0.14,28.2539681178948,28.2539681178948,28.2539681178948,28.2539681178948,610.496026991591,610.496026991591,610.496026991591,610.496026991591,0.977331564851461,33.5963646863602,2.42091637276401,322.963928617495,0.229639286174948,0.0158996455780379,102.914964557804,50.7181001919778,0.0156874385562228,40.6631456555338,1218.32638472912,0.0142319461361944,0.05,0.0,27.1521326925787,-0.398649394786552,0.489175818734939,0.0,101.325,50.2032243475426,1.09164609432138,0.14,IDLE,UNIT-misfire-0064,hot_day_ground_ops-M001,SIMULATED
289,949.001088345782,23.7813536491213,2.36337098688384,0.14,28.3056423139132,28.3056423139132,28.3056423139132,28.3056423139132,610.496026991591,610.496026991591,610.496026991591,610.496026991591,0.977331564851461,33.6606356205743,2.42091637276401,322.963928617495,0.229639286174948,0.0158996455780379,102.914964557804,50.7181001919778,0.0156874385562228,40.7052800968622,1218.32638472912,0.0142319461361944,0.05,0.0,27.1521101422011,-0.398649725872952,0.489175818734939,0.0,101.325,50.2032243475426,1.09164609432138,0.14,IDLE,UNIT-misfire-0064,hot_day_ground_ops-M001,SIMULATED
290,949.001088345782,23.7813536491213,2.36337098688384,0.14,28.3572939099168,28.3572939099168,28.3572939099168,28.3572939099168,610.496026991591,610.496026991591,610.496026991591,610.496026991591,0.977331564851461,33.7248326634499,2.42091637276401,322.963928617495,0.229639286174948,0.0158996455780379,102.914964557804,50.7181001919778,0.0156874385562228,40.7472790079469,1218.32638472912,0.0142319461361944,0.05,0.0,27.1520875918235,-0.398650056959902,0.489175818734939,0.0,101.325,50.2032243475426,1.09164609432138,0.14,IDLE,UNIT-misfire-0064,hot_day_ground_ops-M001,SIMULATED
291,949.001088345782,23.7813536491213,2.36337098688384,0.14,28.4089226412873,28.4089226412873,28.4089226412873,28.4089226412873,610.496026991591,610.496026991591,610.496026991591,610.496026991591,0.977331564851461,33.7889556113203,2.42091637276401,322.963928617495,0.229639286174948,0.0158996455780379,102.914964557804,50.7181001919778,0.0156874385562228,40.789143261093,1218.32638472912,0.0142319461361944,0.05,0.0,27.1520650414458,-0.398650388047402,0.489175818734939,0.0,101.325,50.2032243475426,1.09164609432138,0.14,IDLE,UNIT-misfire-0064,hot_day_ground_ops-M001,SIMULATED
292,949.001088345782,23.7813536491213,2.36337098688384,0.14,28.460528246072,28.460528246072,28.460528246072,28.460528246072,610.496026991591,610.496026991591,610.496026991591,610.496026991591,0.977331564851461,33.8530042640867,2.42091637276401,322.963928617495,0.229639286174948,0.0158996455780379,102.914964557804,50.7181001919778,0.0156874385562228,40.8308737209551,1218.32638472912,0.0142319461361944,0.05,0.0,27.1520424910682,-0.398650719135452,0.489175818734939,0.0,101.325,50.2032243475426,1.09164609432138,0.14,IDLE,UNIT-misfire-0064,hot_day_ground_ops-M001,SIMULATED
293,949.001088345782,23.7813536491213,2.36337098688384,0.14,28.5121104649596,28.5121104649596,28.5121104649596,28.5121104649596,610.496026991591,610.496026991591,610.496026991591,610.496026991591,0.977331564851461,33.9169784251809,2.42091637276401,322.963928617495,0.229639286174948,0.0158996455780379,102.914964557804,50.7181001919778,0.0156874385562228,40.8724712446093,1218.32638472912,0.0142319461361944,0.05,0.0,27.1520199406906,-0.398651050224052,0.489175818734939,0.0,101.325,50.2032243475426,1.09164609432138,0.14,IDLE,UNIT-misfire-0064,hot_day_ground_ops-M001,SIMULATED
294,949.001088345782,23.7813536491213,2.36337098688384,0.14,28.5636690412555,28.5636690412555,28.5636690412555,28.5636690412555,610.496026991591,610.496026991591,610.496026991591,610.496026991591,0.977331564851461,33.9808779015286,2.42091637276401,322.963928617495,0.229639286174948,0.0158996455780379,102.914964557804,50.7181001919778,0.0156874385562228,40.913936681624,1218.32638472912,0.0142319461361944,0.05,0.0,27.1519973903129,-0.398651381313201,0.489175818734939,0.0,101.325,50.2032243475426,1.09164609432138,0.14,IDLE,UNIT-misfire-0064,hot_day_ground_ops-M001,SIMULATED
295,949.001088345782,23.7813536491213,2.36337098688384,0.14,28.6152037208591,28.6152037208591,28.6152037208591,28.6152037208591,610.496026991591,610.496026991591,610.496026991591,610.496026991591,0.977331564851461,34.0447025035128,2.42091637276401,322.963928617495,0.229639286174948,0.0158996455780379,102.914964557804,50.7181001919778,0.0156874385562228,40.9552708741316,1218.32638472912,0.0142319461361944,0.05,0.0,27.1519748399353,-0.398651712402901,0.489175818734939,0.0,101.325,50.2032243475426,1.09164609432138,0.14,IDLE,UNIT-misfire-0064,hot_day_ground_ops-M001,SIMULATED
296,949.001088345782,23.7813536491213,2.36337098688384,0.14,28.6667142522395,28.6667142522395,28.6667142522395,28.6667142522395,610.496026991591,610.496026991591,610.496026991591,610.496026991591,0.977331564851461,34.1084520449374,2.42091637276401,322.963928617495,0.229639286174948,0.0158996455780379,102.914964557804,50.7181001919778,0.0156874385562228,40.9964746568972,1218.32638472912,0.0142319461361944,0.05,0.0,27.1519522895577,-0.39865204349315,0.489175818734939,0.0,101.325,50.2032243475426,1.09164609432138,0.14,IDLE,UNIT-misfire-0064,hot_day_ground_ops-M001,SIMULATED
297,949.001088345782,23.7813536491213,2.36337098688384,0.14,28.7182003864127,28.7182003864127,28.7182003864127,28.7182003864127,610.496026991591,610.496026991591,610.496026991591,610.496026991591,0.977331564851461,34.1721263429919,2.42091637276401,322.963928617495,0.229639286174948,0.0158996455780379,102.914964557804,50.7181001919778,0.0156874385562228,41.0375488573891,1218.32638472912,0.0142319461361944,0.05,0.0,27.15192973918,-0.39865237458395,0.489175818734939,0.0,101.325,50.2032243475426,1.09164609432138,0.14,IDLE,UNIT-misfire-0064,hot_day_ground_ops-M001,SIMULATED
298,949.001088345782,23.7813536491213,2.36337098688384,0.14,28.7696618769181,28.7696618769181,28.7696618769181,28.7696618769181,610.496026991591,610.496026991591,610.496026991591,610.496026991591,0.977331564851461,34.2357252182158,2.42091637276401,322.963928617495,0.229639286174948,0.0158996455780379,102.914964557804,50.7181001919778,0.0156874385562228,41.0784942958464,1218.32638472912,0.0142319461361944,0.05,0.0,27.1519071888024,-0.398652705675299,0.489175818734939,0.0,101.325,50.2032243475426,1.09164609432138,0.14,IDLE,UNIT-misfire-0064,hot_day_ground_ops-M001,SIMULATED
299,949.001088345782,23.7813536491213,2.36337098688384,0.14,28.821098479796,28.821098479796,28.821098479796,28.821098479796,610.496026991591,610.496026991591,610.496026991591,610.496026991591,0.977331564851461,34.2992484944632,2.42091637276401,322.963928617495,0.229639286174948,0.0158996455780379,102.914964557804,50.7181001919778,0.0156874385562228,41.1193117853477,1218.32638472912,0.0142319461361944,0.05,0.0,27.1518846384248,-0.398653036767199,0.489175818734939,0.0,101.325,50.2032243475426,1.09164609432138,0.14,IDLE,UNIT-misfire-0064,hot_day_ground_ops-M001,SIMULATED
