t,rpm,torque,power,engine_load,cht_c1,cht_c2,cht_c3,cht_c4,egt_c1,egt_c2,egt_c3,egt_c4,oil_pressure,oil_temperature,fuel_flow,rail_pressure,injection_timing,boost_pressure,map,intake_temperature,air_mass_flow,coolant_temperature,vibration_rms_x,vibration_order_1x,vibration_rms_x_bearing_proxy,vibration_order_1x_bearing_proxy,battery_voltage,battery_current,alternator_power,altitude,ambient_pressure,ambient_temperature,air_density,throttle,engine_state,engine_id,mission_id,data_origin
0,800.0,0.0,0.0,0.0,15.0,15.0,15.0,15.0,513.083392715368,513.083392715368,513.083392715368,513.083392715368,0.9,15.0,2.0,300.0,0.0,0.0,101.325,15.0,0.0146339965295248,15.0,,,0.05,0.0,27.16,-3.22639418186235,0.412371134020619,0.0,101.325,15.0,1.22501226599069,0.0,STARTING,UNIT-healthy-0001,high_throttle_climb_heavy-M001,SIMULATED
1,427.208520597737,7.0,0.31316020163419,0.0466666666666667,15.0203471613796,15.0203471613796,15.0203471613796,15.0203471613796,816.138817357454,816.138817357454,816.138817357454,816.138817357454,0.706521222190225,15.043958345564,1.76199330229282,303.042852161628,0.0304285216162775,0.00236425,101.561425,15.0685499777749,0.0078310813435236,15.0208638875318,,,0.05,0.0,27.1595365116735,-10.3017009238005,0.220210577627699,0.0,101.325,15.0,1.22501226599069,0.0466666666666667,STARTING,UNIT-healthy-0001,high_throttle_climb_heavy-M001,SIMULATED
2,535.473769574405,14.0,0.78504554831966,0.0933333333333333,15.0381357363032,15.0381357363032,15.0381357363032,15.0381357363032,816.207253445757,816.207253445757,816.207253445757,816.207253445757,0.762710886409116,15.0804652641115,2.21314189651527,307.627972939138,0.0762797293913839,0.0047284999999999,101.79785,15.1369860660775,0.0098361862067345,15.0390644915101,,,0.05,0.0,27.1589933435983,-8.24708744426565,0.276017406997116,0.0,101.325,15.0,1.22501226599069,0.0933333333333333,STARTING,UNIT-healthy-0001,high_throttle_climb_heavy-M001,SIMULATED
3,741.029062216322,21.0,1.62960802056873,0.14,15.0625988635575,15.0625988635575,15.0625988635575,15.0625988635575,816.275576097654,816.275576097654,816.275576097654,816.275576097654,0.869394083290271,15.1290498352036,3.06909875302185,315.834247973138,0.158342479731375,0.00709275,102.034275,15.2053087179747,0.0136404389023193,15.0640682033909,1136.41213106726,0.0716019347131734,0.05,0.0,27.1586358636667,-4.34580945751485,0.381973743410475,0.0,101.325,15.0,1.22501226599069,0.14,IDLE,UNIT-healthy-0001,high_throttle_climb_heavy-M001,SIMULATED
4,839.47612656214,21.7368876958266,1.91088402407465,0.14,15.0863467170829,15.0863467170829,15.0863467170829,15.0863467170829,563.979981987836,563.979981987836,563.979981987836,563.979981987836,0.920488109685751,15.1743987290842,2.3403284446877,318.567294161049,0.185672941610492,0.0094260358056135,102.267603580561,15.2726257811571,0.0154843177639309,15.0882750008654,1136.41213106726,0.0716019347131734,0.05,0.0,27.1584555732339,-2.47732596397072,0.432719652867082,0.0,101.325,15.0,1.22501226599069,0.14,IDLE,UNIT-healthy-0001,high_throttle_climb_heavy-M001,SIMULATED
5,869.078626200415,22.2894676890744,2.02855778794698,0.14,15.1081793327813,15.1081793327813,15.1081793327813,15.1081793327813,549.846100725254,549.846100725254,549.846100725254,549.846100725254,0.935851806998016,15.2151376616904,2.36128614203336,319.710682959809,0.197106829598087,0.0111757285498583,102.442572854986,15.3230337994337,0.0160549625455247,15.1104586303687,1136.41213106726,0.0716019347131734,0.05,0.0,27.1583341962772,-1.91548297199862,0.447978673299183,0.0,101.325,15.0,1.22501226599069,0.14,IDLE,UNIT-healthy-0001,high_throttle_climb_heavy-M001,SIMULATED
6,878.498929089176,22.4653133429979,2.06672329597717,0.14,15.1301300875066,15.1301300875066,15.1301300875066,15.1301300875066,545.567877994847,545.567877994847,545.567877994847,545.567877994847,0.940740944197282,15.2558876122684,2.36808341901353,320.081521904232,0.200815219042316,0.011732527327477,102.498252732748,15.3390620723066,0.0162369075922214,15.1327059196042,1136.41213106726,0.0716019347131734,0.05,0.0,27.1582318242957,-1.73669260851154,0.452834499530503,0.0,101.325,15.0,1.22501226599069,0.14,IDLE,UNIT-healthy-0001,high_throttle_climb_heavy-M001,SIMULATED
7,881.432810851717,22.5200791358987,2.07868050548044,0.14,15.1521189005146,15.1521189005146,15.1521189005146,15.1521189005146,544.256104900526,544.256104900526,544.256104900526,544.256104900526,0.942263628832041,15.2965992251888,2.37021299802607,320.197705316409,0.201977053164091,0.0119059380764044,102.51559380764,15.3440526859914,0.0162936075679704,15.154934679318,1136.41213106726,0.0716019347131734,0.05,0.0,27.1581354358645,-1.68101342562464,0.45434680971738,0.0,101.325,15.0,1.22501226599069,0.14,IDLE,UNIT-healthy-0001,high_throttle_climb_heavy-M001,SIMULATED
8,882.340359085259,22.5370200362582,2.08238608712497,0.14,15.1741198741633,15.1741198741633,15.1741198741633,15.1741198741633,543.852286303266,543.852286303266,543.852286303266,543.852286303266,0.94273464636525,15.3372565164722,2.37087296211696,320.233710968016,0.202337109680159,0.0119595798491832,102.520957984918,15.3455963284197,0.0163111501013589,15.1771186253089,1136.41213106726,0.0716019347131734,0.05,0.0,27.1580409046889,-1.66379386765757,0.454814618085185,0.0,101.325,15.0,1.22501226599069,0.14,IDLE,UNIT-healthy-0001,high_throttle_climb_heavy-M001,SIMULATED
9,882.620427783828,22.5422479852981,2.08353027700235,0.14,15.1961248184565,15.1961248184565,15.1961248184565,15.1961248184565,543.727854044154,543.727854044154,543.727854044154,543.727854044154,0.942880002019807,15.3778544918246,2.37107674233412,320.244828602452,0.202448286024519,0.011976133659698,102.52261336597,15.346072683657,0.0163165640311446,15.1992497386329,1136.41213106726,0.0716019347131734,0.05,0.0,27.1579469473611,-1.65848385717724,0.454958983393726,0.0,101.325,15.0,1.22501226599069,0.14,IDLE,UNIT-healthy-0001,high_throttle_climb_heavy-M001,SIMULATED
10,882.706875912613,22.5438616837021,2.08388351326468,0.14,15.2181311080101,15.2181311080101,15.2181311080101,15.2181311080101,543.689463518849,543.689463518849,543.689463518849,543.689463518849,0.942924868598646,15.4183916149726,2.37113965371244,320.248260857632,0.202482608576325,0.01198124328441,102.523124328441,15.346219717968,0.016318235165997,15.2213257375691,1136.41213106726,0.0716019347131734,0.05,0.0,27.1578531671295,-1.65684877365821,0.455003544284852,0.0,101.325,15.0,1.22501226599069,0.14,IDLE,UNIT-healthy-0001,high_throttle_climb_heavy-M001,SIMULATED
11,882.733554514392,22.5443596842687,2.08399253077287,0.14,15.240137839706,15.240137839706,15.240137839706,15.240137839706,543.677617571082,543.677617571082,543.677617571082,543.677617571082,0.94293871479297,15.4588674248359,2.37115906973065,320.249320137064,0.202493201370643,0.0119828201565162,102.523282015652,15.346265093857,0.0163187508948013,15.2433461137649,1136.41213106726,0.0716019347131734,0.05,0.0,27.157759441556,-1.65634812236129,0.455017296141439,0.0,101.325,15.0,1.22501226599069,0.14,IDLE,UNIT-healthy-0001,high_throttle_climb_heavy-M001,SIMULATED
12,882.741787277685,22.5445133625168,2.084026173103,0.14,15.2621446440853,15.2621446440853,15.2621446440853,15.2621446440853,543.67396218432,543.67396218432,543.67396218432,543.67396218432,0.942942987597119,15.4992817924407,2.37116506142964,320.249647026102,0.20249647026102,0.0119833067642817,102.523330676428,15.3462790964156,0.0163189100440895,15.2653109060698,1136.41213106726,0.0716019347131734,0.05,0.0,27.1576657328488,-1.65619757635273,0.455021539833858,0.0,101.325,15.0,1.22501226599069,0.14,IDLE,UNIT-healthy-0001,high_throttle_climb_heavy-M001,SIMULATED
13,882.744327781806,22.5445607852604,2.08403655466212,0.14,15.2841513171513,15.2841513171513,15.2841513171513,15.2841513171513,543.672834203452,543.672834203452,543.672834203452,543.672834203452,0.942944306118757,15.5396346919574,2.37116691038532,320.249747899551,0.202497478995509,0.0119834569239533,102.523345692395,15.3462834173888,0.016318959155138,15.2872203207244,1136.41213106726,0.0716019347131734,0.05,0.0,27.1575720293464,-1.65615507083377,0.455022849372065,0.0,101.325,15.0,1.22501226599069,0.14,IDLE,UNIT-healthy-0001,high_throttle_climb_heavy-M001,SIMULATED
14,882.745111737686,22.5445754191035,2.08403975823781,0.14,15.3061577066239,15.3061577066239,15.3061577066239,15.3061577066239,543.672486129409,543.672486129409,543.672486129409,543.672486129409,0.942944712991859,15.5799261299879,2.37116748094215,320.249779027412,0.202497790274119,0.0119835032606457,102.523350326065,15.3462847507668,0.0163189743099655,15.3090746140487,1136.41213106726,0.0716019347131734,0.05,0.0,27.15747832745,-1.65614590517798,0.455023253473034,0.0,101.325,15.0,1.22501226599069,0.14,IDLE,UNIT-healthy-0001,high_throttle_climb_heavy-M001,SIMULATED
15,882.745353652549,22.5445799348476,2.08404074680487,0.14,15.3281636768448,15.3281636768448,15.3281636768448,15.3281636768448,543.672378720079,543.672378720079,543.672378720079,543.672378720079,0.942944838545673,15.6201561237322,2.37116765700595,320.249788632922,0.202497886329218,0.011983517559326,102.523351755933,15.3462851622235,0.0163189789864763,15.3308740562658,1136.41213106726,0.0716019347131734,0.05,0.0,27.1573846260493,-1.65614702770169,0.455023378171417,0.0,101.325,15.0,1.22501226599069,0.14,IDLE,UNIT-healthy-0001,high_throttle_climb_heavy-M001,SIMULATED
16,882.745428303138,22.5445813283252,2.08404105185898,0.14,15.3501690979409,15.3501690979409,15.3501690979409,15.3501690979409,543.672345575498,543.672345575498,543.672345575498,543.672345575498,0.942944877289329,15.6603246942441,2.37116771133608,320.24979159701,0.202497915970103,0.0119835219716425,102.523352197164,15.3462852891917,0.0163189804295637,15.3526189203517,1136.41213106726,0.0716019347131734,0.05,0.0,27.1572909248015,-1.6561513250139,0.455023416651102,0.0,101.325,15.0,1.22501226599069,0.14,IDLE,UNIT-healthy-0001,high_throttle_climb_heavy-M001,SIMULATED
17,882.74545134441,22.544581758429,2.08404114601544,0.14,15.3721738424758,15.3721738424758,15.3721738424758,15.3721738424758,543.672335345261,543.672335345261,543.672335345261,543.672335345261,0.942944889247749,15.7004318643424,2.37116772810535,320.249792511891,0.202497925118909,0.0119835233335257,102.523352333353,15.346285328381,0.0163189808749798,15.3743094786091,1136.41213106726,0.0716019347131734,0.05,0.0,27.1571972236009,-1.65615660193632,0.455023428528047,0.0,101.325,15.0,1.22501226599069,0.14,IDLE,UNIT-healthy-0001,high_throttle_climb_heavy-M001,SIMULATED
18,882.745458451039,22.5445818910861,2.08404117505616,0.14,15.3941777844107,15.3941777844107,15.3941777844107,15.3941777844107,543.672332189946,543.672332189946,543.672332189946,543.672332189946,0.942944892936089,15.7404776579597,2.3711677332775,320.249792794068,0.202497927940679,0.0119835237535718,102.523352375357,15.3462853404682,0.0163189810123596,15.3959460016237,1136.41213106726,0.0716019347131734,0.05,0.0,27.1571035224149,-1.65616218134677,0.455023432191257,0.0,101.325,15.0,1.22501226599069,0.14,IDLE,UNIT-healthy-0001,high_throttle_climb_heavy-M001,SIMULATED
19,882.745460642668,22.5445819319965,2.08404118401209,0.14,15.4161807987795,15.4161807987795,15.4161807987795,15.4161807987795,543.672331216871,543.672331216871,543.672331216871,543.672331216871,0.942944894073545,15.7804620999342,2.37116773487255,320.249792881089,0.202497928810891,0.0119835238831108,102.523352388311,15.3462853441958,0.0163189810547265,15.4175287579566,1136.41213106726,0.0716019347131734,0.05,0.0,27.1570098212333,-1.65616785408646,0.455023433320963,0.0,101.325,15.0,1.22501226599069,0.14,IDLE,UNIT-healthy-0001,high_throttle_climb_heavy-M001,SIMULATED
20,882.745461318552,22.544581944613,2.08404118677404,0.14,15.4381827615832,15.4381827615832,15.4381827615832,15.4381827615832,543.672330916781,543.672330916781,543.672330916781,543.672330916781,0.942944894424328,15.8203852159392,2.37116773536446,320.249792907926,0.202497929079259,0.0119835239230595,102.523352392306,15.3462853453454,0.0163189810677922,15.4390580140625,1136.41213106726,0.0716019347131734,0.05,0.0,27.1569161200532,-1.6561735556355,0.455023433669357,0.0,101.325,15.0,1.22501226599069,0.14,IDLE,UNIT-healthy-0001,high_throttle_climb_heavy-M001,SIMULATED
21,882.745461526987,22.5445819485038,2.08404118762579,0.14,15.4601835497521,15.4601835497521,15.4601835497521,15.4601835497521,543.672330824236,543.672330824236,543.672330824236,543.672330824236,0.942944894532506,15.8602470324538,2.37116773551615,320.249792916202,0.20249792916202,0.0119835239353795,102.523352393538,15.3462853456999,0.0163189810718215,15.4605340342789,1136.41213106726,0.0716019347131734,0.05,0.0,27.1568224188735,-1.6561792660965,0.455023433776797,0.0,101.325,15.0,1.22501226599069,0.14,IDLE,UNIT-healthy-0001,high_throttle_climb_heavy-M001,SIMULATED
22,882.745461591266,22.5445819497036,2.08404118788846,0.14,15.4821830411294,15.4821830411294,15.4821830411294,15.4821830411294,543.672330795697,543.672330795697,543.672330795697,543.672330795697,0.942944894565867,15.900047576748,2.37116773556294,320.249792918754,0.202497929187543,0.0119835239391788,102.523352393918,15.3462853458092,0.0163189810730641,15.4819570808356,1136.41213106726,0.0716019347131734,0.05,0.0,27.1567287176939,-1.65618497933312,0.455023433809931,0.0,101.325,15.0,1.22501226599069,0.14,IDLE,UNIT-healthy-0001,high_throttle_climb_heavy-M001,SIMULATED
23,882.74546161109,22.5445819500737,2.08404118796947,0.14,15.5041811144616,15.5041811144616,15.5041811144616,15.5041811144616,543.672330786895,543.672330786895,543.672330786895,543.672330786895,0.942944894576156,15.9397868768708,2.37116773557736,320.249792919541,0.202497929195414,0.0119835239403506,102.523352394035,15.3462853458429,0.0163189810734473,15.5033274138715,1136.41213106726,0.0716019347131734,0.05,0.0,27.1566350165143,-1.65619069345299,0.455023433820149,0.0,101.325,15.0,1.22501226599069,0.14,IDLE,UNIT-healthy-0001,high_throttle_climb_heavy-M001,SIMULATED
24,882.745461617203,22.5445819501878,2.08404118799445,0.14,15.52617764939,15.52617764939,15.52617764939,15.52617764939,543.672330784181,543.672330784181,543.672330784181,543.672330784181,0.942944894579328,15.9794649616406,2.37116773558181,320.249792919784,0.202497929197842,0.0119835239407119,102.523352394071,15.3462853458533,0.0163189810735655,15.5246452914528,1136.41213106726,0.0716019347131734,0.05,0.0,27.1565413153348,-1.65619640787253,0.455023433823301,0.0,101.325,15.0,1.22501226599069,0.14,IDLE,UNIT-healthy-0001,high_throttle_climb_heavy-M001,SIMULATED
25,882.745461619088,22.544581950223,2.08404118800216,0.14,15.5481725264441,15.5481725264441,15.5481725264441,15.5481725264441,543.672330783344,543.672330783344,543.672330783344,543.672330783344,0.942944894580307,16.0190818606352,2.37116773558318,320.249792919859,0.20249792919859,0.0119835239408232,102.523352394082,15.3462853458565,0.0163189810736019,15.5459109695917,1136.41213106726,0.0716019347131734,0.05,0.0,27.1564476141553,-1.65620212241176,0.455023433824272,0.0,101.325,15.0,1.22501226599069,0.14,IDLE,UNIT-healthy-0001,high_throttle_climb_heavy-M001,SIMULATED
26,882.74546161967,22.5445819502338,2.08404118800453,0.14,15.570165627034,15.570165627034,15.570165627034,15.570165627034,543.672330783086,543.672330783086,543.672330783086,543.672330783086,0.942944894580608,16.0586376041824,2.37116773558361,320.249792919882,0.202497929198821,0.0119835239408576,102.523352394086,15.3462853458575,0.0163189810736132,15.5671247022656,1136.41213106726,0.0716019347131734,0.05,0.0,27.1563539129757,-1.65620783701517,0.455023433824572,0.0,101.325,15.0,1.22501226599069,0.14,IDLE,UNIT-healthy-0001,high_throttle_climb_heavy-M001,SIMULATED
27,882.745461619849,22.5445819502372,2.08404118800527,0.14,15.5921568334438,15.5921568334438,15.5921568334438,15.5921568334438,543.672330783006,543.672330783006,543.672330783006,543.672330783006,0.942944894580702,16.0981322233511,2.37116773558374,320.249792919889,0.202497929198892,0.0119835239408682,102.523352394087,15.3462853458578,0.0163189810736166,15.5882867414353,1136.41213106726,0.0716019347131734,0.05,0.0,27.1562602117962,-1.65621355166565,0.455023433824664,0.0,101.325,15.0,1.22501226599069,0.14,IDLE,UNIT-healthy-0001,high_throttle_climb_heavy-M001,SIMULATED
28,882.745461619904,22.5445819502382,2.08404118800549,0.14,15.6141460288252,15.6141460288252,15.6141460288252,15.6141460288252,543.672330782982,543.672330782982,543.672330782982,543.672330782982,0.94294489458073,16.1375657499419,2.37116773558378,320.249792919891,0.202497929198914,0.0119835239408715,102.523352394087,15.346285345858,0.0163189810736177,15.609397337064,1136.41213106726,0.0716019347131734,0.05,0.0,27.1561665106167,-1.65621926635792,0.455023433824693,0.0,101.325,15.0,1.22501226599069,0.14,IDLE,UNIT-healthy-0001,high_throttle_climb_heavy-M001,SIMULATED
29,882.745461619921,22.5445819502385,2.08404118800556,0.14,15.6361330971901,15.6361330971901,15.6361330971901,15.6361330971901,543.672330782974,543.672330782974,543.672330782974,543.672330782974,0.942944894580739,16.1769382164781,2.37116773558379,320.249792919892,0.202497929198921,0.0119835239408725,102.523352394087,15.346285345858,0.016318981073618,15.6304567371355,1136.41213106726,0.0716019347131734,0.05,0.0,27.1560728094371,-1.65622498109035,0.455023433824702,0.0,101.325,15.0,1.22501226599069,0.14,IDLE,UNIT-healthy-0001,high_throttle_climb_heavy-M001,SIMULATED
30,882.745461619927,22.5445819502386,2.08404118800558,0.14,15.6581179234043,15.6581179234043,15.6581179234043,15.6581179234043,543.672330782972,543.672330782972,543.672330782972,543.672330782972,0.942944894580742,16.2162496561968,2.37116773558379,320.249792919892,0.202497929198923,0.0119835239408727,102.523352394087,15.346285345858,0.0163189810736181,15.6514651876722,1136.41213106726,0.0716019347131734,0.05,0.0,27.1559791082576,-1.65623069586245,0.455023433824704,0.0,101.325,15.0,1.22501226599069,0.14,IDLE,UNIT-healthy-0001,high_throttle_climb_heavy-M001,SIMULATED
31,882.745461619928,22.5445819502387,2.08404118800559,0.14,15.680100393181,15.680100393181,15.680100393181,15.680100393181,543.672330782971,543.672330782971,543.672330782971,543.672330782971,0.942944894580743,16.2555001030398,2.3711677355838,320.249792919892,0.202497929198924,0.011983523940873,102.523352394087,15.346285345858,0.0163189810736182,15.6724229327535,1136.41213106726,0.0716019347131734,0.05,0.0,27.1558854070781,-1.65623641067405,0.455023433824705,0.0,101.325,15.0,1.22501226599069,0.14,IDLE,UNIT-healthy-0001,high_throttle_climb_heavy-M001,SIMULATED
32,882.745461619929,22.5445819502387,2.08404118800559,0.14,15.7020803930739,15.7020803930739,15.7020803930739,15.7020803930739,543.672330782971,543.672330782971,543.672330782971,543.672330782971,0.942944894580743,16.2946895916451,2.3711677355838,320.249792919892,0.202497929198924,0.011983523940873,102.523352394087,15.346285345858,0.0163189810736182,15.6933302145335,1136.41213106726,0.0716019347131734,0.05,0.0,27.1557917058985,-1.65624212552511,0.455023433824705,0.0,101.325,15.0,1.22501226599069,0.14,IDLE,UNIT-healthy-0001,high_throttle_climb_heavy-M001,SIMULATED
33,882.745461619929,22.5445819502387,2.08404118800559,0.14,15.7240578104712,15.7240578104712,15.7240578104712,15.7240578104712,543.672330782971,543.672330782971,543.672330782971,543.672330782971,0.942944894580743,16.3338181573381,2.3711677355838,320.249792919892,0.202497929198924,0.011983523940873,102.523352394087,15.346285345858,0.0163189810736182,15.7141872732584,1136.41213106726,0.0716019347131734,0.05,0.0,27.155698004719,-1.65624784041562,0.455023433824705,0.0,101.325,15.0,1.22501226599069,0.14,IDLE,UNIT-healthy-0001,high_throttle_climb_heavy-M001,SIMULATED
34,882.745461619929,22.5445819502387,2.08404118800559,0.14,15.7460325335887,15.7460325335887,15.7460325335887,15.7460325335887,543.672330782971,543.672330782971,543.672330782971,543.672330782971,0.942944894580743,16.3728858361229,2.3711677355838,320.249792919892,0.202497929198924,0.011983523940873,102.523352394087,15.346285345858,0.0163189810736182,15.7349943472847,1136.41213106726,0.0716019347131734,0.05,0.0,27.1556043035395,-1.65625355534556,0.455023433824705,0.0,101.325,15.0,1.22501226599069,0.14,IDLE,UNIT-healthy-0001,high_throttle_climb_heavy-M001,SIMULATED
35,882.745461619929,22.5445819502387,2.08404118800559,0.14,15.7680044514636,15.7680044514636,15.7680044514636,15.7680044514636,543.672330782971,543.672330782971,543.672330782971,543.672330782971,0.942944894580743,16.4118926646739,2.3711677355838,320.249792919892,0.202497929198924,0.011983523940873,102.523352394087,15.346285345858,0.0163189810736182,15.7557516730958,1136.41213106726,0.0716019347131734,0.05,0.0,27.1555106023599,-1.65625927031495,0.455023433824705,0.0,101.325,15.0,1.22501226599069,0.14,IDLE,UNIT-healthy-0001,high_throttle_climb_heavy-M001,SIMULATED
36,882.745461619929,22.5445819502387,2.08404118800559,0.14,15.7899734539484,15.7899734539484,15.7899734539484,15.7899734539484,543.672330782971,543.672330782971,543.672330782971,543.672330782971,0.942944894580743,16.4508386803275,2.3711677355838,320.249792919892,0.202497929198924,0.011983523940873,102.523352394087,15.346285345858,0.0163189810736182,15.7764594853196,1136.41213106726,0.0716019347131734,0.05,0.0,27.1554169011804,-1.65626498532377,0.455023433824705,0.0,101.325,15.0,1.22501226599069,0.14,IDLE,UNIT-healthy-0001,high_throttle_climb_heavy-M001,SIMULATED
37,882.745461619929,22.5445819502387,2.08404118800559,0.14,15.8119394317044,15.8119394317044,15.8119394317044,15.8119394317044,543.672330782971,543.672330782971,543.672330782971,543.672330782971,0.942944894580743,16.4897239210732,2.3711677355838,320.249792919892,0.202497929198924,0.011983523940873,102.523352394087,15.346285345858,0.0163189810736182,15.7971180167458,1136.41213106726,0.0716019347131734,0.05,0.0,27.1553232000009,-1.65627070037204,0.455023433824705,0.0,101.325,15.0,1.22501226599069,0.14,IDLE,UNIT-healthy-0001,high_throttle_climb_heavy-M001,SIMULATED
38,882.745461619929,22.5445819502387,2.08404118800559,0.14,15.8339022761954,15.8339022761954,15.8339022761954,15.8339022761954,543.672330782971,543.672330782971,543.672330782971,543.672330782971,0.942944894580743,16.528548425546,2.3711677355838,320.249792919892,0.202497929198924,0.011983523940873,102.523352394087,15.346285345858,0.0163189810736182,15.8177274983419,1136.41213106726,0.0716019347131734,0.05,0.0,27.1552294988214,-1.65627641545974,0.455023433824705,0.0,101.325,15.0,1.22501226599069,0.14,IDLE,UNIT-healthy-0001,high_throttle_climb_heavy-M001,SIMULATED
39,882.745461619929,22.5445819502387,2.08404118800559,0.14,15.8558618796817,15.8558618796817,15.8558618796817,15.8558618796817,543.672330782971,543.672330782971,543.672330782971,543.672330782971,0.942944894580743,16.5673122330179,2.3711677355838,320.249792919892,0.202497929198924,0.011983523940873,102.523352394087,15.346285345858,0.0163189810736182,15.8382881592708,1136.41213106726,0.0716019347131734,0.05,0.0,27.1551357976418,-1.65628213058689,0.455023433824705,0.0,101.325,15.0,1.22501226599069,0.14,IDLE,UNIT-healthy-0001,high_throttle_climb_heavy-M001,SIMULATED
40,882.745461619929,22.5445819502387,2.08404118800559,0.14,15.8778181352143,15.8778181352143,15.8778181352143,15.8778181352143,543.672330782971,543.672330782971,543.672330782971,543.672330782971,0.942944894580743,16.6060153833898,2.3711677355838,320.249792919892,0.202497929198924,0.011983523940873,102.523352394087,15.346285345858,0.0163189810736182,15.8588002269069,1136.41213106726,0.0716019347131734,0.05,0.0,27.1550420964623,-1.65628784575348,0.455023433824705,0.0,101.325,15.0,1.22501226599069,0.14,IDLE,UNIT-healthy-0001,high_throttle_climb_heavy-M001,SIMULATED
41,882.745461619929,22.5445819502387,2.08404118800559,0.14,15.8997709366281,15.8997709366281,15.8997709366281,15.8997709366281,543.672330782971,543.672330782971,543.672330782971,543.672330782971,0.942944894580743,16.6446579171835,2.3711677355838,320.249792919892,0.202497929198924,0.011983523940873,102.523352394087,15.346285345858,0.0163189810736182,15.8792639268526,1136.41213106726,0.0716019347131734,0.05,0.0,27.1549483952828,-1.65629356095951,0.455023433824705,0.0,101.325,15.0,1.22501226599069,0.14,IDLE,UNIT-healthy-0001,high_throttle_climb_heavy-M001,SIMULATED
42,882.745461619929,22.5445819502387,2.08404118800559,0.14,15.9217201785367,15.9217201785367,15.9217201785367,15.9217201785367,543.672330782971,543.672330782971,543.672330782971,543.672330782971,0.942944894580743,16.6832398755337,2.3711677355838,320.249792919892,0.202497929198924,0.011983523940873,102.523352394087,15.346285345858,0.0163189810736182,15.8996794829545,1136.41213106726,0.0716019347131734,0.05,0.0,27.1548546941032,-1.65629927620498,0.455023433824705,0.0,101.325,15.0,1.22501226599069,0.14,IDLE,UNIT-healthy-0001,high_throttle_climb_heavy-M001,SIMULATED
43,882.745461619929,22.5445819502387,2.08404118800559,0.14,15.9436657563259,15.9436657563259,15.9436657563259,15.9436657563259,543.672330782971,543.672330782971,543.672330782971,543.672330782971,0.942944894580743,16.7217613001805,2.3711677355838,320.249792919892,0.202497929198924,0.011983523940873,102.523352394087,15.346285345858,0.0163189810736182,15.9200471173195,1136.41213106726,0.0716019347131734,0.05,0.0,27.1547609929237,-1.65630499148989,0.455023433824705,0.0,101.325,15.0,1.22501226599069,0.14,IDLE,UNIT-healthy-0001,high_throttle_climb_heavy-M001,SIMULATED
44,882.745461619929,22.5445819502387,2.08404118800559,0.14,15.965607566148,15.965607566148,15.965607566148,15.965607566148,543.672330782971,543.672330782971,543.672330782971,543.672330782971,0.942944894580743,16.760222233461,2.3711677355838,320.249792919892,0.202497929198924,0.011983523940873,102.523352394087,15.346285345858,0.0163189810736182,15.9403670503306,1136.41213106726,0.0716019347131734,0.05,0.0,27.1546672917442,-1.65631070681425,0.455023433824705,0.0,101.325,15.0,1.22501226599069,0.14,IDLE,UNIT-healthy-0001,high_throttle_climb_heavy-M001,SIMULATED
45,882.745461619929,22.5445819502387,2.08404118800559,0.14,15.9875455049162,15.9875455049162,15.9875455049162,15.9875455049162,543.672330782971,543.672330782971,543.672330782971,543.672330782971,0.942944894580743,16.7986227183022,2.3711677355838,320.249792919892,0.202497929198924,0.011983523940873,102.523352394087,15.346285345858,0.0163189810736182,15.9606395006631,1136.41213106726,0.0716019347131734,0.05,0.0,27.1545735905646,-1.65631642217805,0.455023433824705,0.0,101.325,15.0,1.22501226599069,0.14,IDLE,UNIT-healthy-0001,high_throttle_climb_heavy-M001,SIMULATED
46,882.745461619929,22.5445819502387,2.08404118800559,0.14,16.0094794702984,16.0094794702984,16.0094794702984,16.0094794702984,543.672330782971,543.672330782971,543.672330782971,543.672330782971,0.942944894580743,16.8369627982131,2.3711677355838,320.249792919892,0.202497929198924,0.011983523940873,102.523352394087,15.346285345858,0.0163189810736182,15.9808646852996,1136.41213106726,0.0716019347131734,0.05,0.0,27.1544798893851,-1.65632213758129,0.455023433824705,0.0,101.325,15.0,1.22501226599069,0.14,IDLE,UNIT-healthy-0001,high_throttle_climb_heavy-M001,SIMULATED
47,882.745461619929,22.5445819502387,2.08404118800559,0.14,16.0314093607116,16.0314093607116,16.0314093607116,16.0314093607116,543.672330782971,543.672330782971,543.672330782971,543.672330782971,0.942944894580743,16.875242517277,2.3711677355838,320.249792919892,0.202497929198924,0.011983523940873,102.523352394087,15.346285345858,0.0163189810736182,16.001042819546,1136.41213106726,0.0716019347131734,0.05,0.0,27.1543861882056,-1.65632785302398,0.455023433824705,0.0,101.325,15.0,1.22501226599069,0.14,IDLE,UNIT-healthy-0001,high_throttle_climb_heavy-M001,SIMULATED
48,882.745461619929,22.5445819502387,2.08404118800559,0.14,16.0533350753165,16.0533350753165,16.0533350753165,16.0533350753165,543.672330782971,543.672330782971,543.672330782971,543.672330782971,0.942944894580743,16.9134619201444,2.3711677355838,320.249792919892,0.202497929198924,0.011983523940873,102.523352394087,15.346285345858,0.0163189810736182,16.0211741170467,1136.41213106726,0.0716019347131734,0.05,0.0,27.154292487026,-1.65633356850611,0.455023433824705,0.0,101.325,15.0,1.22501226599069,0.14,IDLE,UNIT-healthy-0001,high_throttle_climb_heavy-M001,SIMULATED
49,882.745461619929,22.5445819502387,2.08404118800559,0.14,16.0752565140113,16.0752565140113,16.0752565140113,16.0752565140113,543.672330782971,543.672330782971,543.672330782971,543.672330782971,0.942944894580743,16.9516210520255,2.3711677355838,320.249792919892,0.202497929198924,0.011983523940873,102.523352394087,15.346285345858,0.0163189810736182,16.0412587897997,1136.41213106726,0.0716019347131734,0.05,0.0,27.1541987858465,-1.65633928402769,0.455023433824705,0.0,101.325,15.0,1.22501226599069,0.14,IDLE,UNIT-healthy-0001,high_throttle_climb_heavy-M001,SIMULATED
50,882.745461619929,22.5445819502387,2.08404118800559,0.14,16.0971735774268,16.0971735774268,16.0971735774268,16.0971735774268,543.672330782971,543.672330782971,543.672330782971,543.672330782971,0.942944894580743,16.9897199586826,2.3711677355838,320.249792919892,0.202497929198924,0.011983523940873,102.523352394087,15.346285345858,0.0163189810736182,16.0612970481714,1136.41213106726,0.0716019347131734,0.05,0.0,27.154105084667,-1.65634499958871,0.455023433824705,0.0,101.325,15.0,1.22501226599069,0.14,IDLE,UNIT-healthy-0001,high_throttle_climb_heavy-M001,SIMULATED
51,882.745461619929,22.5445819502387,2.08404118800559,0.14,16.1190861669201,16.1190861669201,16.1190861669201,16.1190861669201,543.672330782971,543.672330782971,543.672330782971,543.672330782971,0.942944894580743,17.0277586864231,2.3711677355838,320.249792919892,0.202497929198924,0.011983523940873,102.523352394087,15.346285345858,0.0163189810736182,16.0812891009123,1136.41213106726,0.0716019347131734,0.05,0.0,27.1540113834874,-1.65635071518918,0.455023433824705,0.0,101.325,15.0,1.22501226599069,0.14,IDLE,UNIT-healthy-0001,high_throttle_climb_heavy-M001,SIMULATED
52,882.745461619929,22.5445819502387,2.08404118800559,0.14,16.1409941845698,16.1409941845698,16.1409941845698,16.1409941845698,543.672330782971,543.672330782971,543.672330782971,543.672330782971,0.942944894580743,17.0657372820925,2.3711677355838,320.249792919892,0.202497929198924,0.011983523940873,102.523352394087,15.346285345858,0.0163189810736182,16.1012351551707,1136.41213106726,0.0716019347131734,0.05,0.0,27.1539176823079,-1.65635643082909,0.455023433824705,0.0,101.325,15.0,1.22501226599069,0.14,IDLE,UNIT-healthy-0001,high_throttle_climb_heavy-M001,SIMULATED
53,882.745461619929,22.5445819502387,2.08404118800559,0.14,16.16289753317,16.16289753317,16.16289753317,16.16289753317,543.672330782971,543.672330782971,543.672330782971,543.672330782971,0.942944894580743,17.103655793067,2.3711677355838,320.249792919892,0.202497929198924,0.011983523940873,102.523352394087,15.346285345858,0.0163189810736182,16.1211354165083,1136.41213106726,0.0716019347131734,0.05,0.0,27.1538239811284,-1.65636214650845,0.455023433824705,0.0,101.325,15.0,1.22501226599069,0.14,IDLE,UNIT-healthy-0001,high_throttle_climb_heavy-M001,SIMULATED
54,882.745461619929,22.5445819502387,2.08404118800559,0.14,16.1847961162255,16.1847961162255,16.1847961162255,16.1847961162255,543.672330782971,543.672330782971,543.672330782971,543.672330782971,0.942944894580743,17.1415142672464,2.3711677355838,320.249792919892,0.202497929198924,0.011983523940873,102.523352394087,15.346285345858,0.0163189810736182,16.1409900889141,1136.41213106726,0.0716019347131734,0.05,0.0,27.1537302799489,-1.65636786222726,0.455023433824705,0.0,101.325,15.0,1.22501226599069,0.14,IDLE,UNIT-healthy-0001,high_throttle_climb_heavy-M001,SIMULATED
55,882.745461619929,22.5445819502387,2.08404118800559,0.14,16.2066898379456,16.2066898379456,16.2066898379456,16.2066898379456,543.672330782971,543.672330782971,543.672330782971,543.672330782971,0.942944894580743,17.1793127530477,2.3711677355838,320.249792919892,0.202497929198924,0.011983523940873,102.523352394087,15.346285345858,0.0163189810736182,16.1607993748187,1136.41213106726,0.0716019347131734,0.05,0.0,27.1536365787693,-1.65637357798552,0.455023433824705,0.0,101.325,15.0,1.22501226599069,0.14,IDLE,UNIT-healthy-0001,high_throttle_climb_heavy-M001,SIMULATED
56,882.745461619929,22.5445819502387,2.08404118800559,0.14,16.2285786032398,16.2285786032398,16.2285786032398,16.2285786032398,543.672330782971,543.672330782971,543.672330782971,543.672330782971,0.942944894580743,17.2170512993975,2.3711677355838,320.249792919892,0.202497929198924,0.011983523940873,102.523352394087,15.346285345858,0.0163189810736182,16.180563475109,1136.41213106726,0.0716019347131734,0.05,0.0,27.1535428775898,-1.65637929378322,0.455023433824705,0.0,101.325,15.0,1.22501226599069,0.14,IDLE,UNIT-healthy-0001,high_throttle_climb_heavy-M001,SIMULATED
57,882.745461619929,22.5445819502387,2.08404118800559,0.14,16.2504623177116,16.2504623177116,16.2504623177116,16.2504623177116,543.672330782971,543.672330782971,543.672330782971,543.672330782971,0.942944894580743,17.2547299557258,2.3711677355838,320.249792919892,0.202497929198924,0.011983523940873,102.523352394087,15.346285345858,0.0163189810736182,16.2002825891419,1136.41213106726,0.0716019347131734,0.05,0.0,27.1534491764103,-1.65638500962037,0.455023433824705,0.0,101.325,15.0,1.22501226599069,0.14,IDLE,UNIT-healthy-0001,high_throttle_climb_heavy-M001,SIMULATED
58,882.745461619929,22.5445819502387,2.08404118800559,0.14,16.272340887654,16.272340887654,16.272340887654,16.272340887654,543.672330782971,543.672330782971,543.672330782971,543.672330782971,0.942944894580743,17.2923487719588,2.3711677355838,320.249792919892,0.202497929198924,0.011983523940873,102.523352394087,15.346285345858,0.0163189810736182,16.219956914758,1136.41213106726,0.0716019347131734,0.05,0.0,27.1533554752307,-1.65639072549697,0.455023433824705,0.0,101.325,15.0,1.22501226599069,0.14,IDLE,UNIT-healthy-0001,high_throttle_climb_heavy-M001,SIMULATED
59,882.745461619929,22.5445819502387,2.08404118800559,0.14,16.2942142200439,16.2942142200439,16.2942142200439,16.2942142200439,543.672330782971,543.672330782971,543.672330782971,543.672330782971,0.942944894580743,17.3299077985126,2.3711677355838,320.249792919892,0.202497929198924,0.011983523940873,102.523352394087,15.346285345858,0.0163189810736182,16.2395866482963,1136.41213106726,0.0716019347131734,0.05,0.0,27.1532617740512,-1.65639644141302,0.455023433824705,0.0,101.325,15.0,1.22501226599069,0.14,IDLE,UNIT-healthy-0001,high_throttle_climb_heavy-M001,SIMULATED
60,882.745461619929,22.5445819502387,2.08404118800559,0.14,16.3160822225372,16.3160822225372,16.3160822225372,16.3160822225372,543.672330782971,543.672330782971,543.672330782971,543.672330782971,0.942944894580743,17.3674070862863,2.3711677355838,320.249792919892,0.202497929198924,0.011983523940873,102.523352394087,15.346285345858,0.0163189810736182,16.2591719846068,,,0.05,0.0,27.1531680728717,-1.65640215736852,0.455023433824705,0.0,101.325,15.0,1.22501226599069,0.14,THROTTLE_TRANSIENT,UNIT-healthy-0001,high_throttle_climb_heavy-M001,SIMULATED
61,2423.24441443911,168.584270134191,42.7802076631171,0.57334690415915,16.359504185458,16.359504185458,16.359504185458,16.359504185458,569.567437050989,569.567437050989,569.567437050989,569.567437050989,1.7424638510939,17.3993188144824,9.62104076697815,715.781013731256,4.15781013731256,0.530114255527969,154.246945467341,28.1067805202443,0.0645434141514568,16.3006829976264,,,0.05,0.0,27.1536754059129,27.5872436342856,1.24909505898923,7.45086611455599,101.235519914544,14.9515693702554,1.22413620384649,0.57334690415915,THROTTLE_TRANSIENT,UNIT-healthy-0001,high_throttle_climb_heavy-M001,SIMULATED
62,3742.05307048948,302.822617951309,118.666154849289,0.992949453309058,16.5207233570215,16.5207233570215,16.5207233570215,16.5207233570215,697.725705275098,697.725705275098,697.725705275098,697.725705275098,2.42692554358404,17.422145713055,26.6031885070071,1453.03757230379,11.5303757230379,1.36950443143092,238.096546968846,43.4115293793767,0.146413079848725,16.4622437303217,3753.28013702518,0.0762938641834422,0.05,0.0,27.1560515214554,52.6178606700213,1.92889333530386,14.901732229112,101.146103825754,14.9031387405108,1.22326062109152,0.992949453309058,CLIMB,UNIT-healthy-0001,high_throttle_climb_heavy-M001,SIMULATED
63,3838.78953291904,299.33120710813,120.330277150031,0.983831301196387,16.7729244818244,16.7729244818244,16.7729244818244,16.7729244818244,689.509307448345,689.509307448345,689.509307448345,689.509307448345,2.47713176758498,17.4825500019191,27.0799911159194,1469.22223182095,11.6922223182095,1.38617025088824,239.673776787433,43.639581677118,0.151084149211176,16.7154404430662,3753.28013702518,0.0762938641834422,0.05,0.0,27.1591263697707,54.4479034804781,1.97875749119538,22.352598343668,101.056751698608,14.8547081107662,1.22238551754401,0.983831301196387,CLIMB,UNIT-healthy-0001,high_throttle_climb_heavy-M001,SIMULATED
64,3839.27599374349,299.787154663672,120.528838519783,0.985345282818425,17.0242267117641,17.0242267117641,17.0242267117641,17.0242267117641,690.195060101239,690.195060101239,690.195060101239,690.195060101239,2.47738424075287,17.5433494076567,27.137203423054,1471.15599312864,11.7115599312864,1.38932602206817,239.900065704914,43.6550591632227,0.151238570612378,16.9657805366016,3753.28013702518,0.0762938641834422,0.05,0.0,27.1622063652677,54.450961174085,1.97900824419767,29.803464458224,100.967463498097,14.8062774810215,1.2215108930222,0.985345282818425,CLIMB,UNIT-healthy-0001,high_throttle_climb_heavy-M001,SIMULATED
65,3817.46503803771,296.060303541247,118.354252357609,0.97260690546048,17.2730715680519,17.2730715680519,17.2730715680519,17.2730715680519,684.545436513328,684.545436513328,684.545436513328,684.545436513328,2.46606435474157,17.6034044609021,26.5158680221195,1450.06009878497,11.5006009878497,1.36591092091773,237.469331280998,43.2523848354082,0.149045140753218,17.2116931412441,3753.28013702518,0.0762938641834422,0.05,0.0,27.1652773625521,54.0309404515022,1.9677654835246,37.25433057278,100.878239189225,14.757846851277,1.22063674734438,0.97260690546048,CLIMB,UNIT-healthy-0001,high_throttle_climb_heavy-M001,SIMULATED
66,3824.32290215349,297.764843094972,119.249506883232,0.978367425956554,17.5199855527569,17.5199855527569,17.5199855527569,17.5199855527569,687.131202450582,687.131202450582,687.131202450582,687.131202450582,2.46962358621766,17.6628636670873,26.7712382572069,1458.75599137422,11.5875599137422,1.3768727377344,238.476352510449,43.3912157388888,0.149880309432798,17.4537609630028,3753.28013702518,0.0762938641834422,0.05,0.0,27.1683370244557,54.1549695773862,1.97130046502757,44.705196687336,100.789078737008,14.7094162215323,1.21976308032886,0.978367425956554,CLIMB,UNIT-healthy-0001,high_throttle_climb_heavy-M001,SIMULATED
67,3818.01895390951,296.458819444375,118.530761041534,0.973945794534695,17.7673234572651,17.7673234572651,17.7673234572651,17.7673234572651,685.089746504213,685.089746504213,685.089746504213,685.089746504213,2.46635183707904,17.7232273870213,26.5667269568654,1451.79480883802,11.5179480883802,1.36968813319246,237.668795425724,43.2438000482704,0.149196025078669,17.6944199823894,3753.28013702518,0.0762938641834422,0.05,0.0,27.1713998738847,54.0292739418569,1.96805100716985,52.1560628018919,100.699982106479,14.6609855917877,1.21888989179401,0.973945794534695,CLIMB,UNIT-healthy-0001,high_throttle_climb_heavy-M001,SIMULATED
68,3819.78879431127,296.948175862917,118.781452067689,0.975600171610712,18.0139138778863,18.0139138778863,18.0139138778863,18.0139138778863,685.800582185582,685.800582185582,685.800582185582,685.800582185582,2.46727038424755,17.7837426542857,26.6383774732005,1454.2362677906,11.542362677906,1.37339790514756,237.950739777436,43.2682714216753,0.149430699083573,17.9324932456433,3753.28013702518,0.0762938641834422,0.05,0.0,27.1744586512551,54.056763922651,1.96896329603674,59.6069289164479,100.61094926268,14.6125549620431,1.21801718155823,0.975600171610712,CLIMB,UNIT-healthy-0001,high_throttle_climb_heavy-M001,SIMULATED
69,3818.23009923192,296.615352281402,118.599904802748,0.974482286245427,18.2606379089565,18.2606379089565,18.2606379089565,18.2606379089565,685.243191682906,685.243191682906,685.243191682906,685.243191682906,2.46646142150137,17.8449511547077,26.5870344133463,1452.4870628698,11.524870628698,1.37223853305599,237.745833476267,43.2158882824182,0.14926580709027,18.1689054717215,3753.28013702518,0.0762938641834422,0.05,0.0,27.1775184485946,54.0211148321686,1.96815984496491,67.0577950310039,100.521980170668,14.5641243322985,1.21714494943996,0.974482286245427,CLIMB,UNIT-healthy-0001,high_throttle_climb_heavy-M001,SIMULATED
70,3824.83599646573,297.772032413645,119.268385699134,0.978434640291292,18.507927436927,18.507927436927,18.507927436927,18.507927436927,686.926958514451,686.926958514451,686.926958514451,686.926958514451,2.46988988216572,17.9070627363233,26.7777294508065,1458.97656490024,11.5897656490024,1.380600207568,238.493095552316,43.3137391884924,0.149947643698706,18.404119828437,3753.28013702518,0.0762938641834422,0.05,0.0,27.180580122647,54.140306792264,1.97156494663182,74.5086611455599,100.433074795515,14.5156937025538,1.21627319525767,0.978434640291292,CLIMB,UNIT-healthy-0001,high_throttle_climb_heavy-M001,SIMULATED
71,3820.96584170611,296.950773555383,118.819093350244,0.975663136249903,18.7555615002519,18.7555615002519,18.7555615002519,18.7555615002519,685.626304228576,685.626304228576,685.626304228576,685.626304228576,2.46788127184547,17.9700023991856,26.6500371090384,1454.6332978449,11.546332978449,1.37643103527529,237.987336629833,43.2139532880347,0.149525403260725,18.6379240577075,3753.28013702518,0.0762938641834422,0.05,0.0,27.183644484625,54.060816691786,1.96957002149799,81.9595272601159,100.344233102304,14.4672630728093,1.21540191882988,0.975663136249903,CLIMB,UNIT-healthy-0001,high_throttle_climb_heavy-M001,SIMULATED
72,3812.62677877594,295.67568512248,118.050688324102,0.971304380790117,19.0015205242803,19.0015205242803,19.0015205242803,19.0015205242803,683.69542899618,683.69542899618,683.69542899618,683.69542899618,2.46355329818471,18.0325752113261,26.4320965289453,1447.19968404087,11.4719968404087,1.36873031224558,237.128486280689,43.0581873013383,0.148733872150055,18.8682703428503,3753.28013702518,0.0762938641834422,0.05,0.0,27.1867017836607,53.8966273699353,1.96527153545152,89.4103933746719,100.255455056131,14.4188324430646,1.21453111997514,0.971304380790117,CLIMB,UNIT-healthy-0001,high_throttle_climb_heavy-M001,SIMULATED
73,3827.01391410267,298.276717462075,119.538558443341,0.980160316692668,19.2482874270086,19.2482874270086,19.2482874270086,19.2482874270086,687.545958972936,687.545958972936,687.545958972936,687.545958972936,2.47102022141929,18.0961279812917,26.8555759047229,1461.62003339935,11.6162003339935,1.38628186438037,238.794927060145,43.301236138475,0.150228839849215,19.0977328478497,3753.28013702518,0.0762938641834422,0.05,0.0,27.1897608208705,54.1633151645303,1.97268758458901,96.8612594892279,100.166740622107,14.37040181332,1.21366079851204,0.980160316692668,CLIMB,UNIT-healthy-0001,high_throttle_climb_heavy-M001,SIMULATED
74,3832.98447792435,298.892858128276,119.972363986064,0.982324074379493,19.4976959798707,19.4976959798707,19.4976959798707,19.4976959798707,688.353871511008,688.353871511008,688.353871511008,688.353871511008,2.47411894404274,18.161822441572,26.9797762136355,1465.8307531887,11.658307531887,1.3919608611454,239.274175879896,43.356650145206,0.150738789161019,19.3281979420596,3753.28013702518,0.0762938641834422,0.05,0.0,27.1928327995418,54.2703735828226,1.97576519480636,104.312125603784,100.078089765356,14.3219711835754,1.21279095425922,0.982324074379493,CLIMB,UNIT-healthy-0001,high_throttle_climb_heavy-M001,SIMULATED
75,3829.5179939564,298.215602275507,119.592265751285,0.980034465921262,19.7471154468215,19.7471154468215,19.7471154468215,19.7471154468215,687.281233205656,687.281233205656,687.281233205656,687.281233205656,2.47231983886337,18.2281289583432,26.8714843065421,1462.1598370975,11.621598370975,1.38857221680601,238.846724131615,43.2693784587088,0.150374883109596,19.5569770091803,3753.28013702518,0.0762938641834422,0.05,0.0,27.1959059230143,54.1985382495702,1.9739783474002,111.76299171834,99.9895024510139,14.2735405538308,1.21192158703533,0.980034465921262,CLIMB,UNIT-healthy-0001,high_throttle_climb_heavy-M001,SIMULATED
76,3825.97513203684,297.721737230168,119.283755898566,0.978344159472522,19.9955401198471,19.9955401198471,19.9955401198471,19.9955401198471,686.511450628049,686.511450628049,686.511450628049,686.511450628049,2.47048109352712,18.2944254510145,26.7837848489548,1459.18230920581,11.5918230920581,1.38601039552207,238.502018196438,43.1950590802825,0.150054186867327,19.7830611120223,3753.28013702518,0.0762938641834422,0.05,0.0,27.1989747455369,54.125280224302,1.9721521299159,119.213857832896,99.9009786442307,14.2251099240862,1.2110526966591,0.978344159472522,CLIMB,UNIT-healthy-0001,high_throttle_climb_heavy-M001,SIMULATED
77,3830.79022230472,298.604475217634,119.787996294453,0.981349138411501,20.2441428077647,20.2441428077647,20.2441428077647,20.2441428077647,687.780880456525,687.780880456525,687.780880456525,687.780880456525,2.47298012537615,18.3613639387852,26.9277896768775,1464.06928783787,11.6406928783787,1.39254382821242,239.066901131412,43.2640436012983,0.150566045367385,20.0076763542885,3753.28013702518,0.0762938641834422,0.05,0.0,27.2020438153883,54.2104168795733,1.97463413520862,126.664723947452,99.8125183101696,14.1766792943416,1.21018428294926,0.981349138411501,CLIMB,UNIT-healthy-0001,high_throttle_climb_heavy-M001,SIMULATED
78,3822.91723444834,297.151644757129,118.960190817614,0.97642640362277,20.4923499933125,20.4923499933125,20.4923499933125,20.4923499933125,685.556523522795,685.556523522795,685.556523522795,685.556523522795,2.46889404467869,18.4286721231742,26.6922963681982,1456.07167163026,11.5607167163026,1.38413059479515,238.137180893522,43.0974932120781,0.149751087282936,20.2302504257697,3753.28013702518,0.0762938641834422,0.05,0.0,27.2051125623823,54.0551299199169,1.97057589404554,134.115590062008,99.7241214140072,14.1282486645969,1.20931634572459,0.97642640362277,CLIMB,UNIT-healthy-0001,high_throttle_climb_heavy-M001,SIMULATED
79,3824.70471225951,297.668143485083,119.222682098285,0.978162574143278,20.7396487528608,20.7396487528608,20.7396487528608,20.7396487528608,686.303173837111,686.303173837111,686.303173837111,686.303173837111,2.46982174566269,18.4959759614103,26.7671847096387,1458.6182384477,11.586182384477,1.38797680576146,238.433468497079,43.1242429590339,0.149994824704219,20.4502826253692,3753.28013702518,0.0762938641834422,0.05,0.0,27.2081765337192,54.0829067518341,1.97149727436057,141.566456176564,99.6357879209331,14.0798180348523,1.20844888480392,0.978162574143278,CLIMB,UNIT-healthy-0001,high_throttle_climb_heavy-M001,SIMULATED
80,3809.00504851792,294.962588496686,117.654109770992,0.96897656831744,20.9852866190221,20.9852866190221,20.9852866190221,20.9852866190221,682.239373585192,682.239373585192,682.239373585192,682.239373585192,2.4616736201808,18.5629265951017,26.322868084797,1443.46418595155,11.4346418595155,1.37126393694685,236.673911490835,42.8259572229943,0.148416734089673,20.6670226029132,3753.28013702518,0.0762938641834422,0.05,0.0,27.2112348600546,53.7794286702047,1.9634046641845,149.01732229112,99.5475177961501,14.0313874051077,1.20758190000611,0.96897656831744,CLIMB,UNIT-healthy-0001,high_throttle_climb_heavy-M001,SIMULATED
81,3830.31843504095,298.938001333974,119.907024270335,0.982452477910126,21.23152088231,21.23152088231,21.23152088231,21.23152088231,688.12666373465,688.12666373465,688.12666373465,688.12666373465,2.47273526778625,18.6306461319743,26.9625711243076,1465.24795300808,11.6524795300808,1.39744143908434,239.203454913309,43.2055806717921,0.150661331384916,20.8828161444322,3753.28013702518,0.0762938641834422,0.05,0.0,27.2142927684482,54.1770810817021,1.9743909458974,156.468188405676,99.4593110048746,13.9829567753631,1.20671539115006,0.982452477910126,CLIMB,UNIT-healthy-0001,high_throttle_climb_heavy-M001,SIMULATED
82,3839.75464117553,299.932254778775,120.602209493851,0.98592515679893,21.4818097730972,21.4818097730972,21.4818097730972,21.4818097730972,689.455834845196,689.455834845196,689.455834845196,689.455834845196,2.4776326587701,18.7012923645047,27.1615277964813,1471.97761914282,11.7197761914282,1.40602255799189,239.973423311525,43.3066572060981,0.151470255127684,21.1012086756442,3753.28013702518,0.0762938641834422,0.05,0.0,27.2173705164664,54.3496649973282,1.97925496967811,163.919054520232,99.3711675123358,13.9345261456185,1.2058493580547,0.98592515679893,CLIMB,UNIT-healthy-0001,high_throttle_climb_heavy-M001,SIMULATED
83,3828.37473772913,297.867734433957,119.417100461774,0.978931127476229,21.7313789664486,21.7313789664486,21.7313789664486,21.7313789664486,686.333077700741,686.333077700741,686.333077700741,686.333077700741,2.47172648888142,18.7721210154545,26.8236785250706,1460.53727777528,11.6053727777528,1.39359072914884,238.642160198661,43.0771893402319,0.150292523860939,21.3173069796391,3753.28013702518,0.0762938641834422,0.05,0.0,27.2204472691355,54.1280246242388,1.97338904006656,171.369920634788,99.2830872837764,13.8860955158739,1.20498380053901,0.978931127476229,CLIMB,UNIT-healthy-0001,high_throttle_climb_heavy-M001,SIMULATED
84,3812.69395341451,295.547308375214,118.001511996131,0.971011446819386,21.977371241453,21.977371241453,21.977371241453,21.977371241453,682.907066681404,682.907066681404,682.907066681404,682.907066681404,2.46358816182213,18.8414218038941,26.4225079288145,1446.87202926162,11.4687202926162,1.37863341551168,237.05841183562,42.806861836545,0.14881081553073,21.5282113549162,3753.28013702518,0.0762938641834422,0.05,0.0,27.2235085135642,53.8250299671616,1.96530616155387,178.820786749344,99.1950702844521,13.8376648861293,1.204118718422,0.971011446819386,CLIMB,UNIT-healthy-0001,high_throttle_climb_heavy-M001,SIMULATED
85,3801.47233052024,294.022199038482,117.047077153209,0.965795294456167,22.22014745012,22.22014745012,22.22014745012,22.22014745012,680.666088444532,680.666088444532,680.666088444532,680.666088444532,2.45776413954,18.9093936981182,26.1536839985011,1437.66513196403,11.3766513196403,1.36884720151548,235.99183663118,42.6175777332141,0.147793811889793,21.7343310632335,3753.28013702518,0.0762938641834422,0.05,0.0,27.2265549316867,53.6065552001652,1.95952181985579,186.2716528639,99.1071164796321,13.7892342563846,1.20325411152273,0.965795294456167,CLIMB,UNIT-healthy-0001,high_throttle_climb_heavy-M001,SIMULATED
86,3809.94367748682,295.66906489232,117.964969914518,0.971363900523039,22.4627339173205,22.4627339173205,22.4627339173205,22.4627339173205,683.077120124547,683.077120124547,683.077120124547,683.077120124547,2.46216076861566,18.9777082976915,26.4127236803525,1446.53763637471,11.4653763637471,1.38004576377685,237.023802212283,42.7613771197662,0.148703168237688,21.938801400314,3753.28013702518,0.0762938641834422,0.05,0.0,27.229599023278,53.7609273018843,1.96388849354991,193.722518978456,99.0192258345986,13.7408036266401,1.20238997966028,0.971363900523039,CLIMB,UNIT-healthy-0001,high_throttle_climb_heavy-M001,SIMULATED
87,3808.62396048007,295.202196281629,117.73790329752,0.9698245586285,22.706261259192,22.706261259192,22.706261259192,22.706261259192,682.305803002991,682.305803002991,682.305803002991,682.305803002991,2.46147583548916,19.0470949429206,26.3490741702404,1444.36101137383,11.4436101137383,1.37832912031353,236.764310346,42.7002343568017,0.148517661308577,22.1427928204554,3753.28013702518,0.0762938641834422,0.05,0.0,27.2326488235348,53.7299267703648,1.96320822705158,201.173385093012,98.931398314647,13.6923729968954,1.20152632265379,0.9698245586285,CLIMB,UNIT-healthy-0001,high_throttle_climb_heavy-M001,SIMULATED
88,3793.01316161008,292.665027042341,116.247546567835,0.961223407148369,22.9474531514316,22.9474531514316,22.9474531514316,22.9474531514316,678.543182993525,678.543182993525,678.543182993525,678.543182993525,2.45337383087563,19.1157133109096,25.9305752443029,1429.99311483287,11.2999311483287,1.36247679852751,235.091313737837,42.4141577958625,0.146996920027737,22.3429630567858,3753.28013702518,0.0762938641834422,0.05,0.0,27.2356895373593,53.4284774216675,1.95516142351035,208.624251207568,98.8436338850862,13.6439423671508,1.20066314032241,0.961223407148369,CLIMB,UNIT-healthy-0001,high_throttle_climb_heavy-M001,SIMULATED
89,3798.17522071163,293.908761990557,116.900440461345,0.965398601639133,23.187320706016,23.187320706016,23.187320706016,23.187320706016,680.381159299825,680.381159299825,680.381159299825,680.381159299825,2.45605293954934,19.1840186986437,26.1140089103153,1436.3028822038,11.363028822038,1.37072669510103,235.828602021341,42.5115785902987,0.147613038794916,22.5403818802345,3753.28013702518,0.0762938641834422,0.05,0.0,27.2387225819383,53.520214625777,1.95782227871734,216.075117322124,98.755932511238,13.5955117374062,1.19980043248537,0.965398601639133,CLIMB,UNIT-healthy-0001,high_throttle_climb_heavy-M001,SIMULATED
90,3791.62212339858,292.631232204379,116.191495791082,0.96110895612239,23.4271658577079,23.4271658577079,23.4271658577079,23.4271658577079,678.434913131862,678.434913131862,678.434913131862,678.434913131862,2.45265188204386,19.2528395263366,25.9157555462196,1429.48251338212,11.2948251338212,1.36360134927959,235.028429086396,42.3640982404769,0.146927012770103,22.7364006475359,3753.28013702518,0.0762938641834422,0.05,0.0,27.2417570829621,53.3902563287329,1.95444439350442,223.52598343668,98.6682941584376,13.5470811076616,1.19893819896189,0.96110895612239,CLIMB,UNIT-healthy-0001,high_throttle_climb_heavy-M001,SIMULATED
91,3792.21807245967,292.922387861473,116.325381993208,0.962081933045109,23.6660677302019,23.6660677302019,23.6660677302019,23.6660677302019,678.846002665526,678.846002665526,678.846002665526,678.846002665526,2.45296117960657,19.3215974067862,25.9536305314759,1430.7872192724,11.307872192724,1.36599520270582,235.180239062615,42.368297484284,0.147043067300087,22.9300957999629,3753.28013702518,0.0762938641834422,0.05,0.0,27.2447869418242,53.395594057991,1.9547515837421,230.976849551236,98.5807187920332,13.498650477917,1.19807643957126,0.962081933045109,CLIMB,UNIT-healthy-0001,high_throttle_climb_heavy-M001,SIMULATED
92,3790.57934862683,292.606602481528,116.149763985854,0.961032438257053,23.9048620033518,23.9048620033518,23.9048620033518,23.9048620033518,678.33277165662,678.33277165662,678.33277165662,678.33277165662,2.45211068193732,19.3907828832435,25.9049660031066,1429.11068933018,11.2911068933018,1.36487678512782,234.980884890169,42.3164923566001,0.146879052547875,23.1223420345064,3753.28013702518,0.0762938641834422,0.05,0.0,27.2478170072272,53.3586554970567,1.95390688073548,238.427715665792,98.4932063773865,13.4502198481724,1.19721515413281,0.961032438257053,CLIMB,UNIT-healthy-0001,high_throttle_climb_heavy-M001,SIMULATED
93,3798.6349176711,293.996549287951,116.949510133991,0.965743173548623,24.1443056833285,24.1443056833285,24.1443056833285,24.1443056833285,680.327021692702,680.327021692702,680.327021692702,680.327021692702,2.4562915222713,19.4607746537354,26.1294537190508,1436.83328713394,11.3683328713394,1.37473003813218,235.87876069309,42.4395633734299,0.14769599979718,23.3139315748609,3753.28013702518,0.0762938641834422,0.05,0.0,27.2508496992887,53.5050925751866,1.95805923591294,245.878581780348,98.4057568798722,13.4017892184277,1.19635434246588,0.965743173548623,CLIMB,UNIT-healthy-0001,high_throttle_climb_heavy-M001,SIMULATED
94,3809.93895637092,295.674830080924,117.967123908641,0.971463736109673,24.3860388342415,24.3860388342415,24.3860388342415,24.3860388342415,682.70043713051,682.70043713051,682.70043713051,682.70043713051,2.46215831835651,19.5325107628623,26.4161337524042,1446.65418725976,11.4665418725976,1.3869947940724,237.017849672118,42.6005435933801,0.148774992274149,23.5065526284624,3753.28013702518,0.0762938641834422,0.05,0.0,27.2538932882032,53.7129152339731,1.96388605998501,253.329447894904,98.3183702648782,13.3533585886831,1.19549400438989,0.971463736109673,CLIMB,UNIT-healthy-0001,high_throttle_climb_heavy-M001,SIMULATED
95,3798.95422928272,293.586421013836,116.796181350408,0.964444686126588,24.6275562403408,24.6275562403408,24.6275562403408,24.6275562403408,679.565910691366,679.565910691366,679.565910691366,679.565910691366,2.45645724499773,19.6046686812245,26.087475329347,1435.39135358728,11.3539135358728,1.37465840963044,235.696887460849,42.3706275989009,0.147626772005014,23.6976391453232,3753.28013702518,0.0762938641834422,0.05,0.0,27.2569384610145,53.4991789930063,1.95822382952717,260.78031400946,98.2310464978057,13.3049279589385,1.19463413972426,0.964444686126588,CLIMB,UNIT-healthy-0001,high_throttle_climb_heavy-M001,SIMULATED
96,3801.53082477002,294.329426620194,117.171184067204,0.966925826245519,24.8677641462359,24.8677641462359,24.8677641462359,24.8677641462359,680.65100564987,680.65100564987,680.65100564987,680.65100564987,2.45779449805564,19.6765145813334,26.1929583362088,1439.01275084882,11.3901275084882,1.37978108530697,236.121894074766,42.418283257718,0.147970928727989,23.8860931795854,3753.28013702518,0.0762938641834422,0.05,0.0,27.2599768125514,53.5419373819463,1.95955197153094,268.231180124016,98.1437855440688,13.2564973291939,1.19377474828846,0.966925826245519,CLIMB,UNIT-healthy-0001,high_throttle_climb_heavy-M001,SIMULATED
97,3784.53008476306,291.386111415332,115.480705312508,0.957007415700931,25.1062963293805,25.1062963293805,25.1062963293805,25.1062963293805,676.300305407039,676.300305407039,676.300305407039,676.300305407039,2.44897111399203,19.7479535029597,25.7207740532532,1422.75291203534,11.2275291203534,1.36161358296324,234.217945665419,42.0945633541681,0.146271426245014,24.071557661765,3753.28013702518,0.0762938641834422,0.05,0.0,27.2630097008129,53.2145467212615,1.95078870348612,275.682046238572,98.0565873690953,13.2080666994493,1.19291582990201,0.957007415700931,CLIMB,UNIT-healthy-0001,high_throttle_climb_heavy-M001,SIMULATED
98,3815.66664414585,297.022943763963,118.683143718192,0.976006543924335,25.3463777892054,25.3463777892054,25.3463777892054,25.3463777892054,684.52802490757,684.52802490757,684.52802490757,684.52802490757,2.4651309883117,19.8205593717402,26.61931305339,1453.58693176309,11.5358693176309,1.398552174832,237.824669421526,42.6485172660235,0.149483140336197,24.2573669874594,3753.28013702518,0.0762938641834422,0.05,0.0,27.2660459262131,53.7972568642104,1.96683847636384,283.132912353128,97.9694519383259,13.1596360697047,1.19205738438447,0.976006543924335,CLIMB,UNIT-healthy-0001,high_throttle_climb_heavy-M001,SIMULATED
99,3827.77870733488,298.209820531783,119.535631879037,0.980144991423747,25.5919451345398,25.5919451345398,25.5919451345398,25.5919451345398,686.079122734602,686.079122734602,686.079122734602,686.079122734602,2.4714171491068,19.8967736275943,26.8612423799835,1461.81232392108,11.6181232392108,1.4088736373895,238.769742956164,42.7779440577858,0.150491872207043,24.4475441402163,3753.28013702518,0.0762938641834422,0.05,0.0,27.2691098641424,54.0201647667865,1.97308180790458,290.583778467684,97.8823792172143,13.11120543996,1.19119941155541,0.980144991423747,CLIMB,UNIT-healthy-0001,high_throttle_climb_heavy-M001,SIMULATED
100,3823.3723584249,297.287728125747,119.028838620344,0.977061624166003,25.8377844689637,25.8377844689637,25.8377844689637,25.8377844689637,684.6597790597,684.6597790597,684.6597790597,684.6597790597,2.46913025402252,19.9736528210109,26.7180755732042,1456.94863550946,11.5694863550946,1.40400867036195,238.196236207422,42.6674026949563,0.150010067171275,24.6367357151334,3753.28013702518,0.0762938641834422,0.05,0.0,27.272177171457,53.9308059194041,1.97081049403345,298.03464458224,97.7953691712276,13.0627748102154,1.19034191123446,0.977061624166003,CLIMB,UNIT-healthy-0001,high_throttle_climb_heavy-M001,SIMULATED
101,3836.61256826346,299.647290501433,120.389030803366,0.985022559910587,26.0844838182005,26.0844838182005,26.0844838182005,26.0844838182005,688.057569247941,688.057569247941,688.057569247941,688.057569247941,2.47600192292874,20.0514223613879,27.1040690051234,1470.03627232281,11.7003627232281,1.42019143084532,239.727564850378,42.889063762292,0.151391023345434,24.8255604613003,3753.28013702518,0.0762938641834422,0.05,0.0,27.2752473224844,54.1749567655657,1.9776353444657,305.485510696796,97.7084217658462,13.0143441804708,1.1894848832413,0.985022559910587,CLIMB,UNIT-healthy-0001,high_throttle_climb_heavy-M001,SIMULATED
102,3833.64689618645,298.797411834328,119.954779936872,0.982206293376873,26.3324225015369,26.3324225015369,26.3324225015369,26.3324225015369,686.718660078889,686.718660078889,686.718660078889,686.718660078889,2.47446273912077,20.130407771458,26.9810406089909,1465.87357664394,11.6587357664394,1.41611627845869,239.233164812432,42.7912578764056,0.151008753931404,25.0144103808595,3753.28013702518,0.0762938641834422,0.05,0.0,27.2783252545761,54.1128032510414,1.97610664751879,312.936376811352,97.6215369665634,12.9659135507262,1.18862832739562,0.982206293376873,CLIMB,UNIT-healthy-0001,high_throttle_climb_heavy-M001,SIMULATED
103,3846.78733671368,301.132711707565,121.306683868652,0.990082325953411,26.5812807318202,26.5812807318202,26.5812807318202,26.5812807318202,690.072440480739,690.072440480739,690.072440480739,690.072440480739,2.4812826277544,20.2103223601848,27.3660203828695,1478.87246294136,11.7887246294136,1.43220852964375,240.755567703261,43.0108324284382,0.152384720548196,25.2029697184798,3753.28013702518,0.0762938641834422,0.05,0.0,27.2814064267219,54.3549715610887,1.98288007047097,320.387242925908,97.5347147388858,12.9174829209816,1.18777224351717,0.990082325953411,CLIMB,UNIT-healthy-0001,high_throttle_climb_heavy-M001,SIMULATED
104,3829.65475269606,297.903732240236,119.471464081492,0.979233743054854,26.829570343174,26.829570343174,26.829570343174,26.829570343174,685.28583283012,685.28583283012,685.28583283012,685.28583283012,2.47239081664925,20.2904517283768,26.8446113627926,1461.24790470168,11.6124790470168,1.41236530365523,238.684485413856,42.6648293329837,0.150565776305856,25.3897170865786,3753.28013702518,0.0762938641834422,0.05,0.0,27.2844884610596,54.025159522403,1.97404884159591,327.838109040464,97.4479550483331,12.869052291237,1.18691663142572,0.979233743054854,CLIMB,UNIT-healthy-0001,high_throttle_climb_heavy-M001,SIMULATED
105,3841.75368006541,300.416953608196,120.8599949476,0.987654590326131,27.0768540279419,27.0768540279419,27.0768540279419,27.0768540279419,688.944822200389,688.944822200389,688.944822200389,688.944822200389,2.47867015995395,20.3703437145274,27.2388505006364,1474.58731572184,11.7458731572184,1.4289282470679,240.254082567228,42.8922552257648,0.151925303367734,25.5742312073591,3753.28013702518,0.0762938641834422,0.05,0.0,27.2875639363341,54.247620108167,1.98028540209557,335.28897515502,97.3612578604384,12.8206216614924,1.1860614909411,0.987654590326131,CLIMB,UNIT-healthy-0001,high_throttle_climb_heavy-M001,SIMULATED
106,3841.62689284098,300.024183580416,120.697997158623,0.986385921766726,27.3258148197967,27.3258148197967,27.3258148197967,27.3258148197967,688.267725773595,688.267725773595,688.267725773595,688.267725773595,2.47860435738447,20.4516794709587,27.1930956661731,1473.04344313379,11.7304344313379,1.42791003339504,240.065626480252,42.8427166664823,0.151824920736741,25.7592708265241,3753.28013702518,0.0762938641834422,0.05,0.0,27.2906487996322,54.2390933511309,1.98022004785618,342.739841269576,97.2746231407477,12.7721910317478,1.18520682188317,0.986385921766726,CLIMB,UNIT-healthy-0001,high_throttle_climb_heavy-M001,SIMULATED
107,3840.96257988334,299.968671910035,120.654797306389,0.986195546954329,27.5742783929047,27.5742783929047,27.5742783929047,27.5742783929047,688.141928515757,688.141928515757,688.141928515757,688.141928515757,2.47825957895946,20.5331617536518,27.1809445522355,1472.63324891923,11.7263324891923,1.42829297332142,240.017348186962,42.8152218047681,0.151781345678345,25.9426165597215,3753.28013702518,0.0762938641834422,0.05,0.0,27.2937321237388,54.2204199772826,1.97987761849657,350.190707384132,97.1880508548203,12.7237604020032,1.18435262407181,0.986195546954329,CLIMB,UNIT-healthy-0001,high_throttle_climb_heavy-M001,SIMULATED
108,3838.88934233887,299.628456193837,120.452902142435,0.985052142763932,27.8222798596807,27.8222798596807,27.8222798596807,27.8222798596807,687.597996171696,687.597996171696,687.597996171696,687.597996171696,2.47718356867387,20.6148099709079,27.1237287796055,1470.70071168734,11.7070071168734,1.42688054513449,239.789595481677,42.7594719269511,0.151582216516356,26.1243203716871,3753.28013702518,0.0762938641834422,0.05,0.0,27.2968141878997,54.1751476626701,1.97880893934993,357.641573498688,97.1015409682287,12.6753297722585,1.18349889732696,0.985052142763932,CLIMB,UNIT-healthy-0001,high_throttle_climb_heavy-M001,SIMULATED
109,3839.66272355252,299.809338283997,120.549899154701,0.985659844582747,28.0699677397218,28.0699677397218,28.0699677397218,28.0699677397218,687.813229586769,687.813229586769,687.813229586769,687.813229586769,2.47758495352376,20.6966919969913,27.1514372801965,1471.63682124305,11.7163682124305,1.42884007365747,239.899100812306,42.7568186477758,0.151683265565478,26.3045509409954,3753.28013702518,0.0762938641834422,0.05,0.0,27.299895273322,54.183636041475,1.97920758946006,365.092439613244,97.0150934465582,12.6268991425139,1.18264564146859,0.985659844582747,CLIMB,UNIT-healthy-0001,high_throttle_climb_heavy-M001,SIMULATED
110,3841.45177146406,300.083714275343,120.71644287803,0.986593010751395,28.317854500984,28.317854500984,28.317854500984,28.317854500984,688.151464648241,688.151464648241,688.151464648241,688.151464648241,2.47851346938985,20.7791059016245,27.198956130604,1473.24125099781,11.7324125099781,1.43157110217087,240.085818472495,42.7663174294343,0.15186748703203,26.483847345009,3753.28013702518,0.0762938641834422,0.05,0.0,27.3029778824464,54.2112946608943,1.98012977910518,372.5433057278,96.9287082554078,12.5784685127693,1.18179285631672,0.986593010751395,CLIMB,UNIT-healthy-0001,high_throttle_climb_heavy-M001,SIMULATED
111,3865.26875556309,304.059401153539,123.074123061261,1.0,28.5688280278417,28.5688280278417,28.5688280278417,28.5688280278417,693.821276594895,693.821276594895,693.821276594895,693.821276594895,2.49087448413724,20.8636652739982,27.8727258283457,1495.86192448189,11.9586192448189,1.45898601891796,242.740987252185,43.1626558640805,0.154305431614081,26.6651794675345,3753.28013702518,0.0762938641834422,0.05,0.0,27.3060730224318,54.6547492862309,1.99240657503252,379.994171842356,96.8423853603893,12.5300378830247,1.18094054169139,1.0,CLIMB,UNIT-healthy-0001,high_throttle_climb_heavy-M001,SIMULATED
112,3854.60639826355,301.668989042627,121.769724597872,0.992029741529692,28.8212823270388,28.8212823270388,28.8212823270388,28.8212823270388,690.234298803976,690.234298803976,690.234298803976,690.234298803976,2.48534072069878,20.9496227073063,27.4996544058703,1483.36619284253,11.8336619284253,1.44506104091449,241.262228818577,42.9113805367421,0.153063948724114,26.8468898080508,3753.28013702518,0.0762938641834422,0.05,0.0,27.3091786293175,54.4472807019023,1.98691051456884,387.445037956912,96.7561247271276,12.4816072532801,1.18008869741269,0.992029741529692,CLIMB,UNIT-healthy-0001,high_throttle_climb_heavy-M001,SIMULATED
113,3851.29670537067,301.461630207847,121.581539835763,0.991284945871802,29.071384348398,29.071384348398,29.071384348398,29.071384348398,689.931178360912,689.931178360912,689.931178360912,689.931178360912,2.48362299008738,21.0345908524602,27.4458462365459,1481.55791242883,11.8155791242883,1.44385284926327,241.055211247588,42.8590332526809,0.152826609317856,27.0250664075605,3753.28013702518,0.0762938641834422,0.05,0.0,27.3122738375139,54.3786466165447,1.98520448730447,394.895904071468,96.6699263212611,12.4331766235355,1.17923732330074,0.991284945871802,CLIMB,UNIT-healthy-0001,high_throttle_climb_heavy-M001,SIMULATED
114,3855.3681984173,302.181425186405,122.000677891125,0.993706146744435,29.321650034906,29.321650034906,29.321650034906,29.321650034906,690.915268156046,690.915268156046,690.915268156046,690.915268156046,2.48573609497858,21.120039706551,27.565536274719,1485.57814665854,11.8557814665854,1.4494411103881,241.527901147251,42.9133122724096,0.153261846353521,27.2023101651904,3753.28013702518,0.0762938641834422,0.05,0.0,27.3153698717271,54.4493156067385,1.98730319506047,402.346770186024,96.5837901084409,12.3847459937908,1.17838641917571,0.993706146744435,CLIMB,UNIT-healthy-0001,high_throttle_climb_heavy-M001,SIMULATED
115,3866.99500139791,304.039248809492,123.120927792592,0.999976353992854,29.5737793262802,29.5737793262802,29.5737793262802,29.5737793262802,693.512543498178,693.512543498178,693.512543498178,693.512543498178,2.49177040572552,21.2069634168871,27.8863615419301,1496.31726973861,11.9631726973861,1.46291256576431,242.788972630763,43.0907738271687,0.154439958501428,27.3803723463038,3753.28013702518,0.0762938641834422,0.05,0.0,27.3184742677049,54.6625107185609,1.99329639247315,409.79763630058,96.4977160543316,12.3363153640462,1.17753598485781,0.999976353992854,CLIMB,UNIT-healthy-0001,high_throttle_climb_heavy-M001,SIMULATED
116,3868.59659523764,304.034687050073,123.170072750733,1.0,29.8273622530941,29.8273622530941,29.8273622530941,29.8273622530941,693.407692049139,693.407692049139,693.407692049139,693.407692049139,2.49260163292833,21.2951827853298,27.9006475996418,1496.79422915692,11.9679422915692,1.46428457643758,242.840161768369,43.0789321309374,0.154542285080895,27.5588320591973,3753.28013702518,0.0762938641834422,0.05,0.0,27.3215868040459,54.6864999834783,1.99412195630806,417.248502415136,96.4117041246107,12.2878847343016,1.17668602016726,1.0,CLIMB,UNIT-healthy-0001,high_throttle_climb_heavy-M001,SIMULATED
117,3868.60212781893,304.034645962521,123.170232254129,1.0,30.0807885052438,30.0807885052438,30.0807885052438,30.0807885052438,693.348820976234,693.348820976234,693.348820976234,693.348820976234,2.49260450433802,21.383718260225,27.9006940258685,1496.79577898749,11.9679577898749,1.46514572362458,242.840326647427,43.0591250684317,0.154552291437968,27.7360464013536,3753.28013702518,0.0762938641834422,0.05,0.0,27.3246995640287,54.6803746058754,1.99412480815409,424.699368529692,96.325754284969,12.239454104557,1.17583652492434,1.0,CLIMB,UNIT-healthy-0001,high_throttle_climb_heavy-M001,SIMULATED
118,3868.60211130604,304.034646085154,123.170231778065,1.0,30.3340340738813,30.3340340738813,30.3340340738813,30.3340340738813,693.290158255075,693.290158255075,693.290158255075,693.290158255075,2.49260449576783,21.4725468031353,27.9006938873019,1496.79577436176,11.9679577436176,1.46600459654209,242.840326155319,43.039295060753,0.154561983307795,27.912004107517,3753.28013702518,0.0762938641834422,0.05,0.0,27.3278123240357,54.6741459552603,1.99412479964229,432.150234644248,96.2398665011103,12.1910234748124,1.17498749894939,1.0,CLIMB,UNIT-healthy-0001,high_throttle_climb_heavy-M001,SIMULATED
119,3868.60211118925,304.034646086021,123.170231774698,1.0,30.5870963699966,30.5870963699966,30.5870963699966,30.5870963699966,693.231503235148,693.231503235148,693.231503235148,693.231503235148,2.49260449570722,21.5616632156943,27.9006938863219,1496.79577432905,11.9679577432905,1.46686285413087,242.840326151839,43.0194680110322,0.154571675913383,28.0867157882319,3753.28013702518,0.0762938641834422,0.05,0.0,27.3309250840349,54.6679190326738,1.99412479958209,439.601100758804,96.1540407387515,12.1425928450678,1.17413894206274,1.0,CLIMB,UNIT-healthy-0001,high_throttle_climb_heavy-M001,SIMULATED
120,3867.44833476476,303.839394046166,123.054420607522,0.999343835047103,30.8398236534244,30.8398236534244,30.8398236534244,30.8398236534244,692.893443906192,692.893443906192,692.893443906192,692.893443906192,2.49200568574291,21.6509780691047,27.8675025771474,1495.68747595186,11.9568747595186,1.46641380841023,242.709657804646,42.9792268409459,0.154462088133753,28.2600391304724,3753.28013702518,0.0762938641834422,0.05,0.0,27.3340372921628,54.6399367756259,1.99353006946637,447.05196687336,96.0682769636228,12.0941622153231,1.1732908540848,0.999343835047103,CLIMB,UNIT-healthy-0001,high_throttle_climb_heavy-M001,SIMULATED
121,3868.43864776118,304.035860042362,123.165519131262,1.0,31.0923421193358,31.0923421193358,31.0923421193358,31.0923421193358,693.120108294303,693.120108294303,693.120108294303,693.120108294303,2.49251965818805,21.7405512520372,27.8993222038768,1496.74998346165,11.9674998346165,1.46852879559827,242.835454701295,42.9790614715805,0.154581799631351,28.4321176490596,3753.28013702518,0.0762938641834422,0.05,0.0,27.3371492097238,54.6523899994537,1.99404054008308,454.502832987916,95.9825751414675,12.0457315855786,1.17244323483599,1.0,CLIMB,UNIT-healthy-0001,high_throttle_climb_heavy-M001,SIMULATED
122,3868.60214707516,304.034645819515,123.170232809283,1.0,31.3448381681023,31.3448381681023,31.3448381681023,31.3448381681023,693.055586660822,693.055586660822,693.055586660822,693.055586660822,2.49260451433201,21.8304990203211,27.9006941874557,1496.79578438169,11.9679578438169,1.46943391983249,242.840327221291,42.9600043327053,0.154600754616519,28.6031546137968,3753.28013702518,0.0762938641834422,0.05,0.0,27.3402619494427,54.6492502830769,1.99412481807998,461.953699102472,95.8969352380419,11.9973009558339,1.17159608413678,1.0,CLIMB,UNIT-healthy-0001,high_throttle_climb_heavy-M001,SIMULATED
123,3868.60211278178,304.034646074194,123.17023182061,1.0,31.5971427944969,31.5971427944969,31.5971427944969,31.5971427944969,692.996966078674,692.996966078674,692.996966078674,692.996966078674,2.49260449653375,21.9207161129517,27.9006938996855,1496.79577477516,11.9679577477516,1.47028968980183,242.840326199298,42.9401886626671,0.154610444504914,28.7729889325284,3753.28013702518,0.0762938641834422,0.05,0.0,27.3433747095156,54.6430283853376,1.99412480040298,469.404565217028,95.8113572191155,11.9488703260893,1.17074940180769,1.0,CLIMB,UNIT-healthy-0001,high_throttle_climb_heavy-M001,SIMULATED
124,3868.602111195,304.034646085978,123.170231774864,1.0,31.8492520202213,31.8492520202213,31.8492520202213,31.8492520202213,692.93835262905,692.93835262905,692.93835262905,692.93835262905,2.4926044957102,22.0111961643616,27.9006938863701,1496.79577433066,11.9679577433066,1.47114485101539,242.84032615201,42.9203760326934,0.154620136048941,28.9416291416511,3753.28013702518,0.0762938641834422,0.05,0.0,27.3464874695152,54.636808520679,1.99412479958505,476.855431331584,95.7258410504707,11.9004396963447,1.16990318766926,1.0,CLIMB,UNIT-healthy-0001,high_throttle_climb_heavy-M001,SIMULATED
125,3868.6021111888,304.034646086024,123.170231774685,1.0,32.1011635065769,32.1011635065769,32.1011635065769,32.1011635065769,692.879747437141,692.879747437141,692.879747437141,692.879747437141,2.49260449570699,22.1019343419668,27.9006938863181,1496.79577432892,11.9679577432892,1.47199939453922,242.840326151825,42.9005662990785,0.154629827484166,29.1090853357833,3753.28013702518,0.0762938641834422,0.05,0.0,27.3496002295144,54.6305901016231,1.99412479958186,484.30629744614,95.6403866979034,11.8520090666001,1.16905744154207,1.0,CLIMB,UNIT-healthy-0001,high_throttle_climb_heavy-M001,SIMULATED
126,3868.60211118877,304.034646086024,123.170231774684,1.0,32.3528749453392,32.3528749453392,32.3528749453392,32.3528749453392,692.821150563397,692.821150563397,692.821150563397,692.821150563397,2.49260449570697,22.1929258633188,27.9006938863178,1496.79577432892,11.9679577432892,1.47285332024602,242.840326151824,42.8807594557192,0.154639518720476,29.2753675162836,3753.28013702518,0.0762938641834422,0.05,0.0,27.3527129895135,54.6243730980053,1.99412479958184,491.757163560696,95.5549941272223,11.8035784368555,1.16821216324674,1.0,CLIMB,UNIT-healthy-0001,high_throttle_climb_heavy-M001,SIMULATED
127,3866.60309008189,303.696379650301,122.969618703006,0.998865973358316,32.6041259921878,32.6041259921878,32.6041259921878,32.6041259921878,692.281333646541,692.281333646541,692.281333646541,692.281333646541,2.4915670037525,22.2840209242703,27.8433070784702,1494.87919933945,11.9487919933945,1.47144034379222,242.613697683471,42.8255185375598,0.154442366503438,29.4402212273682,3753.28013702518,0.0762938641834422,0.05,0.0,27.3558247933793,54.5804920015511,1.99309437633087,499.208029675252,95.4696633042493,11.7551478071109,1.16736735260395,0.998865973358316,CLIMB,UNIT-healthy-0001,high_throttle_climb_heavy-M001,SIMULATED
128,3863.98895204532,303.304288817824,122.727827186549,0.99754540246955,32.854578741323,32.854578741323,32.854578741323,32.854578741323,691.673083941283,691.673083941283,691.673083941283,691.673083941283,2.49021026611152,22.3750133599441,27.774197853942,1492.56885942685,11.9256885942685,1.46956845519474,242.341239714293,42.7630763671644,0.154195099206854,29.6033145821725,3753.28013702518,0.0762938641834422,0.05,0.0,27.3589340227098,54.5250367305734,1.99174688249759,506.658895789808,95.3843941948194,11.7067171773663,1.16652300943438,0.99754540246955,CLIMB,UNIT-healthy-0001,high_throttle_climb_heavy-M001,SIMULATED
129,3832.62294401183,298.072875128959,119.631946706927,0.980023958795504,33.10053248653,33.10053248653,33.10053248653,33.10053248653,684.196461946368,684.196461946368,684.196461946368,684.196461946368,2.47393130794214,22.4638557862842,26.896297137057,1463.00151167634,11.6300151167634,1.43543038367336,238.842225132116,42.1925810280574,0.151007861735652,29.7608722797295,3753.28013702518,0.0762938641834422,0.05,0.0,27.3620266516598,53.9279804052815,1.9755788371195,514.109761904363,95.2991867647808,11.6582865476216,1.16567913355878,0.980023958795504,CLIMB,UNIT-healthy-0001,high_throttle_climb_heavy-M001,SIMULATED
130,3834.7537802775,299.214402523991,120.156867149039,0.983740766884394,33.3426339441762,33.3426339441762,33.3426339441762,33.3426339441762,685.879896247429,685.879896247429,685.879896247429,685.879896247429,2.47503721196402,22.5507304568766,27.0438741400784,1468.00058218199,11.6800058218199,1.44233666125957,239.447707105952,42.2684441531695,0.151438414458444,29.9136030021735,3753.28013702518,0.0762938641834422,0.05,0.0,27.3650997399443,53.9620619095764,1.97667720632861,521.560628018919,95.2140409799946,11.609855917877,1.16483572479792,0.983740766884394,CLIMB,UNIT-healthy-0001,high_throttle_climb_heavy-M001,SIMULATED
131,3822.56538519767,297.003504103982,118.889941673041,0.976376685720013,33.5837870058845,33.5837870058845,33.5837870058845,33.5837870058845,682.671105006517,682.671105006517,682.671105006517,682.671105006517,2.46871143491759,22.6374585414583,26.6877311814499,1455.91633399324,11.5591633399324,1.4288238540182,238.011342208156,42.0212498377677,0.15016923020314,30.0645044633909,3753.28013702518,0.0762938641834422,0.05,0.0,27.3681707695598,53.726445250329,1.97039452845241,529.011494133475,95.1289568063353,11.5614252881324,1.16399278297262,0.976376685720013,CLIMB,UNIT-healthy-0001,high_throttle_climb_heavy-M001,SIMULATED
132,3812.99124460925,295.726767795893,118.082370392905,0.97207370851966,33.8219243226151,33.8219243226151,33.8219243226151,33.8219243226151,680.863803883296,680.863803883296,680.863803883296,680.863803883296,2.4637424559522,22.722823647746,26.4616099356761,1448.20787534167,11.4820787534167,1.42057983057124,237.101917266814,41.8569267400322,0.149298602446718,30.2114799245513,3753.28013702518,0.0762938641834422,0.05,0.0,27.3712286626153,53.5401396298785,1.96545940443776,536.462360248031,95.04393420969,11.5129946583878,1.16315030790372,0.97207370851966,CLIMB,UNIT-healthy-0001,high_throttle_climb_heavy-M001,SIMULATED
133,3826.57733586531,298.197780770356,119.493290346871,0.980310693098104,34.0605627453192,34.0605627453192,34.0605627453192,34.0605627453192,684.337221254189,684.337221254189,684.337221254189,684.337221254189,2.4707936373141,22.8087193133568,26.8572866564378,1461.67808919857,11.6167808919857,1.43741930435929,238.700903591889,42.0908324494121,0.150729085595767,30.3581586089806,3753.28013702518,0.0762938641834422,0.05,0.0,27.3742877023409,53.7899857074475,1.97246254426047,543.913226362587,94.9589731559594,11.4645640286432,1.16230829941213,0.980310693098104,CLIMB,UNIT-healthy-0001,high_throttle_climb_heavy-M001,SIMULATED
134,3837.66673046913,299.691748039258,120.43997592358,0.985359480755213,34.3021744981818,34.3021744981818,34.3021744981818,34.3021744981818,686.341315257218,686.341315257218,686.341315257218,686.341315257218,2.47654903311348,22.8966183714688,27.1245347557834,1470.72794675806,11.7072794675806,1.44891527319353,239.76560093041,42.2393092498609,0.151768672908933,30.5070728799919,3753.28013702518,0.0762938641834422,0.05,0.0,27.3773615989324,53.9927385516793,1.97817872704594,551.364092477143,94.8740736110569,11.4161333988986,1.16146675731876,0.985359480755213,CLIMB,UNIT-healthy-0001,high_throttle_climb_heavy-M001,SIMULATED
135,3824.45389866691,297.245497214638,119.04559571521,0.977226935688485,34.5430576805856,34.5430576805856,34.5430576805856,34.5430576805856,682.800757550431,682.800757550431,682.800757550431,682.800757550431,2.46969157340813,22.9845165080854,26.7325586840887,1457.44116644,11.5744116644,1.43393794049037,238.183029589947,41.9690860530666,0.150376685842116,30.654423072091,3753.28013702518,0.0762938641834422,0.05,0.0,27.3804354022519,53.7379324830805,1.97136798900356,558.814958591699,94.7892355409093,11.3677027691539,1.16062568144459,0.977226935688485,CLIMB,UNIT-healthy-0001,high_throttle_climb_heavy-M001,SIMULATED
136,3815.37606782583,296.088332663043,118.30068615931,0.973323036722612,34.7808101930875,34.7808101930875,34.7808101930875,34.7808101930875,681.173247933215,681.173247933215,681.173247933215,681.173247933215,2.46498017920161,23.070970418189,26.5239459293462,1450.33571747838,11.5033571747838,1.42640153166511,237.344612077967,41.8160943149161,0.149564283809933,30.7977690119161,3753.28013702518,0.0762938641834422,0.05,0.0,27.383495424902,53.5610473388218,1.96668869475558,566.265824706255,94.7044589114563,11.3192721394093,1.15978507161063,0.973323036722612,CLIMB,UNIT-healthy-0001,high_throttle_climb_heavy-M001,SIMULATED
137,3823.65595799008,297.650767744954,119.183033147681,0.978520097174296,35.0184827098422,35.0184827098422,35.0184827098422,35.0184827098422,683.351668471784,683.351668471784,683.351668471784,683.351668471784,2.46927744219685,23.1576379123656,26.771166563729,1458.75355507102,11.5875355507102,1.43726128794546,238.345872483196,41.9552327368103,0.150454714598666,30.9402620775011,3753.28013702518,0.0762938641834422,0.05,0.0,27.386554512176,53.7109068876241,1.97095667937633,573.716690820811,94.6197436886507,11.2708415096647,1.15894492763791,0.978520097174296,CLIMB,UNIT-healthy-0001,high_throttle_climb_heavy-M001,SIMULATED
138,3813.27976277642,295.683905243226,118.074189229095,0.971999970287403,35.255789497604,35.255789497604,35.255789497604,35.255789497604,680.49767368001,680.49767368001,680.49767368001,680.49767368001,2.46389219688096,23.2444785875309,26.4613667570134,1448.19957021939,11.4819957021939,1.42550161245456,237.085251083915,41.7351343067061,0.149357150845132,31.0816142784073,3753.28013702518,0.0762938641834422,0.05,0.0,27.3896146609486,53.509629225712,1.96560812514248,581.167556935367,94.5350898384583,11.2224108799201,1.15810524934752,0.971999970287403,CLIMB,UNIT-healthy-0001,high_throttle_climb_heavy-M001,SIMULATED
139,3822.26311311346,297.480437619139,119.071440854543,0.977957989132777,35.4925533958097,35.4925533958097,35.4925533958097,35.4925533958097,683.019692602443,683.019692602443,683.019692602443,683.019692602443,2.46855455570589,23.3312626557746,26.7403299410931,1457.70539836489,11.5770539836489,1.43768487679292,238.21898500615,41.8954454032652,0.150348367193369,31.2216609760029,3753.28013702518,0.0762938641834422,0.05,0.0,27.3926715500062,53.6727027670798,1.97023871809972,588.618423049923,94.4504973268582,11.1739802501755,1.15726603656057,0.977957989132777,CLIMB,UNIT-healthy-0001,high_throttle_climb_heavy-M001,SIMULATED
140,3816.94151034053,296.322614722373,118.442869425824,0.974143515618601,35.7297298491307,35.7297298491307,35.7297298491307,35.7297298491307,681.301814719899,681.301814719899,681.301814719899,681.301814719899,2.46579264386673,23.4186300686134,26.5649377489358,1451.73380625108,11.5173380625108,1.43135580841647,237.50154696149,41.7616728473475,0.149750458581507,31.3613866565994,3753.28013702518,0.0762938641834422,0.05,0.0,27.3957327206014,53.5665769137586,1.96749562388687,596.069289164479,94.3659661198424,11.1255496204309,1.15642728909824,0.974143515618601,CLIMB,UNIT-healthy-0001,high_throttle_climb_heavy-M001,SIMULATED
141,3830.99065191351,298.848743185323,119.892259207434,0.982545684617177,35.9675864755104,35.9675864755104,35.9675864755104,35.9675864755104,684.825201700692,684.825201700692,684.825201700692,684.825201700692,2.47308414834311,23.5066166523302,26.9713073253776,1465.54390051332,11.6554390051332,1.44864524636991,239.146020820407,42.0026740154492,0.151226613567542,31.5010762598309,3753.28013702518,0.0762938641834422,0.05,0.0,27.398796292047,53.8248992298987,1.97473744943995,603.520155279035,94.2814961834159,11.0771189906862,1.15558900678171,0.982545684617177,CLIMB,UNIT-healthy-0001,high_throttle_climb_heavy-M001,SIMULATED
142,3840.24918338325,300.029237651733,120.656744145012,0.9865371449094,36.2082195925195,36.2082195925195,36.2082195925195,36.2082195925195,686.373756226368,686.373756226368,686.373756226368,686.373756226368,2.47788932617591,23.5964796829112,27.1871273319429,1472.84197548602,11.7284197548602,1.45808492901575,240.005580385172,42.1187040821616,0.152080963650971,31.6428753600884,3753.28013702518,0.0762938641834422,0.05,0.0,27.4018741094289,53.9930182305592,1.97950988834188,610.971021393591,94.1970874835969,11.0286883609417,1.15475118943223,0.9865371449094,CLIMB,UNIT-healthy-0001,high_throttle_climb_heavy-M001,SIMULATED
143,3815.55939160314,295.702834068728,118.152338818986,0.972159712873705,36.4464551244136,36.4464551244136,36.4464551244136,36.4464551244136,680.22601426221,680.22601426221,680.22601426221,680.22601426221,2.46507532424203,23.6854203560265,26.4851273035047,1449.01089409627,11.4901089409627,1.43050224978352,237.162964964769,41.6483024435186,0.149536661199125,31.781477212696,3753.28013702518,0.0762938641834422,0.05,0.0,27.4049450716583,53.5225736710172,1.96678319154801,618.421887508147,94.1127399864166,10.980257731197,1.15391383687105,0.972159712873705,CLIMB,UNIT-healthy-0001,high_throttle_climb_heavy-M001,SIMULATED
144,3815.10364220116,296.276566021172,118.36744162297,0.973989119609663,36.6812365790784,36.6812365790784,36.6812365790784,36.6812365790784,681.079247505681,681.079247505681,681.079247505681,681.079247505681,2.4648387903024,23.7726570433602,26.5448381394781,1451.0483940313,11.510483940313,1.43388281634021,237.416735291941,41.6688581583044,0.149669015571398,31.9158321158189,3753.28013702518,0.0762938641834422,0.05,0.0,27.4079989406117,53.5080387427629,1.96654826917586,625.872753622703,94.0284536579193,10.9318271014524,1.15307694891951,0.973989119609663,CLIMB,UNIT-healthy-0001,high_throttle_climb_heavy-M001,SIMULATED
145,3820.37837802351,297.076464282872,118.851110194616,0.976670440950967,36.9167957491422,36.9167957491422,36.9167957491422,36.9167957491422,682.136563779147,682.136563779147,682.136563779147,682.136563779147,2.4675763781942,23.8605940754452,26.6803230230216,1455.66423550786,11.5566423550786,1.44018807018603,237.963035482766,41.7358785965343,0.15018884111225,32.0502963888245,3753.28013702518,0.0762938641834422,0.05,0.0,27.4110570021546,53.601260434841,1.96926720516676,633.323619737259,93.9442284641624,10.8833964717078,1.15224052539894,0.976670440950967,CLIMB,UNIT-healthy-0001,high_throttle_climb_heavy-M001,SIMULATED
146,3823.97008689266,297.558592051013,119.155913203816,0.978298400426348,37.1531561208155,37.1531561208155,37.1531561208155,37.1531561208155,682.742377191085,682.742377191085,682.742377191085,682.742377191085,2.46944047509729,23.9492699061434,26.7659806459571,1458.57731866335,11.5857731866335,1.44445917132424,238.30598150364,41.7705140675845,0.150530134670506,32.1848966196566,3753.28013702518,0.0762938641834422,0.05,0.0,27.4141200060219,53.6628059251186,1.97111860149106,640.774485851815,93.8600643712162,10.8349658419632,1.15140456613073,0.978298400426348,CLIMB,UNIT-healthy-0001,high_throttle_climb_heavy-M001,SIMULATED
147,3844.34258391375,300.905837196075,121.138254877949,0.989450379117995,37.3921766889721,37.3921766889721,37.3921766889721,37.3921766889721,687.358067899297,687.358067899297,687.358067899297,687.358067899297,2.48001380105124,24.0396656971619,27.3235270966419,1477.44155488766,11.7744155488766,1.46776449737431,240.552411082595,42.1060293449414,0.152596076559058,32.3215405915145,3753.28013702518,0.0762938641834422,0.05,0.0,27.417194783463,54.0398060529881,1.98161988861534,648.225351966371,93.7759613451641,10.7865352122186,1.15056907093632,0.989450379117995,CLIMB,UNIT-healthy-0001,high_throttle_climb_heavy-M001,SIMULATED
148,3851.43783896422,301.606577210947,121.644455541668,0.991853819977492,37.6343474015611,37.6343474015611,37.6343474015611,37.6343474015611,688.209372983579,688.209372983579,688.209372983579,688.209372983579,2.48369623842243,24.1321773713178,27.4671856709297,1482.27522937609,11.8227522937609,1.47426063412509,241.117982764612,42.1753471459565,0.153203463704496,32.4607168613161,3753.28013702518,0.0762938641834422,0.05,0.0,27.420286208176,54.1670945847613,1.98527723657949,655.676218080927,93.6919193521027,10.738104582474,1.14973403963716,0.991853819977492,CLIMB,UNIT-healthy-0001,high_throttle_climb_heavy-M001,SIMULATED
149,3834.65077578766,298.669873400229,119.934976517119,0.982107383146746,37.8747281505144,37.8747281505144,37.8747281505144,37.8747281505144,684.038257973749,684.038257973749,684.038257973749,684.038257973749,2.47498375263379,24.2240498080231,26.985744005775,1466.03286710894,11.6603286710894,1.45568533878189,239.176472236331,41.8490953535966,0.151464180762407,32.5973578686703,3753.28013702518,0.0762938641834422,0.05,0.0,27.42337277957,53.845459604838,1.97662411123075,663.127084195483,93.6079383581414,10.6896739527294,1.14889947205476,0.982107383146746,CLIMB,UNIT-healthy-0001,high_throttle_climb_heavy-M001,SIMULATED
150,3855.11747468052,302.555330371148,122.143692022401,0.994968278928135,38.1152626891551,38.1152626891551,38.1152626891551,38.1152626891551,689.469620291983,689.469620291983,689.469620291983,689.469620291983,2.48560596935919,24.3161722596551,27.6083402447787,1487.01404881394,11.8701404881394,1.48165149869169,241.689168198572,42.225663540219,0.153688580212346,32.7334800493279,3753.28013702518,0.0762938641834422,0.05,0.0,27.4264577477983,54.2240623888177,1.98717395602089,670.577950310039,93.5240183294029,10.6412433229847,1.14806536801067,0.994968278928135,CLIMB,UNIT-healthy-0001,high_throttle_climb_heavy-M001,SIMULATED
151,3849.44066723161,301.020644980765,121.345179939545,0.989949192312162,38.3576960362996,38.3576960362996,38.3576960362996,38.3576960362996,687.189341526777,687.189341526777,687.189341526777,687.189341526777,2.48265970629321,24.4097472605813,27.383195980216,1479.45055793223,11.7945055793223,1.47333274770309,240.773434002332,42.0617952747679,0.152960293651961,32.8708663935557,3753.28013702518,0.0762938641834422,0.05,0.0,27.4295548125426,54.1112597983377,1.98424776661423,678.028816424595,93.4401592320226,10.5928126932401,1.14723172732645,0.989949192312162,CLIMB,UNIT-healthy-0001,high_throttle_climb_heavy-M001,SIMULATED
152,3806.42569899537,294.021693631487,117.199389575858,0.966685764402034,38.5934323990813,38.5934323990813,38.5934323990813,38.5934323990813,677.42488561536,677.42488561536,677.42488561536,677.42488561536,2.4603349377786,24.4999773772127,26.2234990835091,1440.06009646038,11.4006009646038,1.42712802131818,236.069163163967,41.2953756821655,0.148657346781126,33.0007166464733,3753.28013702518,0.0762938641834422,0.05,0.0,27.4326258159728,53.2969432960236,1.96207510257493,685.479682539151,93.3563610321493,10.5443820634955,1.14639854982373,0.966685764402034,CLIMB,UNIT-healthy-0001,high_throttle_climb_heavy-M001,SIMULATED
153,3785.09355427311,291.520352830436,115.551108770861,0.958260541912134,38.8212098105648,38.8212098105648,38.8212098105648,38.8212098105648,674.065195445463,674.065195445463,674.065195445463,674.065195445463,2.44926355466775,24.5860572409128,25.7677146304453,1424.37500796644,11.2437500796644,1.4094002586798,234.212649563924,40.9779392534907,0.146809909957066,33.1217963859599,3753.28013702518,0.0762938641834422,0.05,0.0,27.4356588096249,52.8902608738562,1.95107915168717,692.930548653707,93.2726236959447,10.4959514337509,1.14556583532417,0.958260541912134,CLIMB,UNIT-healthy-0001,high_throttle_climb_heavy-M001,SIMULATED
154,3786.62292426303,292.159488249446,115.851236354368,0.960340320858444,39.0470396106369,39.0470396106369,39.0470396106369,39.0470396106369,674.968032429589,674.968032429589,674.968032429589,674.968032429589,2.45005729769251,24.6712763298853,25.8503807061829,1427.22858147955,11.2722858147955,1.41370045536612,234.558992726195,41.0137508445215,0.147069645833117,33.240312366979,3753.28013702518,0.0762938641834422,0.05,0.0,27.4386815770617,52.9131650387772,1.95186748673352,700.381414768263,93.1889471895835,10.4475208040063,1.14473358364945,0.960340320858444,CLIMB,UNIT-healthy-0001,high_throttle_climb_heavy-M001,SIMULATED
155,3772.30036592354,289.683396484636,114.434898191213,0.952165738116005,39.2713416653216,39.2713416653216,39.2713416653216,39.2713416653216,671.475954816968,671.475954816968,671.475954816968,671.475954816968,2.44262388991432,24.7559943373459,25.4622010326927,1413.79481480122,11.1379481480122,1.39839879251892,232.945210731145,40.7340703073864,0.145634995989542,33.3567079902561,3753.28013702518,0.0762938641834422,0.05,0.0,27.4416997299375,52.6383109981701,1.94448472470285,707.832280882819,93.1053314792533,10.3990901742617,1.14390179462132,0.952165738116005,CLIMB,UNIT-healthy-0001,high_throttle_climb_heavy-M001,SIMULATED
156,3796.68188697968,294.113584987307,116.93591363891,0.966801131344927,39.4965386144515,39.4965386144515,39.4965386144515,39.4965386144515,677.628783066403,677.628783066403,677.628783066403,677.628783066403,2.45527789934246,24.8413013519458,26.1502631608342,1437.54771188354,11.3754771188354,1.42772570902832,235.794347433987,41.1721514649064,0.148162256588753,33.4734858514158,3753.28013702518,0.0762938641834422,0.05,0.0,27.4447197569233,53.0904498922468,1.95705251906169,715.283146997375,93.021776531155,10.350659544517,1.14307046806154,0.966801131344927,CLIMB,UNIT-healthy-0001,high_throttle_climb_heavy-M001,SIMULATED
157,3809.05118224334,295.510811987972,117.874211748333,0.971530882585185,39.7261245227854,39.7261245227854,39.7261245227854,39.7261245227854,679.414028988039,679.414028988039,679.414028988039,679.414028988039,2.4616975635843,24.9292394876709,26.4113610476343,1446.49106193338,11.4649106193338,1.43910283988393,236.848566299896,41.3207941257391,0.149238963236611,33.5942144506376,3753.28013702518,0.0762938641834422,0.05,0.0,27.4477629989163,53.3168566237297,1.96342844445533,722.734013111931,92.9382823115023,10.3022289147725,1.14223960379192,0.971530882585185,CLIMB,UNIT-healthy-0001,high_throttle_climb_heavy-M001,SIMULATED
158,3817.4915581617,296.709599078458,118.614641357547,0.975539942939626,39.9575571871436,39.9575571871436,39.9575571871436,39.9575571871436,680.99217178129,680.99217178129,680.99217178129,680.99217178129,2.46607811868592,25.0184461610859,26.6178044323598,1453.53553946048,11.5353553946048,1.4483091120431,237.685759990832,41.4344057184201,0.150044137233884,33.7162734582382,3753.28013702518,0.0762938641834422,0.05,0.0,27.4508164200056,53.4694171289532,1.9677791536916,730.184879226487,92.8548487865219,10.2537982850278,1.14140920163431,0.975539942939626,CLIMB,UNIT-healthy-0001,high_throttle_climb_heavy-M001,SIMULATED
159,3833.30501550905,299.17959964593,120.097501380415,0.983754347825337,40.1915756013948,40.1915756013948,40.1915756013948,40.1915756013948,684.331648146236,684.331648146236,684.331648146236,684.331648146236,2.4742853030492,25.1093024335426,27.0325297598465,1467.61671592405,11.6761671592405,1.46596067416122,239.367543338576,41.6816286018181,0.151612586287435,33.8404153929635,3753.28013702518,0.0762938641834422,0.05,0.0,27.4538823203461,53.7603535683431,1.97593042036549,737.635745341043,92.7714759224538,10.2053676552832,1.14057926141059,0.983754347825337,CLIMB,UNIT-healthy-0001,high_throttle_climb_heavy-M001,SIMULATED
160,3819.52763683299,296.497698343942,118.593149028383,0.974930093584093,40.4254658399502,40.4254658399502,40.4254658399502,40.4254658399502,680.515719995229,680.515719995229,680.515719995229,680.515719995229,2.46713484351632,25.2004457743972,26.6130035106601,1453.37198415598,11.5337198415598,1.44962034826094,237.650198511645,41.3891866224048,0.150123282208213,33.9638486333333,3753.28013702518,0.0762938641834422,0.05,0.0,27.4569515443958,53.4956940287018,1.96882867877989,745.086611455599,92.6881636855508,10.1569370255386,1.13974978294269,0.974930093584093,CLIMB,UNIT-healthy-0001,high_throttle_climb_heavy-M001,SIMULATED
161,3819.78368444918,296.941458871299,118.778606327275,0.976352236610465,40.6571944453539,40.6571944453539,40.6571944453539,40.6571944453539,681.139527333001,681.139527333001,681.139527333001,681.139527333001,2.46726773222913,25.2906034678058,26.6644693801102,1455.12463750186,11.5512463750186,1.45262225882038,237.867137924117,41.4039384080628,0.150263348135296,34.0845062208437,3753.28013702518,0.0762938641834422,0.05,0.0,27.4600106436152,53.4945408853569,1.96896066208721,752.537477570155,92.6049120420787,10.108506395794,1.13892076605257,0.976352236610465,CLIMB,UNIT-healthy-0001,high_throttle_climb_heavy-M001,SIMULATED
162,3813.88638115846,295.890021706387,118.175293227209,0.972890507413411,40.8882305546134,40.8882305546134,40.8882305546134,40.8882305546134,679.62892178266,679.62892178266,679.62892178266,679.62892178266,2.46420703182124,25.3806517878615,26.4970343984486,1449.41735447127,11.4941735447127,1.44657139849716,237.178860808032,41.2745391419248,0.149658803528922,34.2039078766876,3753.28013702518,0.0762938641834422,0.05,0.0,27.4630683605375,53.3778963000566,1.96592081503014,759.988343684711,92.5217209583163,10.0600757660494,1.13809221056223,0.972890507413411,CLIMB,UNIT-healthy-0001,high_throttle_climb_heavy-M001,SIMULATED
163,3803.99127333887,294.39242843047,117.272117234832,0.967926836010683,41.117041093637,41.117041093637,41.117041093637,41.117041093637,677.53966050713,677.53966050713,677.53966050713,677.53966050713,2.45907147086287,25.469749007959,26.24687601037,1440.86141750725,11.4086141750725,1.43714135044973,236.152725445528,41.0908819848053,0.148711570898965,34.32049614877,3753.28013702518,0.0762938641834422,0.05,0.0,27.4661172229318,53.1862669969767,1.96082024398911,767.439209799267,92.4385904005555,10.0116451363048,1.13726411629371,0.967926836010683,CLIMB,UNIT-healthy-0001,high_throttle_climb_heavy-M001,SIMULATED
164,3793.26915904168,292.829770251901,116.320833309425,0.962743670570521,41.3431996664484,41.3431996664484,41.3431996664484,41.3431996664484,675.375789669992,675.375789669992,675.375789669992,675.375789669992,2.45350669354263,25.5576617214449,25.9844891143751,1431.84962447483,11.3184962447483,1.4271690323935,235.072423574451,40.8979974829737,0.147704691074674,34.4338550054283,3753.28013702518,0.0762938641834422,0.05,0.0,27.4691548702133,52.9791829353802,1.95529338094932,774.890075913823,92.3555203351011,9.96321450656018,1.13643648306909,0.962743670570521,CLIMB,UNIT-healthy-0001,high_throttle_climb_heavy-M001,SIMULATED
165,3798.21783543818,293.892581494931,116.895316292762,0.96623399241684,41.5685476882653,41.5685476882653,41.5685476882653,41.5685476882653,676.82879976041,676.82879976041,676.82879976041,676.82879976041,2.45607505659242,25.6453190224865,26.1429812951133,1437.29774031095,11.3729774031095,1.43457012557984,235.729523286255,40.9835626487641,0.148270406821164,34.5458932293036,3753.28013702518,0.0762938641834422,0.05,0.0,27.4721884491145,53.0661853813185,1.95784424507123,782.340942028379,92.272510728271,9.91478387681553,1.13560931071047,0.96623399241684,CLIMB,UNIT-healthy-0001,high_throttle_climb_heavy-M001,SIMULATED
166,3804.69791248132,294.814717742738,117.462153481143,0.969311789995404,41.7951571967751,41.7951571967751,41.7951571967751,41.7951571967751,678.024901204792,678.024901204792,678.024901204792,678.024901204792,2.45943821657781,25.7338734696803,26.300148150052,1442.68635400479,11.4268635400479,1.44181567032607,236.371128579003,41.0664618687735,0.148888326004447,34.6587397039204,3753.28013702518,0.0762938641834422,0.05,0.0,27.4752291530867,53.1818855023307,1.96118449096975,789.791808142935,92.1895615463961,9.86635324707095,1.13478259904002,0.969311789995404,CLIMB,UNIT-healthy-0001,high_throttle_climb_heavy-M001,SIMULATED
167,3810.07058526653,295.572736221574,117.930465139488,0.971843615445331,42.0228321476035,42.0228321476035,42.0228321476035,42.0228321476035,678.996856942167,678.996856942167,678.996856942167,678.996856942167,2.46222663375333,25.8232334656689,26.4303065122464,1447.13852074093,11.4713852074093,1.44794327038325,236.900999794145,41.1313475277895,0.149401955074671,34.7721915268223,3753.28013702518,0.0762938641834422,0.05,0.0,27.4782762343269,53.2767738939305,1.9639539099312,797.242674257491,92.1066727558201,9.8179226173263,1.13395634787992,0.971843615445331,CLIMB,UNIT-healthy-0001,high_throttle_climb_heavy-M001,SIMULATED
168,3807.3527619141,295.004319188743,117.619711502491,0.969992053340744,42.2504718489893,42.2504718489893,42.2504718489893,42.2504718489893,678.150565593208,678.150565593208,678.150565593208,678.150565593208,2.46081608343342,25.9128314765495,26.3447222894113,1444.21210765713,11.4421210765713,1.44520242331538,236.544086654438,41.0545661795041,0.14910688347406,34.8851205073131,3753.28013702518,0.0762938641834422,0.05,0.0,27.4813251720068,53.2198851730996,1.96255297005882,804.693540372047,92.0238443229,9.76949198758172,1.1331305570524,0.969992053340744,CLIMB,UNIT-healthy-0001,high_throttle_climb_heavy-M001,SIMULATED
169,3822.03801764184,297.546330266556,119.090801726043,0.978379962925851,42.4792311008439,42.4792311008439,42.4792311008439,42.4792311008439,681.601928580952,681.601928580952,681.601928580952,681.601928580952,2.46843773115612,26.003203789462,26.7532047207977,1458.14308352903,11.5814308352903,1.4627912575524,238.220201969246,41.3020478185855,0.150623985920501,34.9987176684599,3753.28013702518,0.0762938641834422,0.05,0.0,27.4843789448468,53.4893909175178,1.9701226895061,812.144406486603,91.9410762140055,9.72106135783707,1.13230522637974,0.978379962925851,CLIMB,UNIT-healthy-0001,high_throttle_climb_heavy-M001,SIMULATED
170,3807.78552217055,294.778482383973,117.543028161033,0.969307057600408,42.70782461279,42.70782461279,42.70782461279,42.70782461279,677.69931418117,677.69931418117,677.69931418117,677.69931418117,2.46104068600652,26.0938145109417,26.3245563774845,1443.52197428027,11.4352197428027,1.44591082053566,236.449450449085,40.9999041616471,0.149090107504716,35.1116598911306,3753.28013702518,0.0762938641834422,0.05,0.0,27.4874358778621,53.2161693384449,1.96277604235595,819.595272601159,91.8583683955195,9.67263072809249,1.13148035568424,0.969307057600408,CLIMB,UNIT-healthy-0001,high_throttle_climb_heavy-M001,SIMULATED
171,3806.03152536229,294.900382112207,117.537468975791,0.969662885656078,42.9339584627878,42.9339584627878,42.9339584627878,42.9339584627878,677.882047013074,677.882047013074,677.882047013074,677.882047013074,2.46013036166303,26.183277867112,26.3228548384415,1443.46373253766,11.4346373253766,1.44673615119726,236.449335953563,40.9801233708275,0.14903074320262,35.2216127798492,3753.28013702518,0.0762938641834422,0.05,0.0,27.4904813674498,53.1773853192971,1.96187192028984,827.046138715715,91.7757208338377,9.62420009834784,1.13065594478823,0.969662885656078,CLIMB,UNIT-healthy-0001,high_throttle_climb_heavy-M001,SIMULATED
172,3826.3349609428,298.282874516351,119.519818113496,0.98082816590544,43.1623480158413,43.1623480158413,43.1623480158413,43.1623480158413,682.45955401517,682.45955401517,682.45955401517,682.45955401517,2.47066784472931,26.2741044253319,26.8733918318718,1462.22455400186,11.6222455400186,1.47013949807765,238.707083303134,41.3202322276062,0.151092783840008,35.3334226654105,3753.28013702518,0.0762938641834422,0.05,0.0,27.4935366788015,53.552135759552,1.9723376087334,834.497004830271,91.693133495369,9.57576946860326,1.12983199351411,0.98082816590544,CLIMB,UNIT-healthy-0001,high_throttle_climb_heavy-M001,SIMULATED
173,3813.32467244918,295.594648658814,118.039936939917,0.972041656705941,43.3913387665657,43.3913387665657,43.3913387665657,43.3913387665657,678.654913550579,678.654913550579,678.654913550579,678.654913550579,2.46391550500113,26.3655945347208,26.4631677787575,1448.26107856407,11.4826107856407,1.45400295565801,237.010901912336,41.0303529485969,0.149647013914318,35.4453804723822,3753.28013702518,0.0762938641834422,0.05,0.0,27.4965991505043,53.3022744535105,1.96563127445834,841.947870944827,91.610606346535,9.52733883885861,1.1290085016843,0.972041656705941,CLIMB,UNIT-healthy-0001,high_throttle_climb_heavy-M001,SIMULATED
174,3820.64063000607,297.220901565394,118.917057653277,0.977355106874692,43.6190324647427,43.6190324647427,43.6190324647427,43.6190324647427,680.888969502669,680.888969502669,680.888969502669,680.888969502669,2.46771248697315,26.4565292520973,26.7062491596429,1456.54636654177,11.5654636654177,1.46488782687743,238.016922041514,41.1710172010584,0.150503145071936,35.5555534547539,3753.28013702518,0.0762938641834422,0.05,0.0,27.4996549996718,53.4334844062082,1.96940238660107,849.398737059383,91.5281393537705,9.47890820911402,1.12818546912124,0.977355106874692,CLIMB,UNIT-healthy-0001,high_throttle_climb_heavy-M001,SIMULATED
175,3819.88660137899,296.853338243547,118.746556793654,0.976184331208283,43.8475098218489,43.8475098218489,43.8475098218489,43.8475098218489,680.300069931789,680.300069931789,680.300069931789,680.300069931789,2.4673211461157,26.5481343194101,26.6594628505029,1454.95420556876,11.5495420556876,1.46371811776929,237.817544260452,41.1195328871473,0.150372026602658,35.6660793683233,3753.28013702518,0.0762938641834422,0.05,0.0,27.5027165597327,53.4134040490328,1.96901371205103,856.849603173939,91.4457324835231,9.43047757936938,1.12736289564745,0.976184331208283,CLIMB,UNIT-healthy-0001,high_throttle_climb_heavy-M001,SIMULATED
176,3820.80805591226,297.060483771018,118.85808334902,0.976867108910019,44.0755764286284,44.0755764286284,44.0755764286284,44.0755764286284,680.540475839102,680.540475839102,680.540475839102,680.540475839102,2.46779938101846,26.6397270803803,26.6906258692463,1456.01483160758,11.5601483160758,1.46581456694124,237.944842396378,41.1200826376009,0.150488546963945,35.77573825513,3753.28013702518,0.0762938641834422,0.05,0.0,27.5057772911313,53.4247286692158,1.96948868861457,864.300469288495,91.3633857022537,9.38204694962479,1.12654078108546,0.976867108910019,CLIMB,UNIT-healthy-0001,high_throttle_climb_heavy-M001,SIMULATED
177,3822.21986330186,297.266750693648,118.984562792207,0.977557860725457,44.3036856220201,44.3036856220201,44.3036856220201,44.3036856220201,680.766629389589,680.766629389589,680.766629389589,680.766629389589,2.46853210905366,26.7315559044499,26.7260504578067,1457.21985367114,11.5721985367114,1.46806675547953,238.087774524389,41.1231203146727,0.150633128256583,35.8850013572133,3753.28013702518,0.0762938641834422,0.05,0.0,27.5088394819319,53.4452362248162,1.9702164243824,871.751335403051,91.2810989764357,9.33361631988015,1.12571912525783,0.977557860725457,CLIMB,UNIT-healthy-0001,high_throttle_climb_heavy-M001,SIMULATED
178,3836.60650366153,299.650934801978,120.390304667417,0.985418537625635,44.5334420177356,44.5334420177356,44.5334420177356,44.5334420177356,683.958977666787,683.958977666787,683.958977666787,683.958977666787,2.47599877540033,26.8244534953257,27.1179357946174,1470.50494831416,11.7050494831416,1.4849068722842,239.689559500976,41.357843118252,0.152103731267669,35.9955172333397,3753.28013702518,0.0762938641834422,0.05,0.0,27.5119093910715,53.7088210555741,1.97763221838223,879.202201517607,91.1988722725557,9.28518569013556,1.12489792798718,0.985418537625635,CLIMB,UNIT-healthy-0001,high_throttle_climb_heavy-M001,SIMULATED
179,3852.58388088644,301.984740609881,121.833219183098,0.99315659597842,44.7666664572052,44.7666664572052,44.7666664572052,44.7666664572052,687.030600791534,687.030600791534,687.030600791534,687.030600791534,2.48429103418006,26.9194775516836,27.5229098952972,1484.1472460041,11.8414724600411,1.50211214554144,241.327920111258,41.5971696726893,0.153664239851343,36.1091423480275,3753.28013702518,0.0762938641834422,0.05,0.0,27.5149963908684,54.0021142918085,1.98586797983837,886.653067632163,91.1167055571134,9.23675506039092,1.12407718909617,0.99315659597842,CLIMB,UNIT-healthy-0001,high_throttle_climb_heavy-M001,SIMULATED
180,3853.9936993669,301.873085949263,121.832740332079,0.992839314128274,45.0015502725326,45.0015502725326,45.0015502725326,45.0015502725326,686.771278392573,686.771278392573,686.771278392573,686.771278392573,2.48502272997142,27.0156991623007,27.5233306333666,1484.16137418848,11.8416137418848,1.5028645949286,241.321058289482,41.5764179548896,0.153726236457833,36.2240077275325,3753.28013702518,0.0762938641834422,0.05,0.0,27.5180935621411,54.0224447975762,1.98659469039531,894.103933746719,91.0345987966213,9.18832443064633,1.12325690840747,0.992839314128274,CLIMB,UNIT-healthy-0001,high_throttle_climb_heavy-M001,SIMULATED
181,3850.89970219523,301.366437125035,121.53061878264,0.991172058014227,45.2357103801961,45.2357103801961,45.2357103801961,45.2357103801961,686.028723845194,686.028723845194,686.028723845194,686.028723845194,2.48341694543933,27.1117515570854,27.4385626444665,1481.31302223458,11.8131302223458,1.5002401716416,240.976569121765,41.5023824894118,0.153419644484745,36.3376714762835,3753.28013702518,0.0762938641834422,0.05,0.0,27.5211891213891,53.9584187275639,1.98499984649239,901.554799861275,90.9525519576047,9.13989380090169,1.12243708574382,0.991172058014227,CLIMB,UNIT-healthy-0001,high_throttle_climb_heavy-M001,SIMULATED
182,3861.40255011177,303.214812427901,122.609496883458,0.997246634173177,45.4705322923667,45.4705322923667,45.4705322923667,45.4705322923667,688.496624958878,688.496624958878,688.496624958878,688.496624958878,2.48886792350801,27.2083463268777,27.7419191152224,1491.4889222515,11.914889222515,1.513373660458,242.207931052402,41.6768156948098,0.15453850068987,36.4515634532287,3753.28013702518,0.0762938641834422,0.05,0.0,27.5242876900006,54.1490374759483,1.99041368562463,909.005665975831,90.8705650066021,9.0914631711571,1.12161772092797,0.997246634173177,CLIMB,UNIT-healthy-0001,high_throttle_climb_heavy-M001,SIMULATED
183,3864.52325637175,303.468830773256,122.811386535661,0.998121042164865,45.7068386703752,45.7068386703752,45.7068386703752,45.7068386703752,688.74446064384,688.74446064384,688.74446064384,688.74446064384,2.49048757005694,27.3060214070948,27.7992446180055,1493.40646594707,11.9340646594707,1.51644662057187,242.433299967352,41.6926190400345,0.154799535805026,36.5665235775408,3753.28013702518,0.0762938641834422,0.05,0.0,27.5273949559585,54.2013619336646,1.99202229709884,916.456532090387,90.7886379101649,9.04303254141246,1.12079881378274,0.998121042164865,CLIMB,UNIT-healthy-0001,high_throttle_climb_heavy-M001,SIMULATED
184,3868.12535992441,304.038186665267,123.15648694056,1.0,45.9435310295142,45.9435310295142,45.9435310295142,45.9435310295142,689.453951830107,689.453951830107,689.453951830107,689.453951830107,2.49235706180077,27.4041322233056,27.8966933366872,1496.66222128479,11.9666222128479,1.52119347628184,242.826118263041,41.7347183259054,0.155174132338435,36.6814253543483,3753.28013702518,0.0762938641834422,0.05,0.0,27.5305051585042,54.2626821740672,1.99387905150743,923.907398204943,90.7067706348574,8.99460191166787,1.11998036413096,1.0,CLIMB,UNIT-healthy-0001,high_throttle_climb_heavy-M001,SIMULATED
185,3868.60002176536,304.034661603066,123.170171536962,1.0,46.1804277741043,46.1804277741043,46.1804277741043,46.1804277741043,689.378868913742,689.378868913742,689.378868913742,689.378868913742,2.49260341129622,27.5025878185356,27.9006763530811,1496.79518902311,11.9679518902311,1.52215300736677,242.840263883934,41.7173062364517,0.155210797211686,36.796085205988,3753.28013702518,0.0762938641834422,0.05,0.0,27.5336178678973,54.2654339770413,1.99412372255946,931.358264319499,90.6249631472569,8.94617128192328,1.11916237179551,1.0,CLIMB,UNIT-healthy-0001,high_throttle_climb_heavy-M001,SIMULATED
186,3867.96070286986,303.926171141548,123.105872356353,0.999643385809447,46.4169593197055,46.4169593197055,46.4169593197055,46.4169593197055,689.173700937532,689.173700937532,689.173700937532,689.173700937532,2.49227160478946,27.6010564238282,27.8825310186857,1496.1893645799,11.961893645799,1.52223691332499,242.766906746452,41.6861489642004,0.155153622034815,36.9099246223942,3753.28013702518,0.0762938641834422,0.05,0.0,27.5367303228378,54.2473328976952,1.99379417673704,938.809130434055,90.5432154139535,8.89774065217864,1.1183448365993,0.999643385809447,CLIMB,UNIT-healthy-0001,high_throttle_climb_heavy-M001,SIMULATED
187,3868.51213524092,304.035314289755,123.16763777721,1.0,46.6531900661585,46.6531900661585,46.6531900661585,46.6531900661585,689.2658391043,689.2658391043,689.2658391043,689.2658391043,2.49255779819004,27.6995643517936,27.8999388625541,1496.77056949516,11.9677056949516,1.5237611733471,242.837644736261,41.6776353716324,0.155225154340385,37.0230172104484,3753.28013702518,0.0762938641834422,0.05,0.0,27.5398426116237,54.2515235579696,1.99407842022728,946.259996548611,90.4615274015505,8.84931002243405,1.11752775836531,1.0,CLIMB,UNIT-healthy-0001,high_throttle_climb_heavy-M001,SIMULATED
188,3868.60171477738,304.034649029962,123.170220346212,1.0,46.8892223688581,46.8892223688581,46.8892223688581,46.8892223688581,689.204561436705,689.204561436705,689.204561436705,689.204561436705,2.49260428996946,27.7981734638987,27.9006905598618,1496.79566328303,11.9679566328303,1.52460415261518,242.840314338182,41.6584296011391,0.155239925499513,37.1354744120841,3753.28013702518,0.0762938641834422,0.05,0.0,27.5429553620325,54.2470688278316,1.99412459524607,953.710862663167,90.3798990766637,8.80087939268941,1.1167111369165,1.0,CLIMB,UNIT-healthy-0001,high_throttle_climb_heavy-M001,SIMULATED
189,3868.60211070111,304.034646089646,123.170231760625,1.0,47.124964048104,47.124964048104,47.124964048104,47.124964048104,689.146482086636,689.146482086636,689.146482086636,689.146482086636,2.49260449545388,27.8968282814349,27.9006938822257,1496.79577419231,11.9679577419231,1.52541995731369,242.840326137291,41.6388092047478,0.155249624843641,37.2472082331126,3753.28013702518,0.0762938641834422,0.05,0.0,27.5460681220232,54.2409462109733,1.99412479933047,961.161728777723,90.2983304059223,8.75244876294482,1.11589497207593,1.0,CLIMB,UNIT-healthy-0001,high_throttle_climb_heavy-M001,SIMULATED
190,3868.60211123769,304.034646085661,123.170231776095,1.0,47.3604131817011,47.3604131817011,47.3604131817011,47.3604131817011,689.088425438269,689.088425438269,689.088425438269,689.088425438269,2.49260449573236,27.9955254292707,27.9006938867283,1496.79577434262,11.9679577434262,1.52623504797314,242.840326153282,41.619189927221,0.155259301443416,37.3582234559964,3753.28013702518,0.0762938641834422,0.05,0.0,27.5491808820239,54.2348175797121,1.99412479960706,968.612594892279,90.2168213559683,8.70401813320018,1.11507926366666,1.0,CLIMB,UNIT-healthy-0001,high_throttle_climb_heavy-M001,SIMULATED
191,3868.60211119089,304.034646086009,123.170231774745,1.0,47.5955687693256,47.5955687693256,47.5955687693256,47.5955687693256,689.030377376637,689.030377376637,689.030377376637,689.030377376637,2.49260449570807,28.0942623805712,27.9006938863356,1496.79577432951,11.9679577432951,1.52704954258431,242.840326151887,41.5995736186251,0.1552689777504,37.4685257408557,3753.28013702518,0.0762938641834422,0.05,0.0,27.5522936420231,54.2286903223213,1.99412479958293,976.063461006835,90.1353718934563,8.65558750345559,1.11426401151179,1.0,CLIMB,UNIT-healthy-0001,high_throttle_climb_heavy-M001,SIMULATED
192,3868.60211118886,304.034646086024,123.170231774687,1.0,47.8304298310154,47.8304298310154,47.8304298310154,47.8304298310154,688.972337883158,688.972337883158,688.972337883158,688.972337883158,2.49260449570702,28.1930366397099,27.9006938863186,1496.79577432894,11.9679577432894,1.52786344166773,242.840326151827,41.5799602831795,0.155278653799368,37.5781207002819,3753.28013702518,0.0762938641834422,0.05,0.0,27.5554064020222,54.2225644500833,1.99412479958189,983.514327121391,90.0539819850543,8.60715687371095,1.11344921543447,1.0,CLIMB,UNIT-healthy-0001,high_throttle_climb_heavy-M001,SIMULATED
193,3868.60211118878,304.034646086025,123.170231774684,1.0,48.0649954022932,48.0649954022932,48.0649954022932,48.0649954022932,688.914306963251,688.914306963251,688.914306963251,688.914306963251,2.49260449570698,28.2918457379791,27.9006938863179,1496.79577432892,11.9679577432892,1.52867674554381,242.840326151824,41.5603499219625,0.155288329586928,37.6870138949914,3753.28013702518,0.0762938641834422,0.05,0.0,27.5585191620213,54.2164399617274,1.99412479958184,990.965193235947,89.972651597443,8.55872624396636,1.11263487525789,1.0,CLIMB,UNIT-healthy-0001,high_throttle_climb_heavy-M001,SIMULATED
194,3868.60211118877,304.034646086025,123.170231774684,1.0,48.2992645339715,48.2992645339715,48.2992645339715,48.2992645339715,688.856284620868,688.856284620868,688.856284620868,688.856284620868,2.49260449570697,28.3906872333064,27.9006938863179,1496.79577432892,11.9679577432892,1.52948945454508,242.840326151824,41.5407425362445,0.15529800511202,37.7952108342823,3753.28013702518,0.0762938641834422,0.05,0.0,27.5616319220205,54.2103168567499,1.99412479958184,998.416059350503,89.891380697316,8.51029561422172,1.11182099080527,1.0,CLIMB,UNIT-healthy-0001,high_throttle_climb_heavy-M001,SIMULATED
195,3868.60211118877,304.034646086025,123.170231774684,1.0,48.5332362919951,48.5332362919951,48.5332362919951,48.5332362919951,688.798270859904,688.798270859904,688.798270859904,688.798270859904,2.49260449570697,28.4895587099948,27.9006938863178,1496.79577432892,11.9679577432892,1.53030156900445,242.840326151824,41.5211381273054,0.155307680373684,37.9027169765221,3753.28013702518,0.0762938641834422,0.05,0.0,27.5647446820196,54.2041951346807,1.99412479958184,1005.86692546506,89.8101692513797,8.46186498447713,1.11100756189987,1.0,CLIMB,UNIT-healthy-0001,high_throttle_climb_heavy-M001,SIMULATED
196,3868.60211118877,304.034646086024,123.170231774684,1.0,48.7669097572863,48.7669097572863,48.7669097572863,48.7669097572863,688.740265684249,688.740265684249,688.740265684249,688.740265684249,2.49260449570697,28.5884577784663,27.9006938863178,1496.79577432892,11.9679577432892,1.53111308925471,242.840326151824,41.501536696426,0.155317355370965,38.0095377296326,3753.28013702518,0.0762938641834422,0.05,0.0,27.5678574420187,54.1980747950513,1.99412479958184,1013.31779157962,89.7290172263537,8.41343435473249,1.11019458836499,1.0,CLIMB,UNIT-healthy-0001,high_throttle_climb_heavy-M001,SIMULATED
197,3868.60211118877,304.034646086025,123.170231774684,1.0,49.0002840255917,49.0002840255917,49.0002840255917,49.0002840255917,688.682269097799,688.682269097799,688.682269097799,688.682269097799,2.49260449570697,28.687382075008,27.9006938863179,1496.79577432892,11.9679577432892,1.53192401562854,242.840326151824,41.4819382448881,0.155327030102905,38.1156784515696,3753.28013702518,0.0762938641834422,0.05,0.0,27.5709702020179,54.1919558373935,1.99412479958184,1020.76865769417,89.6479245889704,8.3650037249879,1.10938207002397,1.0,CLIMB,UNIT-healthy-0001,high_throttle_climb_heavy-M001,SIMULATED
198,3868.60211118877,304.034646086025,123.170231774684,1.0,49.2333582073298,49.2333582073298,49.2333582073298,49.2333582073298,688.62428110445,688.62428110445,688.62428110445,688.62428110445,2.49260449570697,28.7863292615208,27.9006938863179,1496.79577432892,11.9679577432892,1.53273434845849,242.840326151824,41.4623427739739,0.155336704568546,38.2211444507985,3753.28013702518,0.0762938641834422,0.05,0.0,27.574082962017,54.1858382612391,1.99412479958184,1028.21952380873,89.5668913059749,8.31657309524326,1.10857000670018,1.0,CLIMB,UNIT-healthy-0001,high_throttle_climb_heavy-M001,SIMULATED
199,3868.60211118877,304.034646086025,123.170231774684,1.0,49.4661314274413,49.4661314274413,49.4661314274413,49.4661314274413,688.566301708101,688.566301708101,688.566301708101,688.566301708101,2.49260449570697,28.8852970252696,27.9006938863179,1496.79577432892,11.9679577432892,1.53354408807699,242.840326151824,41.4427502849668,0.155346378766931,38.3259409867654,3753.28013702518,0.0762938641834422,0.05,0.0,27.5771957220161,54.1797220661206,1.99412479958184,1035.67038992328,89.4859173441255,8.26814246549867,1.10775839821703,1.0,CLIMB,UNIT-healthy-0001,high_throttle_climb_heavy-M001,SIMULATED
200,3849.30505114909,300.773526754388,121.241292007196,0.98933038595164,49.6961682821713,49.6961682821713,49.6961682821713,49.6961682821713,684.138841871326,684.138841871326,684.138841871326,684.138841871326,2.48258932154638,28.9829911950166,27.3601746740291,1478.67567284887,11.7867567284887,1.51229282921317,240.634285591511,41.0750273235611,0.153346558902396,38.427579377685,3753.28013702518,0.0762938641834422,0.05,0.0,27.5802992642741,53.8129716141106,1.98417786141706,1043.12125603784,89.4050026701933,8.21971183575403,1.10694724439797,0.98933038595164,CLIMB,UNIT-healthy-0001,high_throttle_climb_heavy-M001,SIMULATED
201,3851.45448212828,301.621707733265,121.651083695394,0.99204108171188,49.9237502785551,49.9237502785551,49.9237502785551,49.9237502785551,685.291512408827,685.291512408827,685.291512408827,685.291512408827,2.48370487622458,29.0794263737701,27.4739652487262,1482.50307201053,11.8250307201053,1.51787398816722,241.111546067684,41.1309259906969,0.153709151638551,38.5263745186071,3753.28013702518,0.0762938641834422,0.05,0.0,27.5833910620852,53.8471072025529,1.98528581553004,1050.57212215239,89.3241472509622,8.17128120600944,1.10613654506651,0.99204108171188,CLIMB,UNIT-healthy-0001,high_throttle_climb_heavy-M001,SIMULATED
202,3857.73778485001,302.55836525643,122.227938709414,0.995122822632817,50.1524028314737,50.1524028314737,50.1524028314737,50.1524028314737,686.470416880497,686.470416880497,686.470416880497,686.470416880497,2.48696591033716,29.1766151749139,27.6356399658451,1487.92934385797,11.8792934385797,1.52525661604,241.769012657229,41.2151818616916,0.154338357833235,38.6259499116893,3753.28013702518,0.0762938641834422,0.05,0.0,27.5864887415668,53.9584665997418,1.98852463136599,1058.02298826695,89.2433510532292,8.1228505762648,1.10532630004615,0.995122822632817,CLIMB,UNIT-healthy-0001,high_throttle_climb_heavy-M001,SIMULATED
203,3847.32133103128,300.660689572148,121.133349879223,0.988941655851239,50.3801529382452,50.3801529382452,50.3801529382452,50.3801529382452,683.857610385824,683.857610385824,683.857610385824,683.857610385824,2.48155977080524,29.2735412922145,27.3300834074267,1477.66239293267,11.7766239293267,1.51351105721335,240.513719765139,40.9970895537573,0.153228745946479,38.7242813034226,3753.28013702518,0.0762938641834422,0.05,0.0,27.5895852339836,53.7577971069669,1.98315532527386,1065.47385438151,89.1626140438039,8.07441994652021,1.10451650916048,0.988941655851239,CLIMB,UNIT-healthy-0001,high_throttle_climb_heavy-M001,SIMULATED
204,3865.76316396487,304.055729444084,123.088379144125,1.0,50.6085164862638,50.6085164862638,50.6085164862638,50.6085164862638,688.377915171473,688.377915171473,688.377915171473,688.377915171473,2.49113108209777,29.3708793218257,27.876873645776,1496.0004451251,11.960004451251,1.53673785160121,242.75572134963,41.3315183445955,0.155233182896415,38.8229356703921,3753.28013702518,0.0762938641834422,0.05,0.0,27.5926832534066,54.0962765750545,1.99266142472416,1072.92472049606,89.081936189509,8.02598931677556,1.10370717223309,1.0,CLIMB,UNIT-healthy-0001,high_throttle_climb_heavy-M001,SIMULATED
205,3868.60702447998,304.034609597612,123.17037342401,1.0,50.8394376883599,50.8394376883599,50.8394376883599,50.8394376883599,688.218430716264,688.218430716264,688.218430716264,688.218430716264,2.49260704570511,29.4698721409575,27.9007351158361,1496.79715067864,11.9679715067864,1.53839155117947,242.840472575128,41.3252810847036,0.155404697977753,38.9238956044944,3753.28013702518,0.0762938641834422,0.05,0.0,27.5957956714332,54.1432959569588,1.99412733220617,1080.37558661062,89.0013174571801,7.97755868703098,1.10289828908763,1.0,CLIMB,UNIT-healthy-0001,high_throttle_climb_heavy-M001,SIMULATED
206,3836.83832965701,298.673322170528,120.004781534202,0.982495452615632,51.0660973979252,51.0660973979252,51.0660973979252,51.0660973979252,681.012670444376,681.012670444376,681.012670444376,681.012670444376,2.47611909309199,29.566802141989,27.0171664461334,1467.09674825156,11.6709674825156,1.50295238493819,239.215996307484,40.73223105375,0.152114970928838,39.0201693198332,3753.28013702518,0.0762938641834422,0.05,0.0,27.5988932125803,53.5438760147253,1.97775171631804,1087.82645272517,88.9207578136656,7.92912805728639,1.10208985954777,0.982495452615632,CLIMB,UNIT-healthy-0001,high_throttle_climb_heavy-M001,SIMULATED
207,3830.95609844473,298.485222955814,119.745341967164,0.981779289910138,51.2877733688654,51.2877733688654,51.2877733688654,51.2877733688654,680.830715939694,680.830715939694,680.830715939694,680.830715939694,2.47306621509281,29.6610799248586,26.9441930607081,1464.6252431909,11.646252431909,1.50092613708564,238.932870934391,40.6675511340924,0.151733270816599,39.1110561819342,3753.28013702518,0.0762938641834422,0.05,0.0,27.6019669444656,53.4280633456546,1.97471963837357,1095.27731883973,88.8402572258268,7.88069742754175,1.10128188343724,0.981779289910138,CLIMB,UNIT-healthy-0001,high_throttle_climb_heavy-M001,SIMULATED
208,3856.59688759014,302.833923406867,122.303078138692,0.995967319991534,51.5121088963977,51.5121088963977,51.5121088963977,51.5121088963977,686.568089996428,686.568089996428,686.568089996428,686.568089996428,2.48637378465928,29.7568512825829,27.6562162189132,1488.61895915025,11.8861895915025,1.53102822564261,241.862638224799,41.1124375519049,0.154402927269631,39.2044113476394,3753.28013702518,0.0762938641834422,0.05,0.0,27.6050514952437,53.9008789840977,1.98793653999492,1102.72818495429,88.7598156605379,7.83226679779716,1.10047436057979,0.995967319991534,CLIMB,UNIT-healthy-0001,high_throttle_climb_heavy-M001,SIMULATED
209,3867.57231501419,304.042293837027,123.140542102477,1.0,51.7407275230239,51.7407275230239,51.7407275230239,51.7407275230239,688.023726377321,688.023726377321,688.023726377321,688.023726377321,2.49207003149237,29.8551977822889,27.8920527678793,1496.50729168399,11.9650729168399,1.5413020362673,242.809636711416,41.2421583762668,0.155384476486168,39.301876702938,3753.28013702518,0.0762938641834422,0.05,0.0,27.6081583471632,54.0997323338269,1.99359397681144,1110.17905106884,88.6794330846861,7.78383616805252,1.09966729079922,1.0,CLIMB,UNIT-healthy-0001,high_throttle_climb_heavy-M001,SIMULATED
210,3868.59777989088,304.034678252281,123.170106904093,1.0,51.9701262736955,51.9701262736955,51.9701262736955,51.9701262736955,687.929251376707,687.929251376707,687.929251376707,687.929251376707,2.49260224776337,29.954184111866,27.9006575405659,1496.79456101143,11.9679456101143,1.54241087607606,242.840197072777,41.2274097583264,0.155452530409269,39.3998459124511,3753.28013702518,0.0762938641834422,0.05,0.0,27.6112709981445,54.1127776064516,1.99412256695406,1117.6299171834,88.5991094651711,7.73540553830793,1.09886067391936,1.0,CLIMB,UNIT-healthy-0001,high_throttle_climb_heavy-M001,SIMULATED
211,3868.60211183419,304.034646081231,123.170231793292,1.0,52.199225643993,52.199225643993,52.199225643993,52.199225643993,687.871220917356,687.871220917356,687.871220917356,687.871220917356,2.49260449604195,30.0531755417029,27.9006938917338,1496.79577450972,11.9679577450972,1.54321481402153,242.840326171059,41.2078734768077,0.155462447988371,39.4972140542567,3753.28013702518,0.0762938641834422,0.05,0.0,27.6143837581651,54.1067587457114,1.99412479991453,1125.08078329795,88.5188447689059,7.68697490856329,1.09805450976408,1.0,CLIMB,UNIT-healthy-0001,high_throttle_climb_heavy-M001,SIMULATED
212,3866.38151598643,303.659150016868,122.947498202791,0.998775735387808,52.4277336596573,52.4277336596573,52.4277336596573,52.4277336596573,687.314967549471,687.314967549471,687.314967549471,687.314967549471,2.49145200679696,30.1520117877614,27.8382209536997,1494.70925330031,11.947092533003,1.54146562682871,242.585201645687,41.1481330203888,0.155239480621748,39.5936874116874,3753.28013702518,0.0762938641834422,0.05,0.0,27.6174954622368,54.0592163732244,1.9929801628796,1132.53164941251,88.4386389628161,7.6385442788187,1.09724879815728,0.998775735387808,CLIMB,UNIT-healthy-0001,high_throttle_climb_heavy-M001,SIMULATED
213,3860.82071338384,302.77456706845,122.41302901797,0.995885740728955,52.6549489677546,52.6549489677546,52.6549489677546,52.6549489677546,686.092570463726,686.092570463726,686.092570463726,686.092570463726,2.48856595024621,30.250305064105,27.6885019322002,1489.70057219425,11.8970057219425,1.53615312806639,241.97380482048,41.0321412278863,0.154682600593776,39.6885552462939,3753.28013702518,0.0762938641834422,0.05,0.0,27.6206030389834,53.949356850839,1.99011376978548,1139.98251552707,88.3584920138402,7.59011364907406,1.09644353892293,0.995885740728955,CLIMB,UNIT-healthy-0001,high_throttle_climb_heavy-M001,SIMULATED
214,3854.40417621025,301.822097396604,121.82513573228,0.992766655238244,52.8803846013582,52.8803846013582,52.8803846013582,52.8803846013582,684.793539490247,684.793539490247,684.793539490247,684.793539490247,2.48523576745312,30.347777141089,27.5241520521993,1484.18895677406,11.8418895677406,1.53023863818525,241.302267707455,40.9064479851148,0.154058588431037,39.7813309041492,3753.28013702518,0.0762938641834422,0.05,0.0,27.6237040252589,53.8235667105872,1.98680627639704,1147.43338164162,88.2784038889298,7.54168301932947,1.095638731885,0.992766655238244,CLIMB,UNIT-healthy-0001,high_throttle_climb_heavy-M001,SIMULATED
215,3844.96730347943,300.373442351569,120.943574674115,0.988033368240863,53.1036155622182,53.1036155622182,53.1036155622182,53.1036155622182,682.842053043777,682.842053043777,682.842053043777,682.842053043777,2.48033803050582,30.4442058579753,27.2786237442664,1475.928448829,11.75928448829,1.52095485002027,240.293859557076,40.7270965852275,0.153126610578736,39.8715933450626,3753.28013702518,0.0762938641834422,0.05,0.0,27.6267966548137,53.6414672872252,1.98194190901002,1154.88424775618,88.1983745550489,7.49325238958482,1.09483437686752,0.988033368240863,CLIMB,UNIT-healthy-0001,high_throttle_climb_heavy-M001,SIMULATED
216,3852.12844910799,301.797048070986,121.743102679904,0.992640840043799,53.3263443952906,53.3263443952906,53.3263443952906,53.3263443952906,684.702581186767,684.702581186767,684.702581186767,684.702581186767,2.48405466508705,30.54045143703,27.5008262073164,1483.40555549001,11.8340555549001,1.53095972343918,241.214376323093,40.8534108325638,0.153937544581392,39.9611040991272,3753.28013702518,0.0762938641834422,0.05,0.0,27.6298868740804,53.7690663722317,1.98563322118968,1162.33511387073,88.1184039791749,7.44482175984024,1.09403047369455,0.992640840043799,CLIMB,UNIT-healthy-0001,high_throttle_climb_heavy-M001,SIMULATED
217,3866.7117760714,304.048684604176,123.115730957762,1.0,53.5516181060637,53.5516181060637,53.5516181060637,53.5516181060637,687.591544411459,687.591544411459,687.591544411459,687.591544411459,2.49162341178106,30.6382193049446,27.8848324217864,1496.26621173534,11.9626621173534,1.54745499257124,242.783991385422,41.0817218390133,0.15541280361482,40.0529855603637,3753.28013702518,0.0762938641834422,0.05,0.0,27.6329894714746,54.0350656442068,1.9931504000368,1169.78597998529,88.0384921282976,7.39639113009559,1.09322702219018,1.0,CLIMB,UNIT-healthy-0001,high_throttle_climb_heavy-M001,SIMULATED
218,3868.60537884492,304.034621818872,123.170325980644,1.0,53.7785101227324,53.7785101227324,53.7785101227324,53.7785101227324,687.466215350236,687.466215350236,687.466215350236,687.466215350236,2.49260619162052,30.7370839087785,27.9007213066101,1496.79668969046,11.9679668969046,1.54881784563363,242.840423532783,41.0710766100381,0.155530322622682,40.1462741979397,3753.28013702518,0.0762938641834422,0.05,0.0,27.6361020034847,54.064299073447,1.99412648394068,1177.23684609985,87.9586389694199,7.34796050035101,1.09242402217857,1.0,CLIMB,UNIT-healthy-0001,high_throttle_climb_heavy-M001,SIMULATED
219,3868.60225072652,304.034645049752,123.170235797534,1.0,54.0051060797656,54.0051060797656,54.0051060797656,54.0051060797656,687.408520203847,687.408520203847,687.408520203847,687.408520203847,2.49260456812706,30.8359463165312,27.9006950572383,1496.79581341733,11.9679581341733,1.54961485840697,242.840330310254,41.0515293435054,0.155539813077351,40.2390058352656,3753.28013702518,0.0762938641834422,0.05,0.0,27.6392147638006,54.0581519510238,1.99412487150851,1184.6877122144,87.8788444695575,7.29952987060636,1.09162147348388,1.0,CLIMB,UNIT-healthy-0001,high_throttle_climb_heavy-M001,SIMULATED
220,3860.53699011242,302.671556876518,122.362388759533,0.995567268171797,54.230370314889,54.230370314889,54.230370314889,54.230370314889,685.553075794485,685.553075794485,685.553075794485,685.553075794485,2.48841869786835,30.9342530902189,27.674780696012,1489.24095961389,11.8924095961389,1.54114674365831,241.91378296157,40.8858056507729,0.154704923344892,40.3301244971222,3753.28013702518,0.0762938641834422,0.05,0.0,27.6423236895921,53.9016740201732,1.98996752067651,1192.13857832896,87.7991085957389,7.25109924086178,1.09081937593032,0.995567268171797,CLIMB,UNIT-healthy-0001,high_throttle_climb_heavy-M001,SIMULATED
221,3838.50792268965,299.157374186046,120.251574622383,0.984122284441623,54.4515613055025,54.4515613055025,54.4515613055025,54.4515613055025,680.897509991514,680.897509991514,680.897509991514,680.897509991514,2.47698561187593,31.0305260147917,27.0879187154587,1469.49028749194,11.6949028749194,1.51775318264248,239.494749579253,40.4826545115146,0.152479737826296,40.4168353537366,3753.28013702518,0.0762938641834422,0.05,0.0,27.645416727984,53.4848993535556,1.97861233128333,1199.58944444351,87.7194313150055,7.20266861111713,1.09001772934216,0.984122284441623,CLIMB,UNIT-healthy-0001,high_throttle_climb_heavy-M001,SIMULATED
222,3845.31672457986,300.829216017509,121.138096951477,0.989486135301559,54.6706773031629,54.6706773031629,54.6706773031629,54.6706773031629,683.123207071012,683.123207071012,683.123207071012,683.123207071012,2.48051938005695,31.125707482802,27.3328170964115,1477.75446579979,11.7775446579979,1.52882113570856,240.521926165267,40.6263260648481,0.153335102751909,40.5012170053473,3753.28013702518,0.0762938641834422,0.05,0.0,27.6484990580292,53.6058763938181,1.98212202297931,1207.04031055807,87.6398125944114,7.15423798137255,1.08921653354367,0.989486135301559,CLIMB,UNIT-healthy-0001,high_throttle_climb_heavy-M001,SIMULATED
223,3856.39632768421,302.451074756635,122.142107908243,0.994790082627216,54.8920352562125,54.8920352562125,54.8920352562125,54.8920352562125,685.164669511414,685.164669511414,685.164669511414,685.164669511414,2.4862696940681,31.2222279117509,27.612635384461,1487.15808055666,11.8715808055666,1.54109222207799,241.669474608823,40.7885724332455,0.154430739708104,40.5876982385847,3753.28013702518,0.0762938641834422,0.05,0.0,27.6515927717518,53.8064179839954,1.98783315860011,1214.49117667263,87.5602524010238,7.1058073516279,1.0884157883592,0.994790082627216,CLIMB,UNIT-healthy-0001,high_throttle_climb_heavy-M001,SIMULATED
224,3838.77311170422,299.237774428448,120.292202906832,0.984393138934031,55.1121065730894,55.1121065730894,55.1121065730894,55.1121065730894,680.850398086727,680.850398086727,680.850398086727,680.850398086727,2.47712324497449,31.3182944484177,27.0996059327748,1469.88540544939,11.6988540544939,1.52059825778496,239.540576480418,40.4312499019967,0.152544453003485,40.6726528923725,3753.28013702518,0.0762938641834422,0.05,0.0,27.6546846111692,53.4719179568737,1.97874902665166,1221.94204278718,87.4807507019226,7.05737672188332,1.08761549361311,0.984393138934031,CLIMB,UNIT-healthy-0001,high_throttle_climb_heavy-M001,SIMULATED
225,3817.2855064438,296.108477642395,118.36794364039,0.974183972572122,55.3268995797401,55.3268995797401,55.3268995797401,55.3268995797401,676.764534700927,676.764534700927,676.764534700927,676.764534700927,2.46597117784433,31.4116768384139,26.5691017663629,1451.87577463819,11.5187577463819,1.49936371147141,237.337678611341,40.0598640865712,0.150473795205047,40.7520107240913,3753.28013702518,0.0762938641834422,0.05,0.0,27.6577537904725,53.065514740805,1.96767294146587,1229.39290890174,87.4013074642004,7.00894609213867,1.08681564912979,0.974183972572122,CLIMB,UNIT-healthy-0001,high_throttle_climb_heavy-M001,SIMULATED
226,3831.10420763849,298.897918214759,119.915541618435,0.983173004117406,55.540745412875,55.540745412875,55.540745412875,55.540745412875,680.442556924255,680.442556924255,680.442556924255,680.442556924255,2.47314308376438,31.5045530533087,26.9942052779819,1466.31939590774,11.6631939590774,1.51802807336331,239.124729991294,40.3258899074921,0.152026496112939,40.8302434507817,3753.28013702518,0.0762938641834422,0.05,0.0,27.6608168258703,53.3171522953537,1.97479598331881,1236.84377501629,87.3219226549628,6.96051546239408,1.08601625473371,0.983173004117406,CLIMB,UNIT-healthy-0001,high_throttle_climb_heavy-M001,SIMULATED
227,3845.85605259175,300.964514105852,121.20957683367,0.989935162360294,55.7580686395033,55.7580686395033,55.7580686395033,55.7580686395033,683.035034975688,683.035034975688,683.035034975688,683.035034975688,2.48079929129512,31.599403248706,27.3531352846293,1478.43867462095,11.7843867462095,1.53360620636757,240.603216878085,40.5414977263025,0.153449924444995,40.9118813207429,3753.28013702518,0.0762938641834422,0.05,0.0,27.6638974968255,53.5860873284127,1.98240002710915,1244.29464113085,87.2425962413282,6.9120848326495,1.08521731024932,0.989935162360294,CLIMB,UNIT-healthy-0001,high_throttle_climb_heavy-M001,SIMULATED
228,3845.45120285664,300.585193422133,121.044066780742,0.98875043818831,55.9765721636092,55.9765721636092,55.9765721636092,55.9765721636092,682.437253767193,682.437253767193,682.437253767193,682.437253767193,2.4805891742826,31.6950739504172,27.3079294273117,1476.91608247654,11.7691608247654,1.5324353025913,240.406858449558,40.4907857330571,0.153333340418834,40.9945525993411,3753.28013702518,0.0762938641834422,0.05,0.0,27.6669864737858,53.5725617635677,1.98219134167868,1251.74550724541,87.1633281904277,6.86365420290485,1.08441881550117,0.98875043818831,CLIMB,UNIT-healthy-0001,high_throttle_climb_heavy-M001,SIMULATED
229,3853.34931159998,301.971077321693,121.851911551876,0.993238920314498,56.1954842742994,56.1954842742994,56.1954842742994,56.1954842742994,684.204889307552,684.204889307552,684.204889307552,684.204889307552,2.48468829272039,31.7910669040546,27.5321811962241,1484.45855030167,11.8445855030167,1.54251644980812,241.335763450218,40.618584820624,0.154179125519805,41.0774657711252,3753.28013702518,0.0762938641834422,0.05,0.0,27.6700779886266,53.7137095299651,1.98626253175257,1259.19637335996,87.0841184694055,6.81522357316027,1.08362077031379,0.993238920314498,CLIMB,UNIT-healthy-0001,high_throttle_climb_heavy-M001,SIMULATED
230,3859.51382812202,302.807098138319,122.384740284561,0.995978437127285,56.4158617695766,56.4158617695766,56.4158617695766,56.4158617695766,685.212503382448,685.212503382448,685.212503382448,685.212503382448,2.48788767679533,31.8879952300544,27.6809171186078,1489.44652008426,11.8944652008426,1.54938902428437,241.943869473855,40.6953064309862,0.154777047371493,41.161700154347,3753.28013702518,0.0762938641834422,0.05,0.0,27.6731778768799,53.822518115386,1.98944011758867,1266.64723947452,87.0049670454182,6.76679294341562,1.0828231745118,0.995978437127285,CLIMB,UNIT-healthy-0001,high_throttle_climb_heavy-M001,SIMULATED
231,3855.26689608073,301.964860772653,121.910040293696,0.993267584080159,56.6360247757712,56.6360247757712,56.6360247757712,56.6360247757712,684.036660400938,684.036660400938,684.036660400938,684.036660400938,2.4856835190659,31.9849775812901,27.5491052597385,1485.02669636802,11.8502669636802,1.54470037827607,241.395911713242,40.5890756202645,0.154308809033207,41.2455289474299,3753.28013702518,0.0762938641834422,0.05,0.0,27.676279195032,53.7373888621619,1.9872509773612,1274.09810558907,86.9258738856356,6.71836231367104,1.08202602791982,0.993267584080159,CLIMB,UNIT-healthy-0001,high_throttle_climb_heavy-M001,SIMULATED
232,3851.69188706519,301.485181778994,121.603514806536,0.991699323536725,56.8548105685357,56.8548105685357,56.8548105685357,56.8548105685357,683.373016262778,683.373016262778,683.373016262778,683.373016262778,2.48382808938683,32.0813382326684,27.4638081702717,1482.16171198539,11.8216171198539,1.54198869302287,241.045708259527,40.5140592470616,0.153978879839472,41.3277675585511,3753.28013702518,0.0762938641834422,0.05,0.0,27.6793755863099,53.6648012371905,1.98540818920886,1281.54897170363,86.8468389572402,6.66993168392639,1.08122933036252,0.991699323536725,CLIMB,UNIT-healthy-0001,high_throttle_climb_heavy-M001,SIMULATED
233,3866.42667027457,304.046449094488,123.105748078299,0.999986493692771,57.0747504554085,57.0747504554085,57.0747504554085,57.0747504554085,686.671249514727,686.671249514727,686.671249514727,686.671249514727,2.4914754418725,32.1783909132989,27.8819565204125,1496.17018082997,11.9617018082997,1.5600552549896,242.773387726387,40.7678287722318,0.155549939603102,41.4110191521272,3753.28013702518,0.0762938641834422,0.05,0.0,27.6824770376105,53.9331590976273,1.99300343828586,1288.99983781819,86.7678622274272,6.62150105418181,1.08043308166462,0.999986493692771,CLIMB,UNIT-healthy-0001,high_throttle_climb_heavy-M001,SIMULATED
234,3853.65852713427,301.508877754799,121.675167103835,0.991822702611385,57.2946616677087,57.2946616677087,57.2946616677087,57.2946616677087,683.247944388473,683.247944388473,683.247944388473,683.247944388473,2.48484877558269,32.2756591284255,27.4844581748879,1482.85566211051,11.8285566211051,1.54432787099488,241.121730762893,40.4870879690015,0.154119340102934,41.4940619312986,3753.28013702518,0.0762938641834422,0.05,0.0,27.6855823294204,53.6893861764168,1.98642192120323,1296.45070393274,86.6889436634047,6.57307042443716,1.07963728165086,0.991822702611385,CLIMB,UNIT-healthy-0001,high_throttle_climb_heavy-M001,SIMULATED
235,3834.33105601759,298.628805266789,119.908486662034,0.982457650431248,57.510021053426,57.510021053426,57.510021053426,57.510021053426,679.497726448991,679.497726448991,679.497726448991,679.497726448991,2.47481781807313,32.3706131730364,26.9954214884314,1466.36057794839,11.6636057794839,1.52486186032256,239.09626926465,40.1454217999145,0.152224070348954,41.572273451568,3753.28013702518,0.0762938641834422,0.05,0.0,27.6886688079819,53.3235930360053,1.97645930722556,1303.9015700473,86.6100832323935,6.52463979469258,1.07884193014602,0.982457650431248,CLIMB,UNIT-healthy-0001,high_throttle_climb_heavy-M001,SIMULATED
236,3841.88053829621,300.330546000234,120.829222278481,0.987907815782396,57.723847985474,57.723847985474,57.723847985474,57.723847985474,681.724688732302,681.724688732302,681.724688732302,681.724688732302,2.47873599937573,32.4647655803448,27.2488219371293,1474.92362653779,11.7492362653779,1.53632214827728,240.163495729355,40.2958925279769,0.153131043501635,41.6487776585869,3753.28013702518,0.0762938641834422,0.05,0.0,27.6917472525473,53.4581938595449,1.98035079293619,1311.35243616185,86.5312809016275,6.47620916494793,1.07804702697495,0.987907815782396,CLIMB,UNIT-healthy-0001,high_throttle_climb_heavy-M001,SIMULATED
237,3833.00000220887,298.584700568469,119.849158279851,0.982301793284324,57.9374678242488,57.9374678242488,57.9374678242488,57.9374678242488,679.363316824804,679.363316824804,679.363316824804,679.363316824804,2.4741270011464,32.5589836767487,26.9791218331126,1465.80858981756,11.6580858981756,1.52577788595649,239.030325234002,40.0958358668137,0.152153339115313,41.7249357503833,3753.28013702518,0.0762938641834422,0.05,0.0,27.6948277537338,53.2869606605847,1.97577319701488,1318.80330227641,86.4525366383531,6.42777853520334,1.07725257196248,0.982301793284324,CLIMB,UNIT-healthy-0001,high_throttle_climb_heavy-M001,SIMULATED
238,3808.88413639894,294.801378054733,117.586073718205,0.970052173870482,58.1465966889411,58.1465966889411,58.1465966889411,58.1465966889411,674.439298525625,674.439298525625,674.439298525625,674.439298525625,2.46161086679105,32.6510026591307,26.3589977900998,1444.70051799475,11.4470051799475,1.50054259113191,236.42810952302,39.6593496383192,0.149758719650607,41.7963681271739,3753.28013702518,0.0762938641834422,0.05,0.0,27.6978900705863,52.8322675344848,1.96334233834997,1326.25416839097,86.3738504098294,6.3793479054587,1.07645856493353,0.970052173870482,CLIMB,UNIT-healthy-0001,high_throttle_climb_heavy-M001,SIMULATED
239,3813.1670822139,296.088632937864,118.232313597749,0.974141487387751,58.3531763025917,58.3531763025917,58.3531763025917,58.3531763025917,676.148359491316,676.148359491316,676.148359491316,676.148359491316,2.46383371566901,32.7416923552936,26.5345786268747,1450.69845089048,11.5069845089048,1.50887754474026,237.182976657355,39.7610892801771,0.150356901802539,41.8650968812338,3753.28013702518,0.0762938641834422,0.05,0.0,27.7009392484182,52.9061498325183,1.9655500423783,1333.70503450552,86.2952221833287,6.33091727571411,1.07566500571304,0.974141487387751,CLIMB,UNIT-healthy-0001,high_throttle_climb_heavy-M001,SIMULATED
240,3806.09763404163,294.715501328069,117.465821935178,0.96974312862993,58.559461461384,58.559461461384,58.559461461384,58.559461461384,674.290580108202,674.290580108202,674.290580108202,674.290580108202,2.46016467206761,32.8323704319873,26.326145810045,1443.57637728853,11.4357637728853,1.5007836676473,236.295018690866,39.5988136186102,0.149593868206226,41.9334404820041,3753.28013702518,0.0762938641834422,0.05,0.0,27.703989619183,52.7687895145764,1.96190599692868,1341.15590062008,86.2166519261358,6.28248664596947,1.07487189412597,0.96974312862993,CLIMB,UNIT-healthy-0001,high_throttle_climb_heavy-M001,SIMULATED
241,3823.93796931387,297.907245276432,119.294527753424,0.980024041185705,58.7665977164348,58.7665977164348,58.7665977164348,58.7665977164348,678.405881445105,678.405881445105,678.405881445105,678.405881445105,2.4694238060739,32.9234966488546,26.8258827698001,1460.61211858648,11.6061211858648,1.52267442153301,238.40558175885,39.917909928245,0.151482922880918,42.0025795640549,3753.28013702518,0.0762938641834422,0.05,0.0,27.7070432654975,53.0948767048697,1.97110204603808,1348.60676673463,86.1381396055483,6.23405601622488,1.07407922999735,0.980024041185705,CLIMB,UNIT-healthy-0001,high_throttle_climb_heavy-M001,SIMULATED
242,3825.25892797622,297.650713807427,119.232975980409,0.979266028053111,58.9758496050575,58.9758496050575,58.9758496050575,58.9758496050575,677.949522773517,677.949522773517,677.949522773517,677.949522773517,2.47010938361966,33.0158853946838,26.8101431414206,1460.0776524003,11.600776524003,1.52265046828355,238.324732017232,39.8854511429034,0.151499569587895,42.0737976786599,3753.28013702518,0.0762938641834422,0.05,0.0,27.7101099825513,53.1135731143552,1.97178295256506,1356.05763284919,86.0596851888767,6.18562538648024,1.07328701315223,0.979266028053111,CLIMB,UNIT-healthy-0001,high_throttle_climb_heavy-M001,SIMULATED
243,3863.20828378735,304.074703186579,123.014706027939,1.0,59.1892883347447,59.1892883347447,59.1892883347447,59.1892883347447,686.215613897911,686.215613897911,686.215613897911,686.215613897911,2.48980509928563,33.1104725298833,27.8554412713498,1495.28459298402,11.9528459298402,1.56698293519718,242.679582163163,40.558267636355,0.155464190523907,42.1492100541152,3753.28013702518,0.0762938641834422,0.05,0.0,27.7131943175313,53.8135178172378,1.99134447617905,1363.50849896375,85.9812886434443,6.13719475673565,1.0724952434157,1.0,CLIMB,UNIT-healthy-0001,high_throttle_climb_heavy-M001,SIMULATED
244,3852.16755801001,301.256096459391,121.526119860395,0.991031997628003,59.4057468237882,59.4057468237882,59.4057468237882,59.4057468237882,682.369983326252,682.369983326252,682.369983326252,682.369983326252,2.4840749626072,33.2069744467338,27.4440759535685,1481.49839424496,11.8149839424496,1.55044579892974,240.947529829561,40.2644923603816,0.154057748126219,42.2275852769562,3753.28013702518,0.0762938641834422,0.05,0.0,27.7162984773768,53.6021569269138,1.98565338041753,1370.9593650783,85.9029499365869,6.08876412699101,1.07170392061288,0.991031997628003,CLIMB,UNIT-healthy-0001,high_throttle_climb_heavy-M001,SIMULATED
245,3842.06727877485,299.966885949274,120.688780257388,0.986820937283542,59.6186374495206,59.6186374495206,59.6186374495206,59.6186374495206,680.710721441515,680.710721441515,680.710721441515,680.710721441515,2.47883291768414,33.3016625262434,27.2120367041763,1473.68269255538,11.7368269255538,1.54165982595867,239.99065163152,40.0928477924775,0.153127467182091,42.3021735207403,3753.28013702518,0.0762938641834422,0.05,0.0,27.7193876278624,53.4083606315596,1.98044705091487,1378.41023119286,85.8246690356534,6.04033349724642,1.07091304456895,0.986820937283542,CLIMB,UNIT-healthy-0001,high_throttle_climb_heavy-M001,SIMULATED
246,3815.34058523968,295.673752226849,118.133943873156,0.972962398167289,59.8269722462817,59.8269722462817,59.8269722462817,59.8269722462817,675.146295082866,675.146295082866,675.146295082866,675.146295082866,2.46496176373939,33.3941095744847,26.511170221058,1449.89979295885,11.4989979295885,1.51302082683277,237.048528591283,39.6027231789052,0.150433461430187,42.3719843428409,3753.28013702518,0.0762938641834422,0.05,0.0,27.7224586092429,52.9054953399306,1.96667040476272,1385.86109730741,85.7464459080053,5.99190286750178,1.07012261510911,0.972962398167289,CLIMB,UNIT-healthy-0001,high_throttle_climb_heavy-M001,SIMULATED
247,3838.51680408537,300.207576309808,120.674001070095,0.987492419529337,60.0346722677062,60.0346722677062,60.0346722677062,60.0346722677062,681.040470679298,681.040470679298,681.040470679298,681.040470679298,2.47699022132031,33.4861370146211,27.2065541068688,1473.49767767115,11.7349767767115,1.54320831354043,239.98911187506,40.0536251525642,0.153004138119258,42.4410690131712,3753.28013702518,0.0762938641834422,0.05,0.0,27.7255235889869,53.3305315074264,1.97861690932236,1393.31196342197,85.6682805210171,5.94347223775719,1.06933263205861,0.987492419529337,CLIMB,UNIT-healthy-0001,high_throttle_climb_heavy-M001,SIMULATED
248,3858.72961403563,302.94083557558,122.413914267728,0.996395602342528,60.2477703500469,60.2477703500469,60.2477703500469,60.2477703500469,684.40958076768,684.40958076768,684.40958076768,684.40958076768,2.48748066968449,33.5811342441024,27.6892527462868,1489.72571895752,11.8972571895752,1.56390206759597,241.980379601673,40.3503954151465,0.154939225617978,42.5155976329651,3753.28013702518,0.0762938641834422,0.05,0.0,27.7286155294823,53.7003328543508,1.98903588352352,1400.76282953653,85.5901728420756,5.8950416080126,1.06854309524272,0.996395602342528,CLIMB,UNIT-healthy-0001,high_throttle_climb_heavy-M001,SIMULATED
249,3860.18290634183,302.775705347066,122.393266537491,0.995919960127362,60.4627910414868,60.4627910414868,60.4627910414868,60.4627910414868,684.079516044182,684.079516044182,684.079516044182,684.079516044182,2.48823492839141,33.6773452136173,27.6844075390353,1489.56343488518,11.8956343488518,1.56436416986134,241.948539824715,40.3258992279547,0.154989295454363,42.5919803168357,3753.28013702518,0.0762938641834422,0.05,0.0,27.7317194834588,53.7213353884385,1.98978500326898,1408.21369565108,85.5121228385809,5.84661097826796,1.06775400448676,0.995919960127362,CLIMB,UNIT-healthy-0001,high_throttle_climb_heavy-M001,SIMULATED
250,3844.06893347931,300.079178947367,120.796860695001,0.98723245908648,60.6754018884593,60.6754018884593,60.6754018884593,60.6754018884593,680.55409136217,680.55409136217,680.55409136217,680.55409136217,2.47987177647576,33.7724333833594,27.2429759200888,1474.72646189994,11.7472646189994,1.54674715522091,240.108846000036,40.014254195341,0.153321166773298,42.6657736043267,3753.28013702518,0.0762938641834422,0.05,0.0,27.7348154445184,53.4158532496444,1.98147883169037,1415.66456176564,85.4341304779454,5.79818034852337,1.06696535961609,0.98723245908648,CLIMB,UNIT-healthy-0001,high_throttle_climb_heavy-M001,SIMULATED
251,3855.68143524912,302.439083925496,122.114623914213,0.994781163814537,60.8871413275358,60.8871413275358,60.8871413275358,60.8871413275358,683.596597788264,683.596597788264,683.596597788264,683.596597788264,2.48589866489429,33.8670555241744,27.6063732738073,1486.94808585637,11.8694808585637,1.56279200941459,241.635396669053,40.2373725732779,0.154651870378317,42.7385742762011,3753.28013702518,0.0762938641834422,0.05,0.0,27.7379063768404,53.625700409273,1.98746465734491,1423.11542788019,85.3561957275947,5.74974971877873,1.06617716045611,0.994781163814537,CLIMB,UNIT-healthy-0001,high_throttle_climb_heavy-M001,SIMULATED
252,3864.6911220102,303.613489045139,122.875265746306,0.998611147896863,61.1013738908644,61.1013738908644,61.1013738908644,61.1013738908644,684.999409845955,684.999409845955,684.999409845955,684.999409845955,2.4905746923233,33.963133263536,27.818178499999,1494.03943101838,11.9403943101838,1.57226785917453,242.50510447242,40.3556558027196,0.155512486733391,42.8138271098164,3753.28013702518,0.0762938641834422,0.05,0.0,27.7410105228649,53.787111487832,1.99210882577846,1430.56629399475,85.2783185549668,5.70131908903414,1.06538940683226,0.998611147896863,CLIMB,UNIT-healthy-0001,high_throttle_climb_heavy-M001,SIMULATED
253,3819.80333956278,295.874867649483,118.352571565813,0.973737746297183,61.3106477129337,61.3106477129337,61.3106477129337,61.3106477129337,674.975927867231,674.975927867231,674.975927867231,674.975927867231,2.46727793323308,34.056874908549,26.5738251719872,1452.03680330106,11.5203680330106,1.52083767473861,237.284266401373,39.5039756407192,0.150806813406803,42.883886409139,3753.28013702518,0.0762938641834422,0.05,0.0,27.7440980519147,52.9471454015311,1.96897079358906,1438.01716010931,85.2004989275127,5.6528884592895,1.06460209856999,0.973737746297183,CLIMB,UNIT-healthy-0001,high_throttle_climb_heavy-M001,SIMULATED
254,3802.3710942573,294.118263739619,117.113001394595,0.967947956934412,61.511918925928,61.511918925928,61.511918925928,61.511918925928,672.85504200786,672.85504200786,672.85504200786,672.85504200786,2.45823059791954,34.1464283512197,26.2347399165221,1440.44545114962,11.4044545114962,1.50751900406468,235.874637219164,39.2575056854235,0.149344508464683,42.9456815293781,3753.28013702518,0.0762938641834422,0.05,0.0,27.747147009154,52.6174853094256,1.95998510013263,1445.46802622386,85.1227368126958,5.60445782954491,1.06381523549483,0.967947956934412,CLIMB,UNIT-healthy-0001,high_throttle_climb_heavy-M001,SIMULATED
255,3807.69235798343,295.278731035646,117.739621716754,0.971649819090068,61.7121496880434,61.7121496880434,61.7121496880434,61.7121496880434,674.335145426675,674.335145426675,674.335145426675,674.335145426675,2.4609923337934,34.2354451205128,26.4046118917053,1446.26036230393,11.4626036230393,1.51558029878839,236.603062056832,39.3554007915447,0.149968365491051,43.006385293742,3753.28013702518,0.0762938641834422,0.05,0.0,27.7501904501047,52.7105578683901,1.96272801957909,1452.91889233842,85.0450321779927,5.55602719980027,1.06302881743231,0.971649819090068,CLIMB,UNIT-healthy-0001,high_throttle_climb_heavy-M001,SIMULATED
256,3823.18480100736,297.697188557137,119.186932398858,0.979450255675233,61.9147099715786,61.9147099715786,61.9147099715786,61.9147099715786,677.353491021502,677.353491021502,677.353491021502,677.353491021502,2.46903291172282,34.3256953944603,26.7997732799794,1459.7254522319,11.597254522319,1.5330300408377,238.270389074663,39.6037064243588,0.151519270943829,43.0694516208692,3753.28013702518,0.0762938641834422,0.05,0.0,27.753245652219,52.9924980084142,1.97071381495225,1460.36975845297,84.9673849908926,5.50759657005568,1.06224284420803,0.979450255675233,CLIMB,UNIT-healthy-0001,high_throttle_climb_heavy-M001,SIMULATED
257,3823.89443722653,297.453472243155,119.111462049445,0.978721584500464,62.1187805627229,62.1187805627229,62.1187805627229,62.1187805627229,676.935028454566,676.935028454566,676.935028454566,676.935028454566,2.46940121292057,34.4168631591017,26.7801171932747,1459.05769562921,11.5905769562921,1.53285589867878,238.175385086775,39.56900045866,0.151503781750899,43.1340249953834,3753.28013702518,0.0762938641834422,0.05,0.0,27.7563109328475,52.9998244499015,1.9710796068178,1467.82062456753,84.8897952188971,5.45916594031104,1.06145731564762,0.978721584500464,CLIMB,UNIT-healthy-0001,high_throttle_climb_heavy-M001,SIMULATED
258,3835.65567391587,299.462311121589,120.284703956097,0.985174946067713,62.323803037298,62.323803037298,62.323803037298,62.323803037298,679.457183282358,679.457183282358,679.457183282358,679.457183282358,2.47550529476234,34.5085712270657,27.1015978185272,1469.95273921571,11.6995273921571,1.54717992492385,239.530255321906,39.7662613659739,0.152737905413278,43.1995289780133,3753.28013702518,0.0762938641834422,0.05,0.0,27.7593812298031,53.2123568507623,1.97714209995664,1475.27149068209,84.8122628295211,5.41073531056645,1.06067223157672,0.985174946067713,CLIMB,UNIT-healthy-0001,high_throttle_climb_heavy-M001,SIMULATED
259,3847.73658361557,301.195511419281,121.361922077785,0.990785811867173,62.5314272782342,62.5314272782342,62.5314272782342,62.5314272782342,681.573910200739,681.573910200739,681.573910200739,681.573910200739,2.48177528689648,34.6017330016252,27.3987474721394,1479.97385414078,11.7997385414078,1.56032630377798,240.767418168089,39.9439681072805,0.153922929236958,43.2676447024728,3753.28013702518,0.0762938641834422,0.05,0.0,27.7624651927011,53.4307512932138,1.98336937299772,1482.72235679664,84.7347877902918,5.36230468082181,1.05988759182105,0.990785811867173,CLIMB,UNIT-healthy-0001,high_throttle_climb_heavy-M001,SIMULATED
260,3816.21543748552,295.638280205144,118.146856025191,0.972985495229259,62.7361761054825,62.7361761054825,62.7361761054825,62.7361761054825,674.384486510496,674.384486510496,674.384486510496,674.384486510496,2.46541581205498,34.6936439649988,26.518978124643,1450.16621993861,11.5016621993861,1.52390696988303,237.048067057053,39.3295305104125,0.150599212586486,43.3327465635666,3753.28013702518,0.0762938641834422,0.05,0.0,27.7655411333269,52.8396458215481,1.96712135952862,1490.1732229112,84.6573700687494,5.31387405107722,1.05910339620633,0.972985495229259,CLIMB,UNIT-healthy-0001,high_throttle_climb_heavy-M001,SIMULATED
261,3791.44582795705,292.333069387629,116.067710996116,0.962286403596729,62.9336771163345,62.9336771163345,62.9336771163345,62.9336771163345,670.253604994069,670.253604994069,670.253604994069,670.253604994069,2.45256038470971,34.7818839132281,25.9545392837489,1430.81851368719,11.3081851368719,1.5007909764885,234.659107281297,38.9243131986742,0.148306169563925,43.3903868655238,3753.28013702518,0.0762938641834422,0.05,0.0,27.7685835859887,52.3740620425204,1.95435351956549,1497.62408902575,84.5800096324466,5.26544342133258,1.05831964455835,0.962286403596729,CLIMB,UNIT-healthy-0001,high_throttle_climb_heavy-M001,SIMULATED
262,3788.09363889067,292.279194825305,115.943718867986,0.96205946273094,63.1280534091435,63.1280534091435,63.1280534091435,63.1280534091435,670.219086661084,670.219086661084,670.219086661084,670.219086661084,2.45082059858426,34.8685427286275,25.9204587099528,1429.64457083874,11.2964457083874,1.50021964097984,234.524670546933,38.8830050369072,0.148109760299368,43.444831531191,3753.28013702518,0.0762938641834422,0.05,0.0,27.7716105501305,52.3061341521737,1.95262558705705,1505.07495514031,84.5027064489489,5.21701279158799,1.05753633670293,0.96205946273094,CLIMB,UNIT-healthy-0001,high_throttle_climb_heavy-M001,SIMULATED
263,3791.37415393037,292.836620884426,116.265442779291,0.963855033928398,63.3224083699976,63.3224083699976,63.3224083699976,63.3224083699976,670.883575459327,670.883575459327,670.883575459327,670.883575459327,2.45252318588986,34.9552282385551,26.0075273275058,1432.64243671089,11.3264243671089,1.504706469059,234.896107391734,38.9236823318863,0.148453448933987,43.4992737736261,3753.28013702518,0.0762938641834422,0.05,0.0,27.7746383865257,52.3613144463636,1.95431657419091,1512.52582125487,84.4254604858348,5.16858216184335,1.0567534724659,0.963855033928398,CLIMB,UNIT-healthy-0001,high_throttle_climb_heavy-M001,SIMULATED
264,3793.65471878458,293.132135144093,116.452777202852,0.964823213274748,63.5170955676645,63.5170955676645,63.5170955676645,63.5170955676645,671.19923249428,671.19923249428,671.19923249428,671.19923249428,2.45370679904919,35.0421451503691,26.0586041292263,1434.39906809035,11.3439906809035,1.50761839582538,235.110111293233,38.9388275888901,0.148670861629224,43.5540747251318,3753.28013702518,0.0762938641834422,0.05,0.0,27.7776695312332,52.3979206192325,1.95549212308483,1519.97668736942,84.3482717106952,5.12015153209876,1.05597105167317,0.964823213274748,CLIMB,UNIT-healthy-0001,high_throttle_climb_heavy-M001,SIMULATED
265,3799.6316550424,294.083798568364,117.014913116279,0.967886981373712,63.7123749940655,63.7123749940655,63.7123749940655,63.7123749940655,672.35358975934,672.35358975934,672.35358975934,672.35358975934,2.45680882896701,35.1294073885143,26.2109016238417,1439.62815025009,11.3962815025009,1.51487635588375,235.758775679509,39.0242321487162,0.14927507041757,43.6094989866966,3753.28013702518,0.0762938641834422,0.05,0.0,27.78070477924,52.5030962912453,1.95857301806309,1527.42755348398,84.2711400911337,5.07172090235412,1.05518907415066,0.967886981373712,CLIMB,UNIT-healthy-0001,high_throttle_climb_heavy-M001,SIMULATED
266,3826.62492691824,298.454763848307,119.597755569971,0.981914325367516,63.911215877759,63.911215877759,63.911215877759,63.911215877759,677.831447006103,677.831447006103,677.831447006103,677.831447006103,2.47081833707057,35.2184622613313,26.9136969244224,1463.59152979547,11.6359152979547,1.54548678934758,238.742744529525,39.4847303199303,0.152014084655927,43.6685832372712,3753.28013702518,0.0762938641834422,0.05,0.0,27.783756793511,52.9981271674159,1.97248707573105,1534.87841959853,84.1940655947669,5.02329027260953,1.05440753972434,0.981914325367516,CLIMB,UNIT-healthy-0001,high_throttle_climb_heavy-M001,SIMULATED
267,3820.11007152561,296.706484341387,118.694756097421,0.976407311315003,64.1120902438438,64.1120902438438,64.1120902438438,64.1120902438438,675.460220513276,675.460220513276,675.460220513276,675.460220513276,2.46743712712179,35.3087563777976,26.6690131378823,1455.27930389741,11.5527930389741,1.53567529583564,237.684577772788,39.2955531914718,0.151174139146608,43.7297342696967,3753.28013702518,0.0762938641834422,0.05,0.0,27.7868230773346,52.871423939306,1.96912890284825,1542.32928571309,84.117048189224,4.97485964286489,1.05362644822021,0.976407311315003,CLIMB,UNIT-healthy-0001,high_throttle_climb_heavy-M001,SIMULATED
268,3833.38683716995,299.192179981184,120.105114994955,0.984339036949598,64.3130354201424,64.3130354201424,64.3130354201424,64.3130354201424,678.602177120367,678.602177120367,678.602177120367,678.602177120367,2.47432776849121,35.399088613392,27.0537082093932,1468.33328714766,11.6833328714766,1.55280242355359,239.320330197505,39.5382742287195,0.152624979036906,43.7909393298391,3753.28013702518,0.0762938641834422,0.05,0.0,27.7898894474345,53.1118556362453,1.97597259647936,1549.78015182765,84.0400878421466,4.9264290131203,1.05284579946432,0.984339036949598,CLIMB,UNIT-healthy-0001,high_throttle_climb_heavy-M001,SIMULATED
269,3811.9020543062,295.218682942716,117.845821825878,0.971675066672502,64.5128361272712,64.5128361272712,64.5128361272712,64.5128361272712,673.457165888813,673.457165888813,673.457165888813,673.457165888813,2.46317716618492,35.4890394687307,26.4391194340571,1447.43963339593,11.4743963339593,1.52735074025808,236.698258546997,39.0979220579988,0.150318423051899,43.8509466713019,3753.28013702518,0.0762938641834422,0.05,0.0,27.7929550751126,52.7075282991038,1.96489796613722,1557.2310179422,83.9631845211896,4.87799838337571,1.05206559328274,0.971675066672502,CLIMB,UNIT-healthy-0001,high_throttle_climb_heavy-M001,SIMULATED
270,3815.52494119353,296.419742919654,118.437720730953,0.975447589574288,64.7099266717738,64.7099266717738,64.7099266717738,64.7099266717738,675.020895554998,675.020895554998,675.020895554998,675.020895554998,2.46505744447944,35.5775770492259,26.5987828243106,1452.88744688871,11.5288744688871,1.53508343141937,237.394681335957,39.1905893602624,0.150859209683014,43.9081707412307,3753.28013702518,0.0762938641834422,0.05,0.0,27.7960071133935,52.7689256813492,1.96676543360491,1564.68188405676,83.88633819402,4.82956775363107,1.0512858295016,0.975447589574288,CLIMB,UNIT-healthy-0001,high_throttle_climb_heavy-M001,SIMULATED
271,3842.58243165136,300.783433385616,121.033536502853,0.989438858097021,64.9107579694108,64.9107579694108,64.9107579694108,64.9107579694108,680.465295336642,680.465295336642,680.465295336642,680.465295336642,2.47910028202705,35.668019086345,27.3086191934735,1476.93932285227,11.7693932285227,1.56583995373246,240.393544201564,39.6513588290228,0.15362161783996,43.969228341697,3753.28013702518,0.0762938641834422,0.05,0.0,27.7990763174744,53.2648127126423,1.98071259363472,1572.13275017131,83.809548828318,4.78113712388648,1.05050650794704,0.989438858097021,CLIMB,UNIT-healthy-0001,high_throttle_climb_heavy-M001,SIMULATED
272,3865.84000190589,304.055158809375,123.090594703515,1.0,65.1172987825017,65.1172987825017,65.1172987825017,65.1172987825017,684.4551692524,684.4551692524,684.4551692524,684.4551692524,2.49117096098916,35.7615510579691,27.8775182882888,1496.02197282768,11.9602197282768,1.59025194841493,242.758011233269,40.0076097032966,0.155894017505587,44.0361074309536,3753.28013702518,0.0762938641834422,0.05,0.0,27.8021740164614,53.6900830498521,1.99270103191025,1579.58361628587,83.7328163917762,4.73270649414184,1.04972762844528,1.0,CLIMB,UNIT-healthy-0001,high_throttle_climb_heavy-M001,SIMULATED
273,3868.6037302217,304.034634062324,123.170278451124,1.0,65.3263182949565,65.3263182949565,65.3263182949565,65.3263182949565,684.299903010365,684.299903010365,684.299903010365,684.299903010365,2.49260533598506,35.8565739114941,27.9007074723107,1496.79622786518,11.9679622786518,1.59184233549286,242.840374401386,40.0012797968238,0.156061551904308,44.1054650872257,3753.28013702518,0.0762938641834422,0.05,0.0,27.80528640972,53.7353081755198,1.9941256341349,1587.03448240043,83.6561408521001,4.68427586439725,1.04894919082253,1.0,CLIMB,UNIT-healthy-0001,high_throttle_climb_heavy-M001,SIMULATED
274,3867.7583743806,303.891813291569,123.085516848144,0.9995430015781,65.5349301515711,65.5349301515711,65.5349301515711,65.5349301515711,684.061941519095,684.061941519095,684.061941519095,684.061941519095,2.49216659630353,35.951481919957,27.8772372899163,1496.01258897194,11.9601258897194,1.59162888932098,242.742411109106,39.9664037521202,0.155981879262687,44.1743357362725,3753.28013702518,0.0762938641834422,0.05,0.0,27.8083987669562,53.7136242981471,1.99368988370134,1594.48534851498,83.5795221770076,4.63584523465261,1.04817119490507,0.9995430015781,CLIMB,UNIT-healthy-0001,high_throttle_climb_heavy-M001,SIMULATED
275,3868.48202032064,304.035537937325,123.166769564293,1.0,65.7431978156275,65.7431978156275,65.7431978156275,65.7431978156275,684.189575052039,684.189575052039,684.189575052039,684.189575052039,2.49254216854641,36.0462885906053,27.8996861575005,1496.76213341823,11.9676213341823,1.5933378693312,242.83674726735,39.961978348084,0.156073898908753,44.2427882105611,3753.28013702518,0.0762938641834422,0.05,0.0,27.811510908825,53.7210258720035,1.9940628970725,1601.93621462954,83.5029603342296,4.58741460490802,1.04739364051921,1.0,CLIMB,UNIT-healthy-0001,high_throttle_climb_heavy-M001,SIMULATED
276,3868.60239669633,304.034643965711,123.170240005818,1.0,65.9512552833744,65.9512552833744,65.9512552833744,65.9512552833744,684.12800694218,684.12800694218,684.12800694218,684.12800694218,2.49260464388539,36.1410733600188,27.9006962821329,1496.79585430754,11.9679585430754,1.5941387936886,242.840334660369,39.9431873585776,0.156090428777596,44.3109623412059,3753.28013702518,0.0762938641834422,0.05,0.0,27.8146236549325,53.7172447589713,1.99412494675068,1609.38708074409,83.4264552915095,4.53898397516338,1.0466165274913,1.0,CLIMB,UNIT-healthy-0001,high_throttle_climb_heavy-M001,SIMULATED
277,3868.60211329911,304.034646070352,123.170231835525,1.0,66.1589844498634,66.1589844498634,66.1589844498634,66.1589844498634,684.070720353462,684.070720353462,684.070720353462,684.070720353462,2.49260449680224,36.2357700207257,27.9006939040266,1496.79577492008,11.9679577492008,1.59490319198112,242.840326214715,39.9238301391326,0.156100062917096,44.3787395706131,3753.28013702518,0.0762938641834422,0.05,0.0,27.8177364149895,53.7112286341365,1.99412480066965,1616.83794685865,83.3500070166035,4.49055334541879,1.04583985564771,1.0,CLIMB,UNIT-healthy-0001,high_throttle_climb_heavy-M001,SIMULATED
278,3868.6021111933,304.034646085991,123.170231774815,1.0,66.3663839391958,66.3663839391958,66.3663839391958,66.3663839391958,684.013432717931,684.013432717931,684.013432717931,684.013432717931,2.49260449570932,36.3303764380898,27.9006938863558,1496.79577433018,11.9679577433018,1.59566710674679,242.840326151959,39.9044773327994,0.156109712787241,44.4461213894219,3753.28013702518,0.0762938641834422,0.05,0.0,27.820849174989,53.7052190674107,1.99412479958418,1624.28881297321,83.2736154772804,4.44212271567415,1.04506362481488,1.0,CLIMB,UNIT-healthy-0001,high_throttle_climb_heavy-M001,SIMULATED
279,3861.13254744781,302.770891182257,122.421429881759,0.995962856550546,66.5725235798524,66.5725235798524,66.5725235798524,66.5725235798524,682.363634940202,682.363634940202,682.363634940202,682.363634940202,2.48872779212541,36.4244217709965,27.6938513644152,1489.87973250526,11.8987973250526,1.58776838335152,241.974118976474,39.7477622269817,0.155330286372657,44.5121578422867,3753.28013702518,0.0762938641834422,0.05,0.0,27.8239583703369,53.5608373603123,1.99027450899372,1631.73967908776,83.1972806413219,4.39369208592956,1.04428783481927,0.995962856550546,CLIMB,UNIT-healthy-0001,high_throttle_climb_heavy-M001,SIMULATED
280,3867.5429437787,304.042511961644,123.139695287069,1.0,66.7781998828008,66.7781998828008,66.7781998828008,66.7781998828008,683.936373095412,683.936373095412,683.936373095412,683.936373095412,2.49205478782115,36.518249189801,27.8918063209447,1496.49906351808,11.9649906351808,1.59687758928883,242.808761405405,39.8607810945529,0.156068470468424,44.5776755929605,3753.28013702518,0.0762938641834422,0.05,0.0,27.8270656943447,53.6736015721151,1.99357883699933,1639.19054520232,83.121002476522,4.34526145618491,1.04351248548736,1.0,CLIMB,UNIT-healthy-0001,high_throttle_climb_heavy-M001,SIMULATED
281,3868.60467818337,304.034627022315,123.170305780694,1.0,66.9845986689149,66.9845986689149,66.9845986689149,66.9845986689149,683.841532269461,683.841532269461,683.841532269461,683.841532269461,2.49260582797717,36.612565892406,27.9007154270605,1496.79649341565,11.9679649341565,1.59795621701351,242.840402652038,39.8464495899738,0.156138807422889,44.6438886519892,3753.28013702518,0.0762938641834422,0.05,0.0,27.8301783323934,53.6872636937371,1.99412612277494,1646.64141131687,83.0447809506876,4.29683082644033,1.04273757664571,1.0,CLIMB,UNIT-healthy-0001,high_throttle_climb_heavy-M001,SIMULATED
282,3868.60212993765,304.034645946787,123.170232315211,1.0,67.1906779785772,67.1906779785772,67.1906779785772,67.1906779785772,683.784370421808,683.784370421808,683.784370421808,683.784370421808,2.49260450543764,36.7067982229326,27.9006940436476,1496.795779581,11.96795779581,1.5987171067893,242.840326710568,39.8270971204162,0.156148310346141,44.709727942874,3753.28013702518,0.0762938641834422,0.05,0.0,27.8332910929109,53.6812123388011,1.99412480924621,1654.09227743143,82.9686160316383,4.24840019669568,1.04196310812088,1.0,CLIMB,UNIT-healthy-0001,high_throttle_climb_heavy-M001,SIMULATED
283,3868.60211122904,304.034646085725,123.170231775845,1.0,67.3964269310864,67.3964269310864,67.3964269310864,67.3964269310864,683.727127997859,683.727127997859,683.727127997859,683.727127997859,2.49260449572787,36.8009354102272,27.9006938866558,1496.7957743402,11.967957743402,1.59947818465818,242.840326153024,39.8077596847905,0.156157957524593,44.7751850406463,3753.28013702518,0.0762938641834422,0.05,0.0,27.8364038529133,53.6752091792283,1.9941247996026,1661.54314354599,82.8925076872063,4.1999695669511,1.04118907973949,1.0,CLIMB,UNIT-healthy-0001,high_throttle_climb_heavy-M001,SIMULATED
284,3868.60211118897,304.034646086023,123.17023177469,1.0,67.6018454275863,67.6018454275863,67.6018454275863,67.6018454275863,683.669893850528,683.669893850528,683.669893850528,683.669893850528,2.49260449570707,36.894976523594,27.9006938863195,1496.79577432897,11.9679577432897,1.60023870266593,242.84032615183,39.7884254311723,0.156167605418757,44.8402625636964,3753.28013702518,0.0762938641834422,0.05,0.0,27.8395166129124,53.6692077077567,1.99412479958194,1668.99400966054,82.8164558852366,4.15153893720645,1.04041549132819,1.0,CLIMB,UNIT-healthy-0001,high_throttle_climb_heavy-M001,SIMULATED
285,3868.60211118877,304.034646086024,123.170231774684,1.0,67.8069333557296,67.8069333557296,67.8069333557296,67.8069333557296,683.612668643033,683.612668643033,683.612668643033,683.612668643033,2.49260449570697,36.9889206240527,27.9006938863178,1496.79577432892,11.9679577432892,1.60099865558238,242.840326151824,39.7690942729641,0.156177252962608,44.9049630867234,3753.28013702518,0.0762938641834422,0.05,0.0,27.8426293729116,53.6632075789327,1.99412479958184,1676.4448757751,82.7404605935865,4.10310830746187,1.03964234271367,1.0,CLIMB,UNIT-healthy-0001,high_throttle_climb_heavy-M001,SIMULATED
286,3868.60211118877,304.034646086025,123.170231774684,1.0,68.0116906093019,68.0116906093019,68.0116906093019,68.0116906093019,683.555452380887,683.555452380887,683.555452380887,683.555452380887,2.49260449570697,37.0827667841211,27.9006938863178,1496.79577432892,11.9679577432892,1.60175804371698,242.840326151824,39.7497662113311,0.156186900152849,44.969289161193,3753.28013702518,0.0762938641834422,0.05,0.0,27.8457421329107,53.6572087915713,1.99412479958184,1683.89574188965,82.6645217801265,4.05467767771722,1.03886963372265,1.0,CLIMB,UNIT-healthy-0001,high_throttle_climb_heavy-M001,SIMULATED
287,3865.24010193467,303.465629727825,122.83287162347,0.998186370019086,68.2156986262465,68.2156986262465,68.2156986262465,68.2156986262465,682.785469766727,682.785469766727,682.785469766727,682.785469766727,2.49085961290409,37.1763034640962,27.807577511299,1493.68505987245,11.9368505987245,1.59861038368321,242.449677781061,39.6684912033459,0.155840611334652,45.0328146619962,3753.28013702518,0.0762938641834422,0.05,0.0,27.8488532882086,53.5889858615058,1.99239180512096,1691.34660800421,82.5886394127394,4.00624704797264,1.0380973641819,0.998186370019086,CLIMB,UNIT-healthy-0001,high_throttle_climb_heavy-M001,SIMULATED
288,3863.97215279285,303.335754970624,122.740025891638,0.997761782516233,68.4188001574013,68.4188001574013,68.4188001574013,68.4188001574013,682.578789473769,682.578789473769,682.578789473769,682.578789473769,2.49020154729949,37.2694249277771,27.7817917265384,1492.82284591815,11.9282284591815,1.59830994109789,242.34380756911,39.6323609788527,0.155739448891296,45.0953846742613,3753.28013702518,0.0762938641834422,0.05,0.0,27.8519616032408,53.5595389775176,1.9917382230891,1698.79747411877,82.5128134593207,3.95781641822799,1.03732553391823,0.997761782516233,CLIMB,UNIT-healthy-0001,high_throttle_climb_heavy-M001,SIMULATED
289,3827.61039568793,297.226674257141,119.136304760732,0.97830997353739,68.617013674525,68.617013674525,68.617013674525,68.617013674525,674.890760108298,674.890760108298,674.890760108298,674.890760108298,2.47132979536204,37.3601893252317,26.795813935422,1459.59096229916,11.5959096229916,1.55729014250246,238.166058138025,38.9456885670654,0.151947933229838,45.1529261335492,3753.28013702518,0.0762938641834422,0.05,0.0,27.8550519247943,52.8807145397039,1.97299504932368,1706.24834023332,82.4370438877785,3.90938578848341,1.03655414275847,0.97830997353739,CLIMB,UNIT-healthy-0001,high_throttle_climb_heavy-M001,SIMULATED
290,3844.98871893143,301.061054380398,121.221112721358,0.990397735379511,68.812578520166,68.812578520166,68.812578520166,68.812578520166,679.763904459748,679.763904459748,679.763904459748,679.763904459748,2.48034914512541,37.4494318860642,27.3623349502866,1478.74839855431,11.7874839855431,1.58241077136527,240.602407802561,39.3165267421084,0.154016238083631,45.2077738181515,3753.28013702518,0.0762938641834422,0.05,0.0,27.858126598426,53.1964323827336,1.9819529479028,1713.69920634788,82.3613306660338,3.86095515873882,1.03578319052951,0.990397735379511,CLIMB,UNIT-healthy-0001,high_throttle_climb_heavy-M001,SIMULATED
291,3859.38911906928,302.92302240866,122.427637065235,0.996401610130805,69.0122724349376,69.0122724349376,69.0122724349376,69.0122724349376,681.947701710406,681.947701710406,681.947701710406,681.947701710406,2.48782295279696,37.5408911536371,27.694966202213,1489.91706817349,11.8991706817349,1.59703341418005,241.989015180025,39.5180301887138,0.155383791652255,45.266870520754,3753.28013702518,0.0762938641834422,0.05,0.0,27.8612224175181,53.4569450059496,1.9893758345718,1721.15007246243,82.28567376202,3.81252452899417,1.03501267705826,0.996401610130805,CLIMB,UNIT-healthy-0001,high_throttle_climb_heavy-M001,SIMULATED
292,3850.31363146222,301.112011284937,121.409537473804,0.990677513204989,69.211929325418,69.211929325418,69.211929325418,69.211929325418,679.591305331082,679.591305331082,679.591305331082,679.591305331082,2.48311277472889,37.632487941971,27.4161951875104,1480.56080453664,11.8056080453664,1.58592836980146,240.802910123829,39.3098355328998,0.154361365010683,45.3259257784783,3753.28013702518,0.0762938641834422,0.05,0.0,27.8643216622854,53.2831111473263,1.9846977481764,1728.60093857699,82.2100731436832,3.76409389924959,1.03424260217167,0.990677513204989,CLIMB,UNIT-healthy-0001,high_throttle_climb_heavy-M001,SIMULATED
293,3862.72621872097,303.474934187159,122.756747003507,0.998161120779726,69.4114838953177,69.4114838953177,69.4114838953177,69.4114838953177,682.52160194297,682.52160194297,682.52160194297,682.52160194297,2.48955490751618,37.7240147045309,27.7856469284164,1492.95177645751,11.9295177645751,1.60235490591492,242.370019370474,39.539926093766,0.155752098715092,45.3848794282487,3753.28013702518,0.0762938641834422,0.05,0.0,27.8674200370678,53.506782725062,1.99109598903143,1736.05180469155,82.1345287789822,3.71566326950494,1.03347296569675,0.998161120779726,CLIMB,UNIT-healthy-0001,high_throttle_climb_heavy-M001,SIMULATED
294,3854.51702132159,301.739232293049,121.795254389567,0.992688138298613,69.6114013426383,69.6114013426383,69.6114013426383,69.6114013426383,680.251236672422,680.251236672422,680.251236672422,680.251236672422,2.48529433406591,37.8158780203821,27.5222981672607,1484.12670430128,11.8412670430128,1.59188987801345,241.248028437233,39.3421391305816,0.154799522215564,45.444201868454,3753.28013702518,0.0762938641834422,0.05,0.0,27.8705234623108,53.3489959738605,1.9868644439802,1743.5026708061,82.0590406358885,3.66723263976036,1.03270376746051,0.992688138298613,CLIMB,UNIT-healthy-0001,high_throttle_climb_heavy-M001,SIMULATED
295,3849.56594476592,301.160208784785,121.405390781894,0.990815696259831,69.8091425589652,69.8091425589652,69.8091425589652,69.8091425589652,679.514252416085,679.514252416085,679.514252416085,679.514252416085,2.48272472533351,37.9066512421688,27.4149148847148,1480.51773994547,11.8051773994547,1.58817265072145,240.800873754531,39.2515155538359,0.154358895457258,45.5012968703722,3753.28013702518,0.0762938641834422,0.05,0.0,27.8736180375693,53.251513336454,1.98431234266284,1750.95353692066,81.9836086823862,3.61880201001571,1.03193500729004,0.990815696259831,CLIMB,UNIT-healthy-0001,high_throttle_climb_heavy-M001,SIMULATED
296,3822.50382289217,296.69608647038,118.76497023777,0.976626008845911,70.0028298052546,70.0028298052546,70.0028298052546,70.0028298052546,673.926813255592,673.926813255592,673.926813255592,673.926813255592,2.46867948408104,37.9954750934901,26.6959098951735,1456.19461946377,11.5619461946377,1.55828782271969,237.737015158441,38.7410364800079,0.151571243200482,45.5542529340423,3753.28013702518,0.0762938641834422,0.05,0.0,27.8766971646549,52.7452297028046,1.97036279530524,1758.40440303521,81.9082328864718,3.57037138027113,1.03116668501243,0.976626008845911,CLIMB,UNIT-healthy-0001,high_throttle_climb_heavy-M001,SIMULATED
297,3831.57858500187,298.887743082021,119.926307184751,0.983503937239698,70.1940605539286,70.1940605539286,70.1940605539286,70.1940605539286,676.69865348486,676.69865348486,676.69865348486,676.69865348486,2.47338928561597,38.082953223598,27.0096684006166,1466.84293252086,11.6684293252086,1.57266270042293,239.099183258448,38.940608158299,0.152703890750517,45.6047382428034,3753.28013702518,0.0762938641834422,0.05,0.0,27.8797630102467,52.9072111262494,1.97504050773292,1765.85526914977,81.8329132161548,3.52194075052648,1.03039880045484,0.983503937239698,CLIMB,UNIT-healthy-0001,high_throttle_climb_heavy-M001,SIMULATED
298,3810.89143966252,295.095244409744,117.765317134688,0.971514636257857,70.3840029748236,70.3840029748236,70.3840029748236,70.3840029748236,671.895658988228,671.895658988228,671.895658988228,671.895658988228,2.46265265718485,38.1699437641269,26.4255005681796,1446.97429706324,11.4697429706324,1.54823305918964,236.580955558421,38.5157780724249,0.150484653678463,45.653953491076,3753.28013702518,0.0762938641834422,0.05,0.0,27.8828269573138,52.5189584612677,1.96437703075388,1773.30613526433,81.757649639457,3.4735101207819,1.02963135344444,0.971514636257857,CLIMB,UNIT-healthy-0001,high_throttle_climb_heavy-M001,SIMULATED
299,3780.7214746555,290.631442949459,115.06570434057,0.957295366333365,70.5674125640202,70.5674125640202,70.5674125640202,70.5674125640202,666.414438355959,666.414438355959,666.414438355959,666.414438355959,2.4469944453462,38.2537668868492,25.7008682882383,1422.0646593455,11.220646593455,1.51768565671203,233.451007795616,37.9880510342681,0.14756803097662,45.6965440434628,3753.28013702518,0.0762938641834422,0.05,0.0,27.8858618180708,51.9555576891248,1.94882550239974,1780.75700137888,81.6824421244131,3.42507949103725,1.02886434380846,0.957295366333365,CLIMB,UNIT-healthy-0001,high_throttle_climb_heavy-M001,SIMULATED
