t,rpm_true,torque_true,cht_c1_true,cht_c2_true,cht_c3_true,cht_c4_true,egt_c1_true,egt_c2_true,egt_c3_true,egt_c4_true,oil_pressure_true,oil_temperature_true,fuel_flow_true,rail_pressure_true,injection_timing_true,boost_pressure_true,map_true,intake_temperature_true,air_mass_flow_true,coolant_temperature_true,vibration_rms_x_true,vibration_order_1x_true,vibration_rms_x_bearing_proxy_true,vibration_order_1x_bearing_proxy_true,battery_voltage_true,battery_current_true,alternator_power_true,injector_health_c1,injector_health_c2,injector_health_c3,injector_health_c4,cooling_health,oil_pump_health,bearing_health,turbo_efficiency_deg,combustion_stability,injection_timing_deg,fuel_delivery_health,alternator_health,misfire_rate_c1,misfire_rate_c2,misfire_rate_c3,misfire_rate_c4,sensor_fault_active_cht_c3,imep_cov_c1,vibration_order_2x_true,sensor_fault_active_vibration_rms_x_bearing_proxy
0,800.0,0.0,15.0,15.0,15.0,15.0,594.325930761031,594.325930761031,594.325930761031,594.325930761031,0.9,15.0,2.0,300.0,0.0,0.0,101.325,45.5549373693552,0.0132310033687857,15.0,,,0.05,0.0,27.16,-3.22639418186235,0.412371134020619,1.0,1.0,1.0,1.0,1.0,1.0,1.0,0.0,0.0,0.0,1.0,1.0,0.0,0.0,0.0,0.0,NONE,,,NONE
1,431.444924247729,7.0,15.0187079881849,15.0187079881849,15.0187079881849,15.0187079881849,846.701023650209,846.701023650209,846.701023650209,846.701023650209,0.708719915684572,15.0402767440488,1.60886477643744,303.073026536394,0.0307302653639414,0.00236425,101.561425,45.6307562705297,0.0071505101174997,15.1637466363177,,,0.05,0.0,27.1595384982716,-10.2212969917851,0.222394290849345,1.0,1.0,1.0,1.0,1.0,1.0,1.0,0.0,0.0,0.0,1.0,1.0,0.0,0.0,0.0,0.0,NONE,,,NONE
2,544.622122280335,14.0,15.0355359218325,15.0355359218325,15.0355359218325,15.0355359218325,846.776716585265,846.776716585265,846.776716585265,846.776716585265,0.767458881463494,15.0743216048361,2.03514880249184,307.758293770603,0.0775829377060319,0.0047284999999999,101.79785,45.7064492055854,0.0090451057888526,15.324028553621,,,0.05,0.0,27.1590026317178,-8.07345358927524,0.280733052721822,1.0,1.0,1.0,1.0,1.0,1.0,1.0,0.0,0.0,0.0,1.0,1.0,0.0,0.0,0.0,0.0,NONE,,,NONE
3,752.738586985365,21.0,15.0588680960601,15.0588680960601,15.0588680960601,15.0588680960601,846.852284055311,846.852284055311,846.852284055311,846.852284055311,0.875471326645405,15.1197797739357,2.8187050511579,316.084456134051,0.16084456134051,0.00709275,102.034275,45.7820166756316,0.0125275780051462,15.4894552568533,1159.78464943844,0.0093619399095133,0.05,0.0,27.1586565973843,-4.12356254360883,0.388009580920291,1.0,1.0,1.0,1.0,1.0,1.0,1.0,0.0,0.0,0.0,1.0,1.0,0.0,0.0,0.0,0.0,NONE,0.0001061533251154,1418.71410889871,NONE
4,855.969597151315,22.0447658134912,15.0827982047388,15.0827982047388,15.0827982047388,15.0827982047388,641.384395387736,641.384395387736,641.384395387736,641.384395387736,0.929048220921533,15.1644375553015,2.35193006233407,319.200243451497,0.192002434514971,0.010400903001625,102.365090300162,45.8875440434699,0.0142870772207211,15.6539586263181,1159.78464943844,0.0093619399095133,0.05,0.0,27.1584908114665,-2.16427925165151,0.441221441830575,1.0,1.0,1.0,1.0,1.0,1.0,1.0,0.0,0.0,0.0,1.0,1.0,0.0,0.0,0.0,0.0,NONE,0.0001061533251154,1418.71410889871,NONE
5,888.125493857455,22.6450092186725,15.1062551525816,15.1062551525816,15.1062551525816,15.1062551525816,625.289960247189,625.289960247189,625.289960247189,625.289960247189,0.945737131312019,15.2072217483122,2.37509335982663,320.46396314639,0.204639631463904,0.0123015174713121,102.555151747131,45.9480619478752,0.014848501392953,15.8164648728512,1159.78464943844,0.0093619399095133,0.05,0.0,27.158388847617,-1.5539711843189,0.457796646318276,1.0,1.0,1.0,1.0,1.0,1.0,1.0,0.0,0.0,0.0,1.0,1.0,0.0,0.0,0.0,0.0,NONE,0.0001061533251154,1418.71410889871,NONE
6,898.03860163547,22.8300538971954,15.13016600137,15.13016600137,15.13016600137,15.13016600137,620.584589580455,620.584589580455,620.584589580455,620.584589580455,0.950882034248809,15.250474669703,2.38237939274299,320.861467141536,0.208614671415364,0.0128874440979165,102.613744409792,45.9667024165673,0.0150219384106953,15.9779334018078,1159.78464943844,0.0093619399095133,0.05,0.0,27.1583072711957,-1.36582534180822,0.462906495688386,1.0,1.0,1.0,1.0,1.0,1.0,1.0,0.0,0.0,0.0,1.0,1.0,0.0,0.0,0.0,0.0,NONE,0.0001061533251154,1418.71410889871,NONE
7,901.023945702322,22.8857803197767,15.1544386492666,15.1544386492666,15.1544386492666,15.1544386492666,619.190076944667,619.190076944667,619.190076944667,619.190076944667,0.952431427819505,15.2941414730492,2.38458699588068,320.98190731481,0.209819073148103,0.0130638965906679,102.631389659067,45.9723145260732,0.0150742023740694,16.1382833716137,1159.78464943844,0.0093619399095133,0.05,0.0,27.1582319073039,-1.30916722727408,0.464445332836249,1.0,1.0,1.0,1.0,1.0,1.0,1.0,0.0,0.0,0.0,1.0,1.0,0.0,0.0,0.0,0.0,NONE,0.0001061533251154,1418.71410889871,NONE
8,901.91658933029,22.9024430008321,15.1790419656378,15.1790419656378,15.1790419656378,15.1790419656378,618.775099721409,618.775099721409,618.775099721409,618.775099721409,0.952894709862421,15.3382014213221,2.38524829341953,321.017985715319,0.210179857153188,0.0131166574081036,102.63666574081,45.9739924613773,0.0150898327345751,16.2974967184486,1159.78464943844,0.0093619399095133,0.05,0.0,27.1581584077037,-1.29222832621706,0.464905458417675,1.0,1.0,1.0,1.0,1.0,1.0,1.0,0.0,0.0,0.0,1.0,1.0,0.0,0.0,0.0,0.0,NONE,0.0001061533251154,1418.71410889871,NONE
9,902.182853550527,22.9074132662765,15.2039641490114,15.2039641490114,15.2039641490114,15.2039641490114,618.651494266128,618.651494266128,618.651494266128,618.651494266128,0.953032900992724,15.3826447009234,2.38544565747805,321.028753303478,0.210287533034783,0.0131323952876708,102.638239528767,45.9744929561687,0.0150944953380013,16.45557518684,1159.78464943844,0.0093619399095133,0.05,0.0,27.1580854648888,-1.28717806818373,0.465042708015736,1.0,1.0,1.0,1.0,1.0,1.0,1.0,0.0,0.0,0.0,1.0,1.0,0.0,0.0,0.0,0.0,NONE,0.0001061533251154,1418.71410889871,NONE
10,902.262298994129,22.9088962478904,15.2291992917367,15.2291992917367,15.2291992917367,15.2291992917367,618.614629748838,618.614629748838,618.614629748838,618.614629748838,0.953074133177953,15.4274648562024,2.3855045546935,321.031966558032,0.210319665580317,0.0131370910099217,102.638709100992,45.9746422880916,0.0150958865459611,16.6125264698734,1159.78464943844,0.0093619399095133,0.05,0.0,27.1580126881663,-1.28567362883256,0.465083659275324,1.0,1.0,1.0,1.0,1.0,1.0,1.0,0.0,0.0,0.0,1.0,1.0,0.0,0.0,0.0,0.0,NONE,0.0001061533251154,1418.71410889871,NONE
11,902.285998875273,22.9093386456718,15.2547432708039,15.2547432708039,15.2547432708039,15.2547432708039,618.603633857109,618.603633857109,618.603633857109,618.603633857109,0.953086433416266,15.47265647551,2.38552212555162,321.032925171091,0.210329251710906,0.0131384918210216,102.638849182102,45.9746868361633,0.0150963015682611,16.7683599713705,1159.78464943844,0.0093619399095133,0.05,0.0,27.1579399609959,-1.28522724261213,0.465095875708903,1.0,1.0,1.0,1.0,1.0,1.0,1.0,0.0,0.0,0.0,1.0,1.0,0.0,0.0,0.0,0.0,NONE,0.0001061533251154,1418.71410889871,NONE
12,902.29306857099,22.9094706133251,15.2805925192352,15.2805925192352,15.2805925192352,15.2805925192352,618.600353897303,618.600353897303,618.600353897303,618.600353897303,0.953090102588344,15.5182144934094,2.38552736703003,321.033211130354,0.210332111303542,0.0131389096842241,102.638890968422,45.9747001248844,0.0150964253699715,16.9230855396912,1159.78464943844,0.0093619399095133,0.05,0.0,27.1578672486063,-1.28509649887318,0.465099519881953,1.0,1.0,1.0,1.0,1.0,1.0,1.0,0.0,0.0,0.0,1.0,1.0,0.0,0.0,0.0,0.0,NONE,0.0001061533251154,1418.71410889871,NONE
13,902.295177431831,22.9095099787275,15.3067436579999,15.3067436579999,15.3067436579999,15.3067436579999,618.599375510008,618.599375510008,618.599375510008,618.599375510008,0.953091197087121,15.5641339825929,2.38552893054799,321.033296431181,0.210332964311814,0.0131390343310802,102.638903433108,45.974704088854,0.0150964622995238,17.0767130892457,1159.78464943844,0.0093619399095133,0.05,0.0,27.1577945406258,-1.28505991251127,0.465100606923624,1.0,1.0,1.0,1.0,1.0,1.0,1.0,0.0,0.0,0.0,1.0,1.0,0.0,0.0,0.0,0.0,NONE,0.0001061533251154,1418.71410889871,NONE
14,902.295806493078,22.9095217212041,15.3331933859011,15.3331933859011,15.3331933859011,15.3331933859011,618.599083663605,618.599083663605,618.599083663605,618.599083663605,0.953091523569908,15.6104100914366,2.38552939693714,321.033321875968,0.210333218759678,0.0131390715125315,102.638907151253,45.9747052712836,0.0150964733154016,17.2292524881193,1159.78464943844,0.0093619399095133,0.05,0.0,27.1577218339605,-1.28505141305188,0.465100931181999,1.0,1.0,1.0,1.0,1.0,1.0,1.0,0.0,0.0,0.0,1.0,1.0,0.0,0.0,0.0,0.0,NONE,0.0001061533251154,1418.71410889871,NONE
15,902.295994138204,22.9095252239131,15.3599384465326,15.3599384465326,15.3599384465326,15.3599384465326,618.598996607694,618.598996607694,618.598996607694,618.598996607694,0.953091620957728,15.657038025035,2.38552953605823,321.033329465995,0.21033329465995,0.0131390826035313,102.638908260353,45.9747056239951,0.0150964766013707,17.3807135251914,1159.78464943844,0.0093619399095133,0.05,0.0,27.1576491276875,-1.28505129179718,0.465101027906291,1.0,1.0,1.0,1.0,1.0,1.0,1.0,0.0,0.0,0.0,1.0,1.0,0.0,0.0,0.0,0.0,NONE,0.0001061533251154,1418.71410889871,NONE
16,902.296050111573,22.9095262687494,15.3869756182189,15.3869756182189,15.3869756182189,15.3869756182189,618.598970639467,618.598970639467,618.598970639467,618.598970639467,0.953091650007906,15.7040130392133,2.38552957755718,321.033331730053,0.210333317300529,0.0131390859119072,102.638908591191,45.9747057292067,0.0150964775815548,17.5311059009512,1159.78464943844,0.0093619399095133,0.05,0.0,27.1575764215316,-1.28505366972983,0.465101056758543,1.0,1.0,1.0,1.0,1.0,1.0,1.0,0.0,0.0,0.0,1.0,1.0,0.0,0.0,0.0,0.0,NONE,0.0001061533251154,1418.71410889871,NONE
17,902.296066812091,22.9095265804924,15.4143017108122,15.4143017108122,15.4143017108122,15.4143017108122,618.598962891446,618.598962891446,618.598962891446,618.598962891446,0.953091658675476,15.7513304384146,2.38552958993904,321.03333240557,0.210333324055696,0.0131390868990122,102.638908689901,45.9747057605982,0.0150964778740079,17.6804392253767,1159.78464943844,0.0093619399095133,0.05,0.0,27.1575037154106,-1.28505679309321,0.465101065367057,1.0,1.0,1.0,1.0,1.0,1.0,1.0,0.0,0.0,0.0,1.0,1.0,0.0,0.0,0.0,0.0,NONE,0.0001061533251154,1418.71410889871,NONE
18,902.296071791127,22.9095266734344,15.4419135645367,15.4419135645367,15.4419135645367,15.4419135645367,618.598960581478,618.598960581478,618.598960581478,618.598960581478,0.953091661259595,15.7989855747457,2.38552959363052,321.033332606966,0.210333326069658,0.0131390871933043,102.63890871933,45.9747057699572,0.0150964779611988,17.8287230179137,1159.78464943844,0.0093619399095133,0.05,0.0,27.1574310092999,-1.28506013895344,0.465101067933571,1.0,1.0,1.0,1.0,1.0,1.0,1.0,0.0,0.0,0.0,1.0,1.0,0.0,0.0,0.0,0.0,NONE,0.0001061533251154,1418.71410889871,NONE
19,902.296073275366,22.9095267011402,15.4698080494459,15.4698080494459,15.4698080494459,15.4698080494459,618.598959892882,618.598959892882,618.598959892882,618.598959892882,0.953091662029915,15.8469738473713,2.38552959473094,321.033332667002,0.210333326670016,0.0131390872810321,102.638908728103,45.9747057727471,0.0150964779871902,17.9759667080766,1159.78464943844,0.0093619399095133,0.05,0.0,27.1573583031924,-1.28506355116489,0.465101068698642,1.0,1.0,1.0,1.0,1.0,1.0,1.0,0.0,0.0,0.0,1.0,1.0,0.0,0.0,0.0,0.0,NONE,0.0001061533251154,1418.71410889871,NONE
20,902.296073717815,22.9095267093992,15.497982065065,15.497982065065,15.497982065065,15.497982065065,618.598959687612,618.598959687612,618.598959687612,618.598959687612,0.953091662259546,15.8952907020163,2.38552959505898,321.033332684898,0.210333326848982,0.0131390873071838,102.638908730718,45.9747057735788,0.0150964779949382,18.1221796362282,1159.78464943844,0.0093619399095133,0.05,0.0,27.1572855970858,-1.28506698316845,0.465101068926709,1.0,1.0,1.0,1.0,1.0,1.0,1.0,0.0,0.0,0.0,1.0,1.0,0.0,0.0,0.0,0.0,NONE,0.0001061533251154,1418.71410889871,NONE
21,902.296073849707,22.9095267118612,15.5264325400895,15.5264325400895,15.5264325400895,15.5264325400895,618.598959626423,618.598959626423,618.598959626423,618.598959626423,0.953091662327998,15.9439316305018,2.38552959515676,321.033332690233,0.21033332690233,0.0131390873149793,102.638908731498,45.9747057738267,0.0150964779972479,18.2673710544073,1159.78464943844,0.0093619399095133,0.05,0.0,27.1572128909795,-1.28507042108498,0.465101068994694,1.0,1.0,1.0,1.0,1.0,1.0,1.0,0.0,0.0,0.0,1.0,1.0,0.0,0.0,0.0,0.0,NONE,0.0001061533251154,1418.71410889871,NONE
22,902.296073889024,22.9095267125951,15.5551564321028,15.5551564321028,15.5551564321028,15.5551564321028,618.598959608182,618.598959608182,618.598959608182,618.598959608182,0.953091662348403,15.9928921702962,2.38552959518591,321.033332691823,0.210333326918233,0.0131390873173032,102.63890873173,45.9747057739006,0.0150964779979364,18.4115501271648,1159.78464943844,0.0093619399095133,0.05,0.0,27.1571401848733,-1.28507386077708,0.465101069014961,1.0,1.0,1.0,1.0,1.0,1.0,1.0,0.0,0.0,0.0,1.0,1.0,0.0,0.0,0.0,0.0,NONE,0.0001061533251154,1418.71410889871,NONE
23,902.296073900744,22.9095267128139,15.5841507273016,15.5841507273016,15.5841507273016,15.5841507273016,618.598959602745,618.598959602745,618.598959602745,618.598959602745,0.953091662354486,16.0421679040715,2.3855295951946,321.033332692297,0.210333326922974,0.0131390873179959,102.6389087318,45.9747057739226,0.0150964779981416,18.5547259323967,1159.78464943844,0.0093619399095133,0.05,0.0,27.1570674787671,-1.28507730101138,0.465101069021002,1.0,1.0,1.0,1.0,1.0,1.0,1.0,0.0,0.0,0.0,1.0,1.0,0.0,0.0,0.0,0.0,NONE,0.0001061533251154,1418.71410889871,NONE
24,902.296073904237,22.9095267128791,15.613412440225,15.613412440225,15.613412440225,15.613412440225,618.598959601124,618.598959601124,618.598959601124,618.598959601124,0.953091662356299,16.0917544592662,2.38552959519719,321.033332692439,0.210333326924387,0.0131390873182025,102.63890873182,45.9747057739291,0.0150964779982028,18.6969074621708,1159.78464943844,0.0093619399095133,0.05,0.0,27.1569947726609,-1.28508074142026,0.465101069022803,1.0,1.0,1.0,1.0,1.0,1.0,1.0,0.0,0.0,0.0,1.0,1.0,0.0,0.0,0.0,0.0,NONE,0.0001061533251154,1418.71410889871,NONE
25,902.296073905279,22.9095267128985,15.6429386134869,15.6429386134869,15.6429386134869,15.6429386134869,618.598959600641,618.598959600641,618.598959600641,618.598959600641,0.95309166235684,16.1416475076515,2.38552959519797,321.033332692481,0.210333326924808,0.0131390873182639,102.638908731826,45.9747057739311,0.015096477998221,18.8381036235457,1159.78464943844,0.0093619399095133,0.05,0.0,27.1569220665547,-1.28508418189411,0.46510106902334,1.0,1.0,1.0,1.0,1.0,1.0,1.0,0.0,0.0,0.0,1.0,1.0,0.0,0.0,0.0,0.0,NONE,0.0001061533251154,1418.71410889871,NONE
26,902.296073905589,22.9095267129043,15.6727263175105,15.6727263175105,15.6727263175105,15.6727263175105,618.598959600497,618.598959600497,618.598959600497,618.598959600497,0.953091662357001,16.1918427649024,2.3855295951982,321.033332692493,0.210333326924934,0.0131390873182823,102.638908731828,45.9747057739317,0.0150964779982265,18.9783232393826,1159.78464943844,0.0093619399095133,0.05,0.0,27.1568493604485,-1.28508762240025,0.4651010690235,1.0,1.0,1.0,1.0,1.0,1.0,1.0,0.0,0.0,0.0,1.0,1.0,0.0,0.0,0.0,0.0,NONE,0.0001061533251154,1418.71410889871,NONE
27,902.296073905682,22.9095267129061,15.7027726502661,15.7027726502661,15.7027726502661,15.7027726502661,618.598959600454,618.598959600454,618.598959600454,618.598959600454,0.953091662357049,16.2423359901728,2.38552959519826,321.033332692497,0.210333326924971,0.0131390873182878,102.638908731829,45.9747057739319,0.0150964779982281,19.1175750491483,1159.78464943844,0.0093619399095133,0.05,0.0,27.1567766543422,-1.28509106292894,0.465101069023547,1.0,1.0,1.0,1.0,1.0,1.0,1.0,0.0,0.0,0.0,1.0,1.0,0.0,0.0,0.0,0.0,NONE,0.0001061533251154,1418.71410889871,NONE
28,902.29607390571,22.9095267129066,15.7330747370111,15.7330747370111,15.7330747370111,15.7330747370111,618.598959600441,618.598959600441,618.598959600441,618.598959600441,0.953091662357063,16.2931229856747,2.38552959519828,321.033332692498,0.210333326924983,0.0131390873182892,102.638908731829,45.9747057739319,0.0150964779982286,19.2558677097117,1159.78464943844,0.0093619399095133,0.05,0.0,27.156703948236,-1.2850945034773,0.465101069023562,1.0,1.0,1.0,1.0,1.0,1.0,1.0,0.0,0.0,0.0,1.0,1.0,0.0,0.0,0.0,0.0,NONE,0.0001061533251154,1418.71410889871,NONE
29,902.296073905718,22.9095267129067,15.7636297300322,15.7636297300322,15.7636297300322,15.7636297300322,618.598959600437,618.598959600437,618.598959600437,618.598959600437,0.953091662357068,16.3441995962609,2.38552959519829,321.033332692499,0.210333326924986,0.0131390873182898,102.638908731829,45.9747057739319,0.0150964779982287,19.3932097961322,1159.78464943844,0.0093619399095133,0.05,0.0,27.1566312421298,-1.28509794404444,0.465101069023566,1.0,1.0,1.0,1.0,1.0,1.0,1.0,0.0,0.0,0.0,1.0,1.0,0.0,0.0,0.0,0.0,NONE,0.0001061533251154,1418.71410889871,NONE
30,902.29607390572,22.9095267129068,15.7944348083905,15.7944348083905,15.7944348083905,15.7944348083905,618.598959600436,618.598959600436,618.598959600436,618.598959600436,0.953091662357069,16.3955617090128,2.38552959519829,321.033332692499,0.210333326924987,0.01313908731829,102.638908731829,45.9747057739319,0.0150964779982288,19.5296098024402,1159.78464943844,0.0093619399095133,0.05,0.0,27.1565585360236,-1.28510138463012,0.465101069023567,1.0,1.0,1.0,1.0,1.0,1.0,1.0,0.0,0.0,0.0,1.0,1.0,0.0,0.0,0.0,0.0,NONE,0.0001061533251154,1418.71410889871,NONE
31,902.296073905721,22.9095267129068,15.8254871776685,15.8254871776685,15.8254871776685,15.8254871776685,618.598959600436,618.598959600436,618.598959600436,618.598959600436,0.953091662357069,16.4472052528308,2.38552959519829,321.033332692499,0.210333326924987,0.01313908731829,102.638908731829,45.9747057739319,0.0150964779982288,19.6650761424111,1159.78464943844,0.0093619399095133,0.05,0.0,27.1564858299174,-1.28510482523425,0.465101069023568,1.0,1.0,1.0,1.0,1.0,1.0,1.0,0.0,0.0,0.0,1.0,1.0,0.0,0.0,0.0,0.0,NONE,0.0001061533251154,1418.71410889871,NONE
32,902.296073905721,22.9095267129068,15.8567840697204,15.8567840697204,15.8567840697204,15.8567840697204,618.598959600436,618.598959600436,618.598959600436,618.598959600436,0.953091662357069,16.49912619803,2.38552959519829,321.033332692499,0.210333326924987,0.01313908731829,102.638908731829,45.9747057739319,0.0150964779982288,19.7996171503305,1159.78464943844,0.0093619399095133,0.05,0.0,27.1564131238112,-1.28510826585682,0.465101069023568,1.0,1.0,1.0,1.0,1.0,1.0,1.0,0.0,0.0,0.0,1.0,1.0,0.0,0.0,0.0,0.0,NONE,0.0001061533251154,1418.71410889871,NONE
33,902.296073905721,22.9095267129068,15.8883227424236,15.8883227424236,15.8883227424236,15.8883227424236,618.598959600436,618.598959600436,618.598959600436,618.598959600436,0.953091662357069,16.5513205559388,2.38552959519829,321.033332692499,0.210333326924987,0.01313908731829,102.638908731829,45.9747057739319,0.0150964779982288,19.9332410817538,1159.78464943844,0.0093619399095133,0.05,0.0,27.156340417705,-1.28511170649781,0.465101069023568,1.0,1.0,1.0,1.0,1.0,1.0,1.0,0.0,0.0,0.0,1.0,1.0,0.0,0.0,0.0,0.0,NONE,0.0001061533251154,1418.71410889871,NONE
34,902.296073905721,22.9095267129068,15.9201004794338,15.9201004794338,15.9201004794338,15.9201004794338,618.598959600436,618.598959600436,618.598959600436,618.598959600436,0.953091662357069,16.6037843785017,2.38552959519829,321.033332692499,0.210333326924987,0.01313908731829,102.638908731829,45.9747057739319,0.0150964779982288,20.0659561142569,1159.78464943844,0.0093619399095133,0.05,0.0,27.1562677115988,-1.28511514715723,0.465101069023568,1.0,1.0,1.0,1.0,1.0,1.0,1.0,0.0,0.0,0.0,1.0,1.0,0.0,0.0,0.0,0.0,NONE,0.0001061533251154,1418.71410889871,NONE
35,902.296073905721,22.9095267129068,15.952114589941,15.952114589941,15.952114589941,15.952114589941,618.598959600436,618.598959600436,618.598959600436,618.598959600436,0.953091662357069,16.6565137578859,2.38552959519829,321.033332692499,0.210333326924987,0.01313908731829,102.638908731829,45.9747057739319,0.0150964779982288,20.1977703481807,1159.78464943844,0.0093619399095133,0.05,0.0,27.1561950054926,-1.28511858783507,0.465101069023568,1.0,1.0,1.0,1.0,1.0,1.0,1.0,0.0,0.0,0.0,1.0,1.0,0.0,0.0,0.0,0.0,NONE,0.0001061533251154,1418.71410889871,NONE
36,902.296073905721,22.9095267129068,15.9843624084296,15.9843624084296,15.9843624084296,15.9843624084296,618.598959600436,618.598959600436,618.598959600436,618.598959600436,0.953091662357069,16.7095048260916,2.38552959519829,321.033332692499,0.210333326924987,0.01313908731829,102.638908731829,45.9747057739319,0.0150964779982288,20.3286918073682,1159.78464943844,0.0093619399095133,0.05,0.0,27.1561222993864,-1.28512202853133,0.465101069023568,1.0,1.0,1.0,1.0,1.0,1.0,1.0,0.0,0.0,0.0,1.0,1.0,0.0,0.0,0.0,0.0,NONE,0.0001061533251154,1418.71410889871,NONE
37,902.296073905721,22.9095267129068,16.0168412944389,16.0168412944389,16.0168412944389,16.0168412944389,618.598959600436,618.598959600436,618.598959600436,618.598959600436,0.953091662357069,16.7627537545661,2.38552959519829,321.033332692499,0.210333326924987,0.01313908731829,102.638908731829,45.9747057739319,0.0150964779982288,20.4587284398949,1159.78464943844,0.0093619399095133,0.05,0.0,27.1560495932802,-1.28512546924602,0.465101069023568,1.0,1.0,1.0,1.0,1.0,1.0,1.0,0.0,0.0,0.0,1.0,1.0,0.0,0.0,0.0,0.0,NONE,0.0001061533251154,1418.71410889871,NONE
38,902.296073905721,22.9095267129068,16.0495486323273,16.0495486323273,16.0495486323273,16.0495486323273,618.598959600436,618.598959600436,618.598959600436,618.598959600436,0.953091662357069,16.8162567538219,2.38552959519829,321.033332692499,0.210333326924987,0.01313908731829,102.638908731829,45.9747057739319,0.0150964779982288,20.5878881187911,1159.78464943844,0.0093619399095133,0.05,0.0,27.155976887174,-1.28512890997913,0.465101069023568,1.0,1.0,1.0,1.0,1.0,1.0,1.0,0.0,0.0,0.0,1.0,1.0,0.0,0.0,0.0,0.0,NONE,0.0001061533251154,1418.71410889871,NONE
39,902.296073905721,22.9095267129068,16.0824818310383,16.0824818310383,16.0824818310383,16.0824818310383,618.598959600436,618.598959600436,618.598959600436,618.598959600436,0.953091662357069,16.8700100730577,2.38552959519829,321.033332692499,0.210333326924987,0.01313908731829,102.638908731829,45.9747057739319,0.0150964779982288,20.7161786427589,1159.78464943844,0.0093619399095133,0.05,0.0,27.1559041810678,-1.28513235073067,0.465101069023568,1.0,1.0,1.0,1.0,1.0,1.0,1.0,0.0,0.0,0.0,1.0,1.0,0.0,0.0,0.0,0.0,NONE,0.0001061533251154,1418.71410889871,NONE
40,902.296073905721,22.9095267129068,16.1156383238683,16.1156383238683,16.1156383238683,16.1156383238683,618.598959600436,618.598959600436,618.598959600436,618.598959600436,0.953091662357069,16.9240099997836,2.38552959519829,321.033332692499,0.210333326924987,0.01313908731829,102.638908731829,45.9747057739319,0.0150964779982288,20.8436077368812,1159.78464943844,0.0093619399095133,0.05,0.0,27.1558314749616,-1.28513579150063,0.465101069023568,1.0,1.0,1.0,1.0,1.0,1.0,1.0,0.0,0.0,0.0,1.0,1.0,0.0,0.0,0.0,0.0,NONE,0.0001061533251154,1418.71410889871,NONE
41,902.296073905721,22.9095267129068,16.1490155682372,16.1490155682372,16.1490155682372,16.1490155682372,618.598959600436,618.598959600436,618.598959600436,618.598959600436,0.953091662357069,16.9782528594502,2.38552959519829,321.033332692499,0.210333326924987,0.01313908731829,102.638908731829,45.9747057739319,0.0150964779982288,20.970183053324,1159.78464943844,0.0093619399095133,0.05,0.0,27.1557587688554,-1.28513923228901,0.465101069023568,1.0,1.0,1.0,1.0,1.0,1.0,1.0,0.0,0.0,0.0,1.0,1.0,0.0,0.0,0.0,0.0,NONE,0.0001061533251154,1418.71410889871,NONE
42,902.296073905721,22.9095267129068,16.1826110454609,16.1826110454609,16.1826110454609,16.1826110454609,618.598959600436,618.598959600436,618.598959600436,618.598959600436,0.953091662357069,17.0327350150801,2.38552959519829,321.033332692499,0.210333326924987,0.01313908731829,102.638908731829,45.9747057739319,0.0150964779982288,21.0959121720328,1159.78464943844,0.0093619399095133,0.05,0.0,27.1556860627492,-1.28514267309582,0.465101069023568,1.0,1.0,1.0,1.0,1.0,1.0,1.0,0.0,0.0,0.0,1.0,1.0,0.0,0.0,0.0,0.0,NONE,0.0001061533251154,1418.71410889871,NONE
43,902.296073905721,22.9095267129068,16.2164222605261,16.2164222605261,16.2164222605261,16.2164222605261,618.598959600436,618.598959600436,618.598959600436,618.598959600436,0.953091662357069,17.0874528669046,2.38552959519829,321.033332692499,0.210333326924987,0.01313908731829,102.638908731829,45.9747057739319,0.0150964779982288,21.2208026014211,1159.78464943844,0.0093619399095133,0.05,0.0,27.155613356643,-1.28514611392105,0.465101069023568,1.0,1.0,1.0,1.0,1.0,1.0,1.0,0.0,0.0,0.0,1.0,1.0,0.0,0.0,0.0,0.0,NONE,0.0001061533251154,1418.71410889871,NONE
44,902.296073905721,22.9095267129068,16.2504467418669,16.2504467418669,16.2504467418669,16.2504467418669,618.598959600436,618.598959600436,618.598959600436,618.598959600436,0.953091662357069,17.1424028520022,2.38552959519829,321.033332692499,0.210333326924987,0.01313908731829,102.638908731829,45.9747057739319,0.0150964779982288,21.3448617790538,1159.78464943844,0.0093619399095133,0.05,0.0,27.1555406505368,-1.28514955476471,0.465101069023568,1.0,1.0,1.0,1.0,1.0,1.0,1.0,0.0,0.0,0.0,1.0,1.0,0.0,0.0,0.0,0.0,NONE,0.0001061533251154,1418.71410889871,NONE
45,902.296073905721,22.9095267129068,16.2846820411442,16.2846820411442,16.2846820411442,16.2846820411442,618.598959600436,618.598959600436,618.598959600436,618.598959600436,0.953091662357069,17.1975814439416,2.38552959519829,321.033332692499,0.210333326924987,0.01313908731829,102.638908731829,45.9747057739319,0.0150964779982288,21.4680970723222,1159.78464943844,0.0093619399095133,0.05,0.0,27.1554679444306,-1.2851529956268,0.465101069023568,1.0,1.0,1.0,1.0,1.0,1.0,1.0,0.0,0.0,0.0,1.0,1.0,0.0,0.0,0.0,0.0,NONE,0.0001061533251154,1418.71410889871,NONE
46,902.296073905721,22.9095267129068,16.3191257330264,16.3191257330264,16.3191257330264,16.3191257330264,618.598959600436,618.598959600436,618.598959600436,618.598959600436,0.953091662357069,17.2529851524281,2.38552959519829,321.033332692499,0.210333326924987,0.01313908731829,102.638908731829,45.9747057739319,0.0150964779982288,21.5905157791148,1159.78464943844,0.0093619399095133,0.05,0.0,27.1553952383244,-1.28515643650731,0.465101069023568,1.0,1.0,1.0,1.0,1.0,1.0,1.0,0.0,0.0,0.0,1.0,1.0,0.0,0.0,0.0,0.0,NONE,0.0001061533251154,1418.71410889871,NONE
47,902.296073905721,22.9095267129068,16.3537754149728,16.3537754149728,16.3537754149728,16.3537754149728,618.598959600436,618.598959600436,618.598959600436,618.598959600436,0.953091662357069,17.3086105229529,2.38552959519829,321.033332692499,0.210333326924987,0.01313908731829,102.638908731829,45.9747057739319,0.0150964779982288,21.7121251284795,1159.78464943844,0.0093619399095133,0.05,0.0,27.1553225322182,-1.28515987740624,0.465101069023568,1.0,1.0,1.0,1.0,1.0,1.0,1.0,0.0,0.0,0.0,1.0,1.0,0.0,0.0,0.0,0.0,NONE,0.0001061533251154,1418.71410889871,NONE
48,902.296073905721,22.9095267129068,16.3886287070186,16.3886287070186,16.3886287070186,16.3886287070186,618.598959600436,618.598959600436,618.598959600436,618.598959600436,0.953091662357069,17.3644541364459,2.38552959519829,321.033332692499,0.210333326924987,0.01313908731829,102.638908731829,45.9747057739319,0.0150964779982288,21.832932281281,1159.78464943844,0.0093619399095133,0.05,0.0,27.155249826112,-1.2851633183236,0.465101069023568,1.0,1.0,1.0,1.0,1.0,1.0,1.0,0.0,0.0,0.0,1.0,1.0,0.0,0.0,0.0,0.0,NONE,0.0001061533251154,1418.71410889871,NONE
49,902.296073905721,22.9095267129068,16.4236832515624,16.4236832515624,16.4236832515624,16.4236832515624,618.598959600436,618.598959600436,618.598959600436,618.598959600436,0.953091662357069,17.4205126089323,2.38552959519829,321.033332692499,0.210333326924987,0.01313908731829,102.638908731829,45.9747057739319,0.0150964779982288,21.9529443308511,1159.78464943844,0.0093619399095133,0.05,0.0,27.1551771200058,-1.28516675925938,0.465101069023568,1.0,1.0,1.0,1.0,1.0,1.0,1.0,0.0,0.0,0.0,1.0,1.0,0.0,0.0,0.0,0.0,NONE,0.0001061533251154,1418.71410889871,NONE
50,902.296073905721,22.9095267129068,16.4589367131556,16.4589367131556,16.4589367131556,16.4589367131556,618.598959600436,618.598959600436,618.598959600436,618.598959600436,0.953091662357069,17.476782591192,2.38552959519829,321.033332692499,0.210333326924987,0.01313908731829,102.638908731829,45.9747057739319,0.0150964779982288,22.0721683036333,1159.78464943844,0.0093619399095133,0.05,0.0,27.1551044138996,-1.2851702002136,0.465101069023568,1.0,1.0,1.0,1.0,1.0,1.0,1.0,0.0,0.0,0.0,1.0,1.0,0.0,0.0,0.0,0.0,NONE,0.0001061533251154,1418.71410889871,NONE
51,902.296073905721,22.9095267129068,16.4943867782933,16.4943867782933,16.4943867782933,16.4943867782933,618.598959600436,618.598959600436,618.598959600436,618.598959600436,0.953091662357069,17.5332607684223,2.38552959519829,321.033332692499,0.210333326924987,0.01313908731829,102.638908731829,45.9747057739319,0.0150964779982288,22.1906111598208,1159.78464943844,0.0093619399095133,0.05,0.0,27.1550317077934,-1.28517364118623,0.465101069023568,1.0,1.0,1.0,1.0,1.0,1.0,1.0,0.0,0.0,0.0,1.0,1.0,0.0,0.0,0.0,0.0,NONE,0.0001061533251154,1418.71410889871,NONE
52,902.296073905721,22.9095267129068,16.5300311552078,16.5300311552078,16.5300311552078,16.5300311552078,618.598959600436,618.598959600436,618.598959600436,618.598959600436,0.953091662357069,17.5899438599041,2.38552959519829,321.033332692499,0.210333326924987,0.01313908731829,102.638908731829,45.9747057739319,0.0150964779982288,22.3082797939885,1159.78464943844,0.0093619399095133,0.05,0.0,27.1549590016872,-1.2851770821773,0.465101069023568,1.0,1.0,1.0,1.0,1.0,1.0,1.0,0.0,0.0,0.0,1.0,1.0,0.0,0.0,0.0,0.0,NONE,0.0001061533251154,1418.71410889871,NONE
53,902.296073905721,22.9095267129068,16.5658675736639,16.5658675736639,16.5658675736639,16.5658675736639,618.598959600436,618.598959600436,618.598959600436,618.598959600436,0.953091662357069,17.6468286186711,2.38552959519829,321.033332692499,0.210333326924987,0.01313908731829,102.638908731829,45.9747057739319,0.0150964779982288,22.4251810357194,1159.78464943844,0.0093619399095133,0.05,0.0,27.154886295581,-1.28518052318678,0.465101069023568,1.0,1.0,1.0,1.0,1.0,1.0,1.0,0.0,0.0,0.0,1.0,1.0,0.0,0.0,0.0,0.0,NONE,0.0001061533251154,1418.71410889871,NONE
54,902.296073905721,22.9095267129068,16.6018937847562,16.6018937847562,16.6018937847562,16.6018937847562,618.598959600436,618.598959600436,618.598959600436,618.598959600436,0.953091662357069,17.7039118311822,2.38552959519829,321.033332692499,0.210333326924987,0.01313908731829,102.638908731829,45.9747057739319,0.0150964779982288,22.5413216502244,1159.78464943844,0.0093619399095133,0.05,0.0,27.1548135894748,-1.2851839642147,0.465101069023568,1.0,1.0,1.0,1.0,1.0,1.0,1.0,0.0,0.0,0.0,1.0,1.0,0.0,0.0,0.0,0.0,NONE,0.0001061533251154,1418.71410889871,NONE
55,902.296073905721,22.9095267129068,16.638107560708,16.638107560708,16.638107560708,16.638107560708,618.598959600436,618.598959600436,618.598959600436,618.598959600436,0.953091662357069,17.7611903169972,2.38552959519829,321.033332692499,0.210333326924987,0.01313908731829,102.638908731829,45.9747057739319,0.0150964779982288,22.6567083389563,1159.78464943844,0.0093619399095133,0.05,0.0,27.1547408833686,-1.28518740526104,0.465101069023568,1.0,1.0,1.0,1.0,1.0,1.0,1.0,0.0,0.0,0.0,1.0,1.0,0.0,0.0,0.0,0.0,NONE,0.0001061533251154,1418.71410889871,NONE
56,902.296073905721,22.9095267129068,16.6745066946722,16.6745066946722,16.6745066946722,16.6745066946722,618.598959600436,618.598959600436,618.598959600436,618.598959600436,0.953091662357069,17.8186609284554,2.38552959519829,321.033332692499,0.210333326924987,0.01313908731829,102.638908731829,45.9747057739319,0.0150964779982288,22.7713477402184,1159.78464943844,0.0093619399095133,0.05,0.0,27.1546681772624,-1.28519084632581,0.465101069023568,1.0,1.0,1.0,1.0,1.0,1.0,1.0,0.0,0.0,0.0,1.0,1.0,0.0,0.0,0.0,0.0,NONE,0.0001061533251154,1418.71410889871,NONE
57,902.296073905721,22.9095267129068,16.7110890005347,16.7110890005347,16.7110890005347,16.7110890005347,618.598959600436,618.598959600436,618.598959600436,618.598959600436,0.953091662357069,17.8763205503573,2.38552959519829,321.033332692499,0.210333326924987,0.01313908731829,102.638908731829,45.9747057739319,0.0150964779982288,22.8852464297667,1159.78464943844,0.0093619399095133,0.05,0.0,27.1545954711562,-1.28519428740901,0.465101069023568,1.0,1.0,1.0,1.0,1.0,1.0,1.0,0.0,0.0,0.0,1.0,1.0,0.0,0.0,0.0,0.0,NONE,0.0001061533251154,1418.71410889871,NONE
58,902.296073905721,22.9095267129068,16.7478523127189,16.7478523127189,16.7478523127189,16.7478523127189,618.598959600436,618.598959600436,618.598959600436,618.598959600436,0.953091662357069,17.9341660996496,2.38552959519829,321.033332692499,0.210333326924987,0.01313908731829,102.638908731829,45.9747057739319,0.0150964779982288,22.9984109214067,1159.78464943844,0.0093619399095133,0.05,0.0,27.15452276505,-1.28519772851063,0.465101069023568,1.0,1.0,1.0,1.0,1.0,1.0,1.0,0.0,0.0,0.0,1.0,1.0,0.0,0.0,0.0,0.0,NONE,0.0001061533251154,1418.71410889871,NONE
59,902.296073905721,22.9095267129068,16.7847944859924,16.7847944859924,16.7847944859924,16.7847944859924,618.598959600436,618.598959600436,618.598959600436,618.598959600436,0.953091662357069,17.9921945251129,2.38552959519829,321.033332692499,0.210333326924987,0.01313908731829,102.638908731829,45.9747057739319,0.0150964779982288,23.1108476675843,1159.78464943844,0.0093619399095133,0.05,0.0,27.1544500589438,-1.28520116963068,0.465101069023568,1.0,1.0,1.0,1.0,1.0,1.0,1.0,0.0,0.0,0.0,1.0,1.0,0.0,0.0,0.0,0.0,NONE,0.0001061533251154,1418.71410889871,NONE
60,902.296073905721,22.9095267129068,16.8219133952754,16.8219133952754,16.8219133952754,16.8219133952754,618.598959600436,618.598959600436,618.598959600436,618.598959600436,0.953091662357069,18.0504028070526,2.38552959519829,321.033332692499,0.210333326924987,0.01313908731829,102.638908731829,45.9747057739319,0.0150964779982288,23.2225630599711,1159.78464943844,0.0093619399095133,0.05,0.0,27.1543773528376,-1.28520461076916,0.465101069023568,1.0,1.0,1.0,1.0,1.0,1.0,1.0,0.0,0.0,0.0,1.0,1.0,0.0,0.0,0.0,0.0,NONE,0.0001061533251154,1418.71410889871,NONE
61,902.296073905721,22.9095267129068,16.8592069354515,16.8592069354515,16.8592069354515,16.8592069354515,618.598959600436,618.598959600436,618.598959600436,618.598959600436,0.953091662357069,18.1087879569928,2.38552959519829,321.033332692499,0.210333326924987,0.01313908731829,102.638908731829,45.9747057739319,0.0150964779982288,23.3335634300441,1159.78464943844,0.0093619399095133,0.05,0.0,27.1543046467314,-1.28520805192606,0.465101069023568,1.0,1.0,1.0,1.0,1.0,1.0,1.0,0.0,0.0,0.0,1.0,1.0,0.0,0.0,0.0,0.0,NONE,0.0001061533251154,1418.71410889871,NONE
62,902.296073905721,22.9095267129068,16.8966730211789,16.8966730211789,16.8966730211789,16.8966730211789,618.598959600436,618.598959600436,618.598959600436,618.598959600436,0.953091662357069,18.1673470173729,2.38552959519829,321.033332692499,0.210333326924987,0.01313908731829,102.638908731829,45.9747057739319,0.0150964779982288,23.4438550496603,1159.78464943844,0.0093619399095133,0.05,0.0,27.1542319406252,-1.28521149310139,0.465101069023568,1.0,1.0,1.0,1.0,1.0,1.0,1.0,0.0,0.0,0.0,1.0,1.0,0.0,0.0,0.0,0.0,NONE,0.0001061533251154,1418.71410889871,NONE
63,902.296073905721,22.9095267129068,16.9343095867053,16.9343095867053,16.9343095867053,16.9343095867053,618.598959600436,618.598959600436,618.598959600436,618.598959600436,0.953091662357069,18.2260770612473,2.38552959519829,321.033332692499,0.210333326924987,0.01313908731829,102.638908731829,45.9747057739319,0.0150964779982288,23.5534441316247,1159.78464943844,0.0093619399095133,0.05,0.0,27.154159234519,-1.28521493429515,0.465101069023568,1.0,1.0,1.0,1.0,1.0,1.0,1.0,0.0,0.0,0.0,1.0,1.0,0.0,0.0,0.0,0.0,NONE,0.0001061533251154,1418.71410889871,NONE
64,902.296073905721,22.9095267129068,16.972114585683,16.972114585683,16.972114585683,16.972114585683,618.598959600436,618.598959600436,618.598959600436,618.598959600436,0.953091662357069,18.2849751919882,2.38552959519829,321.033332692499,0.210333326924987,0.01313908731829,102.638908731829,45.9747057739319,0.0150964779982288,23.6623368302541,1159.78464943844,0.0093619399095133,0.05,0.0,27.1540865284128,-1.28521837550734,0.465101069023568,1.0,1.0,1.0,1.0,1.0,1.0,1.0,0.0,0.0,0.0,1.0,1.0,0.0,0.0,0.0,0.0,NONE,0.0001061533251154,1418.71410889871,NONE
65,902.296073905721,22.9095267129068,17.0100859909863,17.0100859909863,17.0100859909863,17.0100859909863,618.598959600436,618.598959600436,618.598959600436,618.598959600436,0.953091662357069,18.3440385429906,2.38552959519829,321.033332692499,0.210333326924987,0.01313908731829,102.638908731829,45.9747057739319,0.0150964779982288,23.7705392419347,1159.78464943844,0.0093619399095133,0.05,0.0,27.1540138223066,-1.28522181673796,0.465101069023568,1.0,1.0,1.0,1.0,1.0,1.0,1.0,0.0,0.0,0.0,1.0,1.0,0.0,0.0,0.0,0.0,NONE,0.0001061533251154,1418.71410889871,NONE
66,902.296073905721,22.9095267129068,17.0482217945312,17.0482217945312,17.0482217945312,17.0482217945312,618.598959600436,618.598959600436,618.598959600436,618.598959600436,0.953091662357069,18.4032642773807,2.38552959519829,321.033332692499,0.210333326924987,0.01313908731829,102.638908731829,45.9747057739319,0.0150964779982288,23.8780574056748,1159.78464943844,0.0093619399095133,0.05,0.0,27.1539411162004,-1.285225257987,0.465101069023568,1.0,1.0,1.0,1.0,1.0,1.0,1.0,0.0,0.0,0.0,1.0,1.0,0.0,0.0,0.0,0.0,NONE,0.0001061533251154,1418.71410889871,NONE
67,902.296073905721,22.9095267129068,17.0865200070954,17.0865200070954,17.0865200070954,17.0865200070954,618.598959600436,618.598959600436,618.598959600436,618.598959600436,0.953091662357069,18.4626495877271,2.38552959519829,321.033332692499,0.210333326924987,0.01313908731829,102.638908731829,45.9747057739319,0.0150964779982288,23.984897303652,1159.78464943844,0.0093619399095133,0.05,0.0,27.1538684100942,-1.28522869925447,0.465101069023568,1.0,1.0,1.0,1.0,1.0,1.0,1.0,0.0,0.0,0.0,1.0,1.0,0.0,0.0,0.0,0.0,NONE,0.0001061533251154,1418.71410889871,NONE
68,902.296073905721,22.9095267129068,17.124978658142,17.124978658142,17.124978658142,17.124978658142,618.598959600436,618.598959600436,618.598959600436,618.598959600436,0.953091662357069,18.5221916957543,2.38552959519829,321.033332692499,0.210333326924987,0.01313908731829,102.638908731829,45.9747057739319,0.0150964779982288,24.0910648617552,1159.78464943844,0.0093619399095133,0.05,0.0,27.153795703988,-1.28523214054037,0.465101069023568,1.0,1.0,1.0,1.0,1.0,1.0,1.0,0.0,0.0,0.0,1.0,1.0,0.0,0.0,0.0,0.0,NONE,0.0001061533251154,1418.71410889871,NONE
69,902.296073905721,22.9095267129068,17.1635957956427,17.1635957956427,17.1635957956427,17.1635957956427,618.598959600436,618.598959600436,618.598959600436,618.598959600436,0.953091662357069,18.5818878520597,2.38552959519829,321.033332692499,0.210333326924987,0.01313908731829,102.638908731829,45.9747057739319,0.0150964779982288,24.1965659501215,1159.78464943844,0.0093619399095133,0.05,0.0,27.1537229978818,-1.2852355818447,0.465101069023568,1.0,1.0,1.0,1.0,1.0,1.0,1.0,0.0,0.0,0.0,1.0,1.0,0.0,0.0,0.0,0.0,NONE,0.0001061533251154,1418.71410889871,NONE
70,902.296073905721,22.9095267129068,17.2023694859044,17.2023694859044,17.2023694859044,17.2023694859044,618.598959600436,618.598959600436,618.598959600436,618.598959600436,0.953091662357069,18.6417353358322,2.38552959519829,321.033332692499,0.210333326924987,0.01313908731829,102.638908731829,45.9747057739319,0.0150964779982288,24.3014063836676,1159.78464943844,0.0093619399095133,0.05,0.0,27.1536502917756,-1.28523902316746,0.465101069023568,1.0,1.0,1.0,1.0,1.0,1.0,1.0,0.0,0.0,0.0,1.0,1.0,0.0,0.0,0.0,0.0,NONE,0.0001061533251154,1418.71410889871,NONE
71,902.296073905721,22.9095267129068,17.2412978133966,17.2412978133966,17.2412978133966,17.2412978133966,618.598959600436,618.598959600436,618.598959600436,618.598959600436,0.953091662357069,18.7017314545749,2.38552959519829,321.033332692499,0.210333326924987,0.01313908731829,102.638908731829,45.9747057739319,0.0150964779982288,24.4055919226171,1159.78464943844,0.0093619399095133,0.05,0.0,27.1535775856694,-1.28524246450865,0.465101069023568,1.0,1.0,1.0,1.0,1.0,1.0,1.0,0.0,0.0,0.0,1.0,1.0,0.0,0.0,0.0,0.0,NONE,0.0001061533251154,1418.71410889871,NONE
72,902.296073905721,22.9095267129068,17.2803788805807,17.2803788805807,17.2803788805807,17.2803788805807,618.598959600436,618.598959600436,618.598959600436,618.598959600436,0.953091662357069,18.7618735438292,2.38552959519829,321.033332692499,0.210333326924987,0.01313908731829,102.638908731829,45.9747057739319,0.0150964779982288,24.5091282730213,1159.78464943844,0.0093619399095133,0.05,0.0,27.1535048795632,-1.28524590586826,0.465101069023568,1.0,1.0,1.0,1.0,1.0,1.0,1.0,0.0,0.0,0.0,1.0,1.0,0.0,0.0,0.0,0.0,NONE,0.0001061533251154,1418.71410889871,NONE
73,902.296073905721,22.9095267129068,17.3196108077406,17.3196108077406,17.3196108077406,17.3196108077406,618.598959600436,618.598959600436,618.598959600436,618.598959600436,0.953091662357069,18.8221589669023,2.38552959519829,321.033332692499,0.210333326924987,0.01313908731829,102.638908731829,45.9747057739319,0.0150964779982288,24.6120210872764,1159.78464943844,0.0093619399095133,0.05,0.0,27.153432173457,-1.28524934724631,0.465101069023568,1.0,1.0,1.0,1.0,1.0,1.0,1.0,0.0,0.0,0.0,1.0,1.0,0.0,0.0,0.0,0.0,NONE,0.0001061533251154,1418.71410889871,NONE
74,902.296073905721,22.9095267129068,17.3589917328157,17.3589917328157,17.3589917328157,17.3589917328157,618.598959600436,618.598959600436,618.598959600436,618.598959600436,0.953091662357069,18.8825851145972,2.38552959519829,321.033332692499,0.210333326924987,0.01313908731829,102.638908731829,45.9747057739319,0.0150964779982288,24.714275964635,1159.78464943844,0.0093619399095133,0.05,0.0,27.1533594673508,-1.28525278864278,0.465101069023568,1.0,1.0,1.0,1.0,1.0,1.0,1.0,0.0,0.0,0.0,1.0,1.0,0.0,0.0,0.0,0.0,NONE,0.0001061533251154,1418.71410889871,NONE
75,902.296073905721,22.9095267129068,17.3985198112344,17.3985198112344,17.3985198112344,17.3985198112344,618.598959600436,618.598959600436,618.598959600436,618.598959600436,0.953091662357069,18.943149404945,2.38552959519829,321.033332692499,0.210333326924987,0.01313908731829,102.638908731829,45.9747057739319,0.0150964779982288,24.8158984517126,1159.78464943844,0.0093619399095133,0.05,0.0,27.1532867612446,-1.28525623005768,0.465101069023568,1.0,1.0,1.0,1.0,1.0,1.0,1.0,0.0,0.0,0.0,1.0,1.0,0.0,0.0,0.0,0.0,NONE,0.0001061533251154,1418.71410889871,NONE
76,902.296073905721,22.9095267129068,17.4381932157499,17.4381932157499,17.4381932157499,17.4381932157499,618.598959600436,618.598959600436,618.598959600436,618.598959600436,0.953091662357069,19.00384928294,2.38552959519829,321.033332692499,0.210333326924987,0.01313908731829,102.638908731829,45.9747057739319,0.0150964779982288,24.91689404299,1159.78464943844,0.0093619399095133,0.05,0.0,27.1532140551384,-1.28525967149102,0.465101069023568,1.0,1.0,1.0,1.0,1.0,1.0,1.0,0.0,0.0,0.0,1.0,1.0,0.0,0.0,0.0,0.0,NONE,0.0001061533251154,1418.71410889871,NONE
77,902.296073905721,22.9095267129068,17.4780101362776,17.4780101362776,17.4780101362776,17.4780101362776,618.598959600436,618.598959600436,618.598959600436,618.598959600436,0.953091662357069,19.0646822202774,2.38552959519829,321.033332692499,0.210333326924987,0.01313908731829,102.638908731829,45.9747057739319,0.0150964779982288,25.0172681813099,1159.78464943844,0.0093619399095133,0.05,0.0,27.1531413490322,-1.28526311294278,0.465101069023568,1.0,1.0,1.0,1.0,1.0,1.0,1.0,0.0,0.0,0.0,1.0,1.0,0.0,0.0,0.0,0.0,NONE,0.0001061533251154,1418.71410889871,NONE
78,902.296073905721,22.9095267129068,17.5179687797337,17.5179687797337,17.5179687797337,17.5179687797337,618.598959600436,618.598959600436,618.598959600436,618.598959600436,0.953091662357069,19.1256457150934,2.38552959519829,321.033332692499,0.210333326924987,0.01313908731829,102.638908731829,45.9747057739319,0.0150964779982288,25.1170262583698,1159.78464943844,0.0093619399095133,0.05,0.0,27.153068642926,-1.28526655441297,0.465101069023568,1.0,1.0,1.0,1.0,1.0,1.0,1.0,0.0,0.0,0.0,1.0,1.0,0.0,0.0,0.0,0.0,NONE,0.0001061533251154,1418.71410889871,NONE
79,902.296073905721,22.9095267129068,17.5580673698755,17.5580673698755,17.5580673698755,17.5580673698755,618.598959600436,618.598959600436,618.598959600436,618.598959600436,0.953091662357069,19.1867372917078,2.38552959519829,321.033332692499,0.210333326924987,0.01313908731829,102.638908731829,45.9747057739319,0.0150964779982288,25.2161736152093,1159.78464943844,0.0093619399095133,0.05,0.0,27.1529959368198,-1.2852699959016,0.465101069023568,1.0,1.0,1.0,1.0,1.0,1.0,1.0,0.0,0.0,0.0,1.0,1.0,0.0,0.0,0.0,0.0,NONE,0.0001061533251154,1418.71410889871,NONE
80,902.296073905721,22.9095267129068,17.5983041471429,17.5983041471429,17.5983041471429,17.5983041471429,618.598959600436,618.598959600436,618.598959600436,618.598959600436,0.953091662357069,19.2479545003689,2.38552959519829,321.033332692499,0.210333326924987,0.01313908731829,102.638908731829,45.9747057739319,0.0150964779982288,25.3147155426933,1159.78464943844,0.0093619399095133,0.05,0.0,27.1529232307136,-1.28527343740865,0.465101069023568,1.0,1.0,1.0,1.0,1.0,1.0,1.0,0.0,0.0,0.0,1.0,1.0,0.0,0.0,0.0,0.0,NONE,0.0001061533251154,1418.71410889871,NONE
81,902.296073905721,22.9095267129068,17.6386773685024,17.6386773685024,17.6386773685024,17.6386773685024,618.598959600436,618.598959600436,618.598959600436,618.598959600436,0.953091662357069,19.3092949170016,2.38552959519829,321.033332692499,0.210333326924987,0.01313908731829,102.638908731829,45.9747057739319,0.0150964779982288,25.4126572819902,1159.78464943844,0.0093619399095133,0.05,0.0,27.1528505246074,-1.28527687893413,0.465101069023568,1.0,1.0,1.0,1.0,1.0,1.0,1.0,0.0,0.0,0.0,1.0,1.0,0.0,0.0,0.0,0.0,NONE,0.0001061533251154,1418.71410889871,NONE
82,902.296073905721,22.9095267129068,17.679185307291,17.679185307291,17.679185307291,17.679185307291,618.598959600436,618.598959600436,618.598959600436,618.598959600436,0.953091662357069,19.3707561429567,2.38552959519829,321.033332692499,0.210333326924987,0.01313908731829,102.638908731829,45.9747057739319,0.0150964779982288,25.5100040250459,1159.78464943844,0.0093619399095133,0.05,0.0,27.1527778185012,-1.28528032047805,0.465101069023568,1.0,1.0,1.0,1.0,1.0,1.0,1.0,0.0,0.0,0.0,1.0,1.0,0.0,0.0,0.0,0.0,NONE,0.0001061533251154,1418.71410889871,NONE
83,902.296073905721,22.9095267129068,17.7198262530633,17.7198262530633,17.7198262530633,17.7198262530633,618.598959600436,618.598959600436,618.598959600436,618.598959600436,0.953091662357069,19.4323358047636,2.38552959519829,321.033332692499,0.210333326924987,0.01313908731829,102.638908731829,45.9747057739319,0.0150964779982288,25.6067609150531,1159.78464943844,0.0093619399095133,0.05,0.0,27.152705112395,-1.28528376204039,0.465101069023568,1.0,1.0,1.0,1.0,1.0,1.0,1.0,0.0,0.0,0.0,1.0,1.0,0.0,0.0,0.0,0.0,NONE,0.0001061533251154,1418.71410889871,NONE
84,902.296073905721,22.9095267129068,17.7605985114384,17.7605985114384,17.7605985114384,17.7605985114384,618.598959600436,618.598959600436,618.598959600436,618.598959600436,0.953091662357069,19.4940315538851,2.38552959519829,321.033332692499,0.210333326924987,0.01313908731829,102.638908731829,45.9747057739319,0.0150964779982288,25.7029330469159,1159.78464943844,0.0093619399095133,0.05,0.0,27.1526324062888,-1.28528720362117,0.465101069023568,1.0,1.0,1.0,1.0,1.0,1.0,1.0,0.0,0.0,0.0,1.0,1.0,0.0,0.0,0.0,0.0,NONE,0.0001061533251154,1418.71410889871,NONE
85,902.296073905721,22.9095267129068,17.8015004039498,17.8015004039498,17.8015004039498,17.8015004039498,618.598959600436,618.598959600436,618.598959600436,618.598959600436,0.953091662357069,19.5558410664745,2.38552959519829,321.033332692499,0.210333326924987,0.01313908731829,102.638908731829,45.9747057739319,0.0150964779982288,25.7985254677103,1159.78464943844,0.0093619399095133,0.05,0.0,27.1525597001826,-1.28529064522038,0.465101069023568,1.0,1.0,1.0,1.0,1.0,1.0,1.0,0.0,0.0,0.0,1.0,1.0,0.0,0.0,0.0,0.0,NONE,0.0001061533251154,1418.71410889871,NONE
86,902.296073905721,22.9095267129068,17.8425302678956,17.8425302678956,17.8425302678956,17.8425302678956,618.598959600436,618.598959600436,618.598959600436,618.598959600436,0.953091662357069,19.6177620431347,2.38552959519829,321.033332692499,0.210333326924987,0.01313908731829,102.638908731829,45.9747057739319,0.0150964779982288,25.8935431771402,1159.78464943844,0.0093619399095133,0.05,0.0,27.1524869940764,-1.28529408683801,0.465101069023568,1.0,1.0,1.0,1.0,1.0,1.0,1.0,0.0,0.0,0.0,1.0,1.0,0.0,0.0,0.0,0.0,NONE,0.0001061533251154,1418.71410889871,NONE
87,902.296073905721,22.9095267129068,17.8836864561905,17.8836864561905,17.8836864561905,17.8836864561905,618.598959600436,618.598959600436,618.598959600436,618.598959600436,0.953091662357069,19.6797922086804,2.38552959519829,321.033332692499,0.210333326924987,0.01313908731829,102.638908731829,45.9747057739319,0.0150964779982288,25.9879911279888,1159.78464943844,0.0093619399095133,0.05,0.0,27.1524142879702,-1.28529752847408,0.465101069023568,1.0,1.0,1.0,1.0,1.0,1.0,1.0,0.0,0.0,0.0,1.0,1.0,0.0,0.0,0.0,0.0,NONE,0.0001061533251154,1418.71410889871,NONE
88,902.296073905721,22.9095267129068,17.9249673372194,17.9249673372194,17.9249673372194,17.9249673372194,618.598959600436,618.598959600436,618.598959600436,618.598959600436,0.953091662357069,19.7419293119019,2.38552959519829,321.033332692499,0.210333326924987,0.01313908731829,102.638908731829,45.9747057739319,0.0150964779982288,26.0818742265661,1159.78464943844,0.0093619399095133,0.05,0.0,27.152341581864,-1.28530097012858,0.465101069023568,1.0,1.0,1.0,1.0,1.0,1.0,1.0,0.0,0.0,0.0,1.0,1.0,0.0,0.0,0.0,0.0,NONE,0.0001061533251154,1418.71410889871,NONE
89,902.296073905721,22.9095267129068,17.9663712946922,17.9663712946922,17.9663712946922,17.9663712946922,618.598959600436,618.598959600436,618.598959600436,618.598959600436,0.953091662357069,19.8041711253313,2.38552959519829,321.033332692499,0.210333326924987,0.01313908731829,102.638908731829,45.9747057739319,0.0150964779982288,26.1751973331517,1159.78464943844,0.0093619399095133,0.05,0.0,27.1522688757578,-1.28530441180152,0.465101069023568,1.0,1.0,1.0,1.0,1.0,1.0,1.0,0.0,0.0,0.0,1.0,1.0,0.0,0.0,0.0,0.0,NONE,0.0001061533251154,1418.71410889871,NONE
90,902.296073905721,22.9095267129068,18.0078967274996,18.0078967274996,18.0078967274996,18.0078967274996,618.598959600436,618.598959600436,618.598959600436,618.598959600436,0.953091662357069,19.8665154450112,2.38552959519829,321.033332692499,0.210333326924987,0.01313908731829,102.638908731829,45.9747057739319,0.0150964779982288,26.2679652624338,1159.78464943844,0.0093619399095133,0.05,0.0,27.1521961696516,-1.28530785349288,0.465101069023568,1.0,1.0,1.0,1.0,1.0,1.0,1.0,0.0,0.0,0.0,1.0,1.0,0.0,0.0,0.0,0.0,NONE,0.0001061533251154,1418.71410889871,NONE
91,902.296073905721,22.9095267129068,18.0495420495715,18.0495420495715,18.0495420495715,18.0495420495715,618.598959600436,618.598959600436,618.598959600436,618.598959600436,0.953091662357069,19.9289600902656,2.38552959519829,321.033332692499,0.210333326924987,0.01313908731829,102.638908731829,45.9747057739319,0.0150964779982288,26.3601827839436,1159.78464943844,0.0093619399095133,0.05,0.0,27.1521234635454,-1.28531129520268,0.465101069023568,1.0,1.0,1.0,1.0,1.0,1.0,1.0,0.0,0.0,0.0,1.0,1.0,0.0,0.0,0.0,0.0,NONE,0.0001061533251154,1418.71410889871,NONE
92,902.296073905721,22.9095267129068,18.0913056897348,18.0913056897348,18.0913056897348,18.0913056897348,618.598959600436,618.598959600436,618.598959600436,618.598959600436,0.953091662357069,19.9915029034726,2.38552959519829,321.033332692499,0.210333326924987,0.01313908731829,102.638908731829,45.9747057739319,0.0150964779982288,26.4518546224857,1159.78464943844,0.0093619399095133,0.05,0.0,27.1520507574392,-1.2853147369309,0.465101069023568,1.0,1.0,1.0,1.0,1.0,1.0,1.0,0.0,0.0,0.0,1.0,1.0,0.0,0.0,0.0,0.0,NONE,0.0001061533251154,1418.71410889871,NONE
93,902.296073905721,22.9095267129068,18.1331860915747,18.1331860915747,18.1331860915747,18.1331860915747,618.598959600436,618.598959600436,618.598959600436,618.598959600436,0.953091662357069,20.0541417498397,2.38552959519829,321.033332692499,0.210333326924987,0.01313908731829,102.638908731829,45.9747057739319,0.0150964779982288,26.5429854585645,1159.78464943844,0.0093619399095133,0.05,0.0,27.151978051333,-1.28531817867756,0.465101069023568,1.0,1.0,1.0,1.0,1.0,1.0,1.0,0.0,0.0,0.0,1.0,1.0,0.0,0.0,0.0,0.0,NONE,0.0001061533251154,1418.71410889871,NONE
94,902.296073905721,22.9095267129068,18.1751817132955,18.1751817132955,18.1751817132955,18.1751817132955,618.598959600436,618.598959600436,618.598959600436,618.598959600436,0.953091662357069,20.1168745171809,2.38552959519829,321.033332692499,0.210333326924987,0.01313908731829,102.638908731829,45.9747057739319,0.0150964779982288,26.6335799288064,1159.78464943844,0.0093619399095133,0.05,0.0,27.1519053452268,-1.28532162044265,0.465101069023568,1.0,1.0,1.0,1.0,1.0,1.0,1.0,0.0,0.0,0.0,1.0,1.0,0.0,0.0,0.0,0.0,NONE,0.0001061533251154,1418.71410889871,NONE
95,902.296073905721,22.9095267129068,18.2172910275839,18.2172910275839,18.2172910275839,18.2172910275839,618.598959600436,618.598959600436,618.598959600436,618.598959600436,0.953091662357069,20.1796991156966,2.38552959519829,321.033332692499,0.210333326924987,0.01313908731829,102.638908731829,45.9747057739319,0.0150964779982288,26.723642626378,1159.78464943844,0.0093619399095133,0.05,0.0,27.1518326391206,-1.28532506222618,0.465101069023568,1.0,1.0,1.0,1.0,1.0,1.0,1.0,0.0,0.0,0.0,1.0,1.0,0.0,0.0,0.0,0.0,NONE,0.0001061533251154,1418.71410889871,NONE
96,902.296073905721,22.9095267129068,18.2595125214732,18.2595125214732,18.2595125214732,18.2595125214732,618.598959600436,618.598959600436,618.598959600436,618.598959600436,0.953091662357069,20.2426134777547,2.38552959519829,321.033332692499,0.210333326924987,0.01313908731829,102.638908731829,45.9747057739319,0.0150964779982288,26.8131781014002,1159.78464943844,0.0093619399095133,0.05,0.0,27.1517599330144,-1.28532850402814,0.465101069023568,1.0,1.0,1.0,1.0,1.0,1.0,1.0,0.0,0.0,0.0,1.0,1.0,0.0,0.0,0.0,0.0,NONE,0.0001061533251154,1418.71410889871,NONE
97,902.296073905721,22.9095267129068,18.3018446962084,18.3018446962084,18.3018446962084,18.3018446962084,618.598959600436,618.598959600436,618.598959600436,618.598959600436,0.953091662357069,20.3056155576745,2.38552959519829,321.033332692499,0.210333326924987,0.01313908731829,102.638908731829,45.9747057739319,0.0150964779982288,26.9021908613585,1159.78464943844,0.0093619399095133,0.05,0.0,27.1516872269082,-1.28533194584853,0.465101069023568,1.0,1.0,1.0,1.0,1.0,1.0,1.0,0.0,0.0,0.0,1.0,1.0,0.0,0.0,0.0,0.0,NONE,0.0001061533251154,1418.71410889871,NONE
98,902.296073905721,22.9095267129068,18.3442860671136,18.3442860671136,18.3442860671136,18.3442860671136,618.598959600436,618.598959600436,618.598959600436,618.598959600436,0.953091662357069,20.3687033315124,2.38552959519829,321.033332692499,0.210333326924987,0.01313908731829,102.638908731829,45.9747057739319,0.0150964779982288,26.9906853715095,1159.78464943844,0.0093619399095133,0.05,0.0,27.151614520802,-1.28533538768735,0.465101069023568,1.0,1.0,1.0,1.0,1.0,1.0,1.0,0.0,0.0,0.0,1.0,1.0,0.0,0.0,0.0,0.0,NONE,0.0001061533251154,1418.71410889871,NONE
99,902.296073905721,22.9095267129068,18.3868351634593,18.3868351634593,18.3868351634593,18.3868351634593,618.598959600436,618.598959600436,618.598959600436,618.598959600436,0.953091662357069,20.4318747968498,2.38552959519829,321.033332692499,0.210333326924987,0.01313908731829,102.638908731829,45.9747057739319,0.0150964779982288,27.078666055283,1159.78464943844,0.0093619399095133,0.05,0.0,27.1515418146958,-1.28533882954461,0.465101069023568,1.0,1.0,1.0,1.0,1.0,1.0,1.0,0.0,0.0,0.0,1.0,1.0,0.0,0.0,0.0,0.0,NONE,0.0001061533251154,1418.71410889871,NONE
100,902.296073905721,22.9095267129068,18.4294905283321,18.4294905283321,18.4294905283321,18.4294905283321,618.598959600436,618.598959600436,618.598959600436,618.598959600436,0.953091662357069,20.4951279725827,2.38552959519829,321.033332692499,0.210333326924987,0.01313908731829,102.638908731829,45.9747057739319,0.0150964779982288,27.1661372946807,1159.78464943844,0.0093619399095133,0.05,0.0,27.1514691085896,-1.28534227142029,0.465101069023568,1.0,1.0,1.0,1.0,1.0,1.0,1.0,0.0,0.0,0.0,1.0,1.0,0.0,0.0,0.0,0.0,NONE,0.0001061533251154,1418.71410889871,NONE
101,902.296073905721,22.9095267129068,18.4722507185053,18.4722507185053,18.4722507185053,18.4722507185053,618.598959600436,618.598959600436,618.598959600436,618.598959600436,0.953091662357069,20.5584608987139,2.38552959519829,321.033332692499,0.210333326924987,0.01313908731829,102.638908731829,45.9747057739319,0.0150964779982288,27.2531034306711,1159.78464943844,0.0093619399095133,0.05,0.0,27.1513964024834,-1.28534571331442,0.465101069023568,1.0,1.0,1.0,1.0,1.0,1.0,1.0,0.0,0.0,0.0,1.0,1.0,0.0,0.0,0.0,0.0,NONE,0.0001061533251154,1418.71410889871,NONE
102,902.296073905721,22.9095267129068,18.5151143043102,18.5151143043102,18.5151143043102,18.5151143043102,618.598959600436,618.598959600436,618.598959600436,618.598959600436,0.953091662357069,20.6218716361466,2.38552959519829,321.033332692499,0.210333326924987,0.01313908731829,102.638908731829,45.9747057739319,0.0150964779982288,27.3395687635804,1159.78464943844,0.0093619399095133,0.05,0.0,27.1513236963772,-1.28534915522697,0.465101069023568,1.0,1.0,1.0,1.0,1.0,1.0,1.0,0.0,0.0,0.0,1.0,1.0,0.0,0.0,0.0,0.0,NONE,0.0001061533251154,1418.71410889871,NONE
103,902.296073905721,22.9095267129068,18.5580798695096,18.5580798695096,18.5580798695096,18.5580798695096,618.598959600436,618.598959600436,618.598959600436,618.598959600436,0.953091662357069,20.6853582664802,2.38552959519829,321.033332692499,0.210333326924987,0.01313908731829,102.638908731829,45.9747057739319,0.0150964779982288,27.4255375534797,1159.78464943844,0.0093619399095133,0.05,0.0,27.151250990271,-1.28535259715796,0.465101069023568,1.0,1.0,1.0,1.0,1.0,1.0,1.0,0.0,0.0,0.0,1.0,1.0,0.0,0.0,0.0,0.0,NONE,0.0001061533251154,1418.71410889871,NONE
104,902.296073905721,22.9095267129068,18.6011460111716,18.6011460111716,18.6011460111716,18.6011460111716,618.598959600436,618.598959600436,618.598959600436,618.598959600436,0.953091662357069,20.7489188918085,2.38552959519829,321.033332692499,0.210333326924987,0.01313908731829,102.638908731829,45.9747057739319,0.0150964779982288,27.5110140205686,1159.78464943844,0.0093619399095133,0.05,0.0,27.1511782841648,-1.28535603910738,0.465101069023568,1.0,1.0,1.0,1.0,1.0,1.0,1.0,0.0,0.0,0.0,1.0,1.0,0.0,0.0,0.0,0.0,NONE,0.0001061533251154,1418.71410889871,NONE
105,902.296073905721,22.9095267129068,18.644311339545,18.644311339545,18.644311339545,18.644311339545,618.598959600436,618.598959600436,618.598959600436,618.598959600436,0.953091662357069,20.812551634519,2.38552959519829,321.033332692499,0.210333326924987,0.01313908731829,102.638908731829,45.9747057739319,0.0150964779982288,27.5960023455551,1159.78464943844,0.0093619399095133,0.05,0.0,27.1511055780586,-1.28535948107524,0.465101069023568,1.0,1.0,1.0,1.0,1.0,1.0,1.0,0.0,0.0,0.0,1.0,1.0,0.0,0.0,0.0,0.0,NONE,0.0001061533251154,1418.71410889871,NONE
106,902.296073905721,22.9095267129068,18.687574477936,18.687574477936,18.687574477936,18.687574477936,618.598959600436,618.598959600436,618.598959600436,618.598959600436,0.953091662357069,20.8762546370948,2.38552959519829,321.033332692499,0.210333326924987,0.01313908731829,102.638908731829,45.9747057739319,0.0150964779982288,27.6805066700321,1159.78464943844,0.0093619399095133,0.05,0.0,27.1510328719524,-1.28536292306153,0.465101069023568,1.0,1.0,1.0,1.0,1.0,1.0,1.0,0.0,0.0,0.0,1.0,1.0,0.0,0.0,0.0,0.0,NONE,0.0001061533251154,1418.71410889871,NONE
107,902.296073905721,22.9095267129068,18.7309340625857,18.7309340625857,18.7309340625857,18.7309340625857,618.598959600436,618.598959600436,618.598959600436,618.598959600436,0.953091662357069,20.9400260619181,2.38552959519829,321.033332692499,0.210333326924987,0.01313908731829,102.638908731829,45.9747057739319,0.0150964779982288,27.7645310968496,1159.78464943844,0.0093619399095133,0.05,0.0,27.1509601658462,-1.28536636506626,0.465101069023568,1.0,1.0,1.0,1.0,1.0,1.0,1.0,0.0,0.0,0.0,1.0,1.0,0.0,0.0,0.0,0.0,NONE,0.0001061533251154,1418.71410889871,NONE
108,902.296073905721,22.9095267129068,18.7743887425492,18.7743887425492,18.7743887425492,18.7743887425492,618.598959600436,618.598959600436,618.598959600436,618.598959600436,0.953091662357069,21.0038640910759,2.38552959519829,321.033332692499,0.210333326924987,0.01313908731829,102.638908731829,45.9747057739319,0.0150964779982288,27.848079690484,1159.78464943844,0.0093619399095133,0.05,0.0,27.15088745974,-1.28536980708942,0.465101069023568,1.0,1.0,1.0,1.0,1.0,1.0,1.0,0.0,0.0,0.0,1.0,1.0,0.0,0.0,0.0,0.0,NONE,0.0001061533251154,1418.71410889871,NONE
109,902.296073905721,22.9095267129068,18.8179371795755,18.8179371795755,18.8179371795755,18.8179371795755,618.598959600436,618.598959600436,618.598959600436,618.598959600436,0.953091662357069,21.0677669261668,2.38552959519829,321.033332692499,0.210333326924987,0.01313908731829,102.638908731829,45.9747057739319,0.0150964779982288,27.9311564774038,1159.78464943844,0.0093619399095133,0.05,0.0,27.1508147536338,-1.28537324913101,0.465101069023568,1.0,1.0,1.0,1.0,1.0,1.0,1.0,0.0,0.0,0.0,1.0,1.0,0.0,0.0,0.0,0.0,NONE,0.0001061533251154,1418.71410889871,NONE
110,902.296073905721,22.9095267129068,18.8615780479887,18.8615780479887,18.8615780479887,18.8615780479887,618.598959600436,618.598959600436,618.598959600436,618.598959600436,0.953091662357069,21.1317327881109,2.38552959519829,321.033332692499,0.210333326924987,0.01313908731829,102.638908731829,45.9747057739319,0.0150964779982288,28.0137654464317,1159.78464943844,0.0093619399095133,0.05,0.0,27.1507420475276,-1.28537669119104,0.465101069023568,1.0,1.0,1.0,1.0,1.0,1.0,1.0,0.0,0.0,0.0,1.0,1.0,0.0,0.0,0.0,0.0,NONE,0.0001061533251154,1418.71410889871,NONE
111,902.296073905721,22.9095267129068,18.90531003457,18.90531003457,18.90531003457,18.90531003457,618.598959600436,618.598959600436,618.598959600436,618.598959600436,0.953091662357069,21.1957599169602,2.38552959519829,321.033332692499,0.210333326924987,0.01313908731829,102.638908731829,45.9747057739319,0.0150964779982288,28.0959105491028,1159.78464943844,0.0093619399095133,0.05,0.0,27.1506693414214,-1.28538013326951,0.465101069023568,1.0,1.0,1.0,1.0,1.0,1.0,1.0,0.0,0.0,0.0,1.0,1.0,0.0,0.0,0.0,0.0,NONE,0.0001061533251154,1418.71410889871,NONE
112,902.296073905721,22.9095267129068,18.9491318384418,18.9491318384418,18.9491318384418,18.9491318384418,618.598959600436,618.598959600436,618.598959600436,618.598959600436,0.953091662357069,21.2598465717118,2.38552959519829,321.033332692499,0.210333326924987,0.01313908731829,102.638908731829,45.9747057739319,0.0150964779982288,28.1775957000205,1159.78464943844,0.0093619399095133,0.05,0.0,27.1505966353152,-1.2853835753664,0.465101069023568,1.0,1.0,1.0,1.0,1.0,1.0,1.0,0.0,0.0,0.0,1.0,1.0,0.0,0.0,0.0,0.0,NONE,0.0001061533251154,1418.71410889871,NONE
113,902.296073905721,22.9095267129068,18.9930421709514,18.9930421709514,18.9930421709514,18.9930421709514,618.598959600436,618.598959600436,618.598959600436,618.598959600436,0.953091662357069,21.3239910301225,2.38552959519829,321.033332692499,0.210333326924987,0.01313908731829,102.638908731829,45.9747057739319,0.0150964779982288,28.2588247772075,1159.78464943844,0.0093619399095133,0.05,0.0,27.150523929209,-1.28538701748174,0.465101069023568,1.0,1.0,1.0,1.0,1.0,1.0,1.0,0.0,0.0,0.0,1.0,1.0,0.0,0.0,0.0,0.0,NONE,0.0001061533251154,1418.71410889871,NONE
114,902.296073905721,22.9095267129068,19.0370397555572,19.0370397555572,19.0370397555572,19.0370397555572,618.598959600436,618.598959600436,618.598959600436,618.598959600436,0.953091662357069,21.388191588525,2.38552959519829,321.033332692499,0.210333326924987,0.01313908731829,102.638908731829,45.9747057739319,0.0150964779982288,28.3396016224549,1159.78464943844,0.0093619399095133,0.05,0.0,27.1504512231028,-1.28539045961551,0.465101069023568,1.0,1.0,1.0,1.0,1.0,1.0,1.0,0.0,0.0,0.0,1.0,1.0,0.0,0.0,0.0,0.0,NONE,0.0001061533251154,1418.71410889871,NONE
115,902.296073905721,22.9095267129068,19.0811233277151,19.0811233277151,19.0811233277151,19.0811233277151,618.598959600436,618.598959600436,618.598959600436,618.598959600436,0.953091662357069,21.4524465616464,2.38552959519829,321.033332692499,0.210333326924987,0.01313908731829,102.638908731829,45.9747057739319,0.0150964779982288,28.4199300416667,1159.78464943844,0.0093619399095133,0.05,0.0,27.1503785169966,-1.28539390176771,0.465101069023568,1.0,1.0,1.0,1.0,1.0,1.0,1.0,0.0,0.0,0.0,1.0,1.0,0.0,0.0,0.0,0.0,NONE,0.0001061533251154,1418.71410889871,NONE
116,902.296073905721,22.9095267129068,19.1252916347663,19.1252916347663,19.1252916347663,19.1252916347663,618.598959600436,618.598959600436,618.598959600436,618.598959600436,0.953091662357069,21.516754282428,2.38552959519829,321.033332692499,0.210333326924987,0.01313908731829,102.638908731829,45.9747057739319,0.0150964779982288,28.4998138052023,1159.78464943844,0.0093619399095133,0.05,0.0,27.1503058108904,-1.28539734393835,0.465101069023568,1.0,1.0,1.0,1.0,1.0,1.0,1.0,0.0,0.0,0.0,1.0,1.0,0.0,0.0,0.0,0.0,NONE,0.0001061533251154,1418.71410889871,NONE
117,902.296073905721,22.9095267129068,19.1695434358262,19.1695434358262,19.1695434358262,19.1695434358262,618.598959600436,618.598959600436,618.598959600436,618.598959600436,0.953091662357069,21.5811131018468,2.38552959519829,321.033332692499,0.210333326924987,0.01313908731829,102.638908731829,45.9747057739319,0.0150964779982288,28.5792566482145,1159.78464943844,0.0093619399095133,0.05,0.0,27.1502331047842,-1.28540078612743,0.465101069023568,1.0,1.0,1.0,1.0,1.0,1.0,1.0,0.0,0.0,0.0,1.0,1.0,0.0,0.0,0.0,0.0,NONE,0.0001061533251154,1418.71410889871,NONE
118,902.296073905721,22.9095267129068,19.2138775016742,19.2138775016742,19.2138775016742,19.2138775016742,618.598959600436,618.598959600436,618.598959600436,618.598959600436,0.953091662357069,21.6455213887391,2.38552959519829,321.033332692499,0.210333326924987,0.01313908731829,102.638908731829,45.9747057739319,0.0150964779982288,28.6582622709847,1159.78464943844,0.0093619399095133,0.05,0.0,27.150160398678,-1.28540422833494,0.465101069023568,1.0,1.0,1.0,1.0,1.0,1.0,1.0,0.0,0.0,0.0,1.0,1.0,0.0,0.0,0.0,0.0,NONE,0.0001061533251154,1418.71410889871,NONE
119,902.296073905721,22.9095267129068,19.2582926146448,19.2582926146448,19.2582926146448,19.2582926146448,618.598959600436,618.598959600436,618.598959600436,618.598959600436,0.953091662357069,21.7099775296255,2.38552959519829,321.033332692499,0.210333326924987,0.01313908731829,102.638908731829,45.9747057739319,0.0150964779982288,28.7368343392557,1159.78464943844,0.0093619399095133,0.05,0.0,27.1500876925718,-1.28540767056089,0.465101069023568,1.0,1.0,1.0,1.0,1.0,1.0,1.0,0.0,0.0,0.0,1.0,1.0,0.0,0.0,0.0,0.0,NONE,0.0001061533251154,1418.71410889871,NONE
120,902.296073905721,22.9095267129068,19.3027875685194,19.3027875685194,19.3027875685194,19.3027875685194,618.598959600436,618.598959600436,618.598959600436,618.598959600436,0.953091662357069,21.7744799285377,2.38552959519829,321.033332692499,0.210333326924987,0.01313908731829,102.638908731829,45.9747057739319,0.0150964779982288,28.8149764845599,1159.78464943844,0.0093619399095133,0.05,0.0,27.1500149864656,-1.28541111280527,0.465101069023568,1.0,1.0,1.0,1.0,1.0,1.0,1.0,0.0,0.0,0.0,1.0,1.0,0.0,0.0,0.0,0.0,NONE,0.0001061533251154,1418.71410889871,NONE
121,902.296073905721,22.9095267129068,19.3473611684191,19.3473611684191,19.3473611684191,19.3473611684191,618.598959600436,618.598959600436,618.598959600436,618.598959600436,0.953091662357069,21.8390270068469,2.38552959519829,321.033332692499,0.210333326924987,0.01313908731829,102.638908731829,45.9747057739319,0.0150964779982288,28.8926923045454,1159.78464943844,0.0093619399095133,0.05,0.0,27.1499422803594,-1.28541455506809,0.465101069023568,1.0,1.0,1.0,1.0,1.0,1.0,1.0,0.0,0.0,0.0,1.0,1.0,0.0,0.0,0.0,0.0,NONE,0.0001061533251154,1418.71410889871,NONE
122,902.296073905721,22.9095267129068,19.3920122306991,19.3920122306991,19.3920122306991,19.3920122306991,618.598959600436,618.598959600436,618.598959600436,618.598959600436,0.953091662357069,21.9036172030938,2.38552959519829,321.033332692499,0.210333326924987,0.01313908731829,102.638908731829,45.9747057739319,0.0150964779982288,28.9699853632986,1159.78464943844,0.0093619399095133,0.05,0.0,27.1498695742532,-1.28541799734935,0.465101069023568,1.0,1.0,1.0,1.0,1.0,1.0,1.0,0.0,0.0,0.0,1.0,1.0,0.0,0.0,0.0,0.0,NONE,0.0001061533251154,1418.71410889871,NONE
123,902.296073905721,22.9095267129068,19.4367395828437,19.4367395828437,19.4367395828437,19.4367395828437,618.598959600436,618.598959600436,618.598959600436,618.598959600436,0.953091662357069,21.9682489728204,2.38552959519829,321.033332692499,0.210333326924987,0.01313908731829,102.638908731829,45.9747057739319,0.0150964779982288,29.0468591916638,1159.78464943844,0.0093619399095133,0.05,0.0,27.149796868147,-1.28542143964904,0.465101069023568,1.0,1.0,1.0,1.0,1.0,1.0,1.0,0.0,0.0,0.0,1.0,1.0,0.0,0.0,0.0,0.0,NONE,0.0001061533251154,1418.71410889871,NONE
124,902.296073905721,22.9095267129068,19.4815420633617,19.4815420633617,19.4815420633617,19.4815420633617,618.598959600436,618.598959600436,618.598959600436,618.598959600436,0.953091662357069,22.0329207884034,2.38552959519829,321.033332692499,0.210333326924987,0.01313908731829,102.638908731829,45.9747057739319,0.0150964779982288,29.1233172875597,1159.78464943844,0.0093619399095133,0.05,0.0,27.1497241620408,-1.28542488196717,0.465101069023568,1.0,1.0,1.0,1.0,1.0,1.0,1.0,0.0,0.0,0.0,1.0,1.0,0.0,0.0,0.0,0.0,NONE,0.0001061533251154,1418.71410889871,NONE
125,902.296073905721,22.9095267129068,19.5264185216841,19.5264185216841,19.5264185216841,19.5264185216841,618.598959600436,618.598959600436,618.598959600436,618.598959600436,0.953091662357069,22.0976311388889,2.38552959519829,321.033332692499,0.210333326924987,0.01313908731829,102.638908731829,45.9747057739319,0.0150964779982288,29.1993631162929,1159.78464943844,0.0093619399095133,0.05,0.0,27.1496514559346,-1.28542832430374,0.465101069023568,1.0,1.0,1.0,1.0,1.0,1.0,1.0,0.0,0.0,0.0,1.0,1.0,0.0,0.0,0.0,0.0,NONE,0.0001061533251154,1418.71410889871,NONE
126,902.296073905721,22.9095267129068,19.5713678180617,19.5713678180617,19.5713678180617,19.5713678180617,618.598959600436,618.598959600436,618.598959600436,618.598959600436,0.953091662357069,22.1623785298292,2.38552959519829,321.033332692499,0.210333326924987,0.01313908731829,102.638908731829,45.9747057739319,0.0150964779982288,29.2750001108686,1159.78464943844,0.0093619399095133,0.05,0.0,27.1495787498284,-1.28543176665874,0.465101069023568,1.0,1.0,1.0,1.0,1.0,1.0,1.0,0.0,0.0,0.0,1.0,1.0,0.0,0.0,0.0,0.0,NONE,0.0001061533251154,1418.71410889871,NONE
127,902.296073905721,22.9095267129068,19.616388823464,19.616388823464,19.616388823464,19.616388823464,618.598959600436,618.598959600436,618.598959600436,618.598959600436,0.953091662357069,22.2271614831206,2.38552959519829,321.033332692499,0.210333326924987,0.01313908731829,102.638908731829,45.9747057739319,0.0150964779982288,29.3502316722976,1159.78464943844,0.0093619399095133,0.05,0.0,27.1495060437222,-1.28543520903218,0.465101069023568,1.0,1.0,1.0,1.0,1.0,1.0,1.0,0.0,0.0,0.0,1.0,1.0,0.0,0.0,0.0,0.0,NONE,0.0001061533251154,1418.71410889871,NONE
128,902.296073905721,22.9095267129068,19.6614804194794,19.6614804194794,19.6614804194794,19.6614804194794,618.598959600436,618.598959600436,618.598959600436,618.598959600436,0.953091662357069,22.2919785368433,2.38552959519829,321.033332692499,0.210333326924987,0.01313908731829,102.638908731829,45.9747057739319,0.0150964779982288,29.4250611699015,1159.78464943844,0.0093619399095133,0.05,0.0,27.149433337616,-1.28543865142406,0.465101069023568,1.0,1.0,1.0,1.0,1.0,1.0,1.0,0.0,0.0,0.0,1.0,1.0,0.0,0.0,0.0,0.0,NONE,0.0001061533251154,1418.71410889871,NONE
129,902.296073905721,22.9095267129068,19.7066414982157,19.7066414982157,19.7066414982157,19.7066414982157,618.598959600436,618.598959600436,618.598959600436,618.598959600436,0.953091662357069,22.3568282451026,2.38552959519829,321.033332692499,0.210333326924987,0.01313908731829,102.638908731829,45.9747057739319,0.0150964779982288,29.4994919416141,1159.78464943844,0.0093619399095133,0.05,0.0,27.1493606315098,-1.28544209383438,0.465101069023568,1.0,1.0,1.0,1.0,1.0,1.0,1.0,0.0,0.0,0.0,1.0,1.0,0.0,0.0,0.0,0.0,NONE,0.0001061533251154,1418.71410889871,NONE
130,902.296073905721,22.9095267129068,19.7518709622017,19.7518709622017,19.7518709622017,19.7518709622017,618.598959600436,618.598959600436,618.598959600436,618.598959600436,0.953091662357069,22.4217091778711,2.38552959519829,321.033332692499,0.210333326924987,0.01313908731829,102.638908731829,45.9747057739319,0.0150964779982288,29.5735272942801,1159.78464943844,0.0093619399095133,0.05,0.0,27.1492879254036,-1.28544553626313,0.465101069023568,1.0,1.0,1.0,1.0,1.0,1.0,1.0,0.0,0.0,0.0,1.0,1.0,0.0,0.0,0.0,0.0,NONE,0.0001061533251154,1418.71410889871,NONE
131,902.296073905721,22.9095267129068,19.7971677242907,19.7971677242907,19.7971677242907,19.7971677242907,618.598959600436,618.598959600436,618.598959600436,618.598959600436,0.953091662357069,22.4866199208339,2.38552959519829,321.033332692499,0.210333326924987,0.01313908731829,102.638908731829,45.9747057739319,0.0150964779982288,29.6471705039514,1159.78464943844,0.0093619399095133,0.05,0.0,27.1492152192974,-1.28544897871032,0.465101069023568,1.0,1.0,1.0,1.0,1.0,1.0,1.0,0.0,0.0,0.0,1.0,1.0,0.0,0.0,0.0,0.0,NONE,0.0001061533251154,1418.71410889871,NONE
132,902.296073905721,22.9095267129068,19.8425307075633,19.8425307075633,19.8425307075633,19.8425307075633,618.598959600436,618.598959600436,618.598959600436,618.598959600436,0.953091662357069,22.5515590752333,2.38552959519829,321.033332692499,0.210333326924987,0.01313908731829,102.638908731829,45.9747057739319,0.0150964779982288,29.7204248161798,1159.78464943844,0.0093619399095133,0.05,0.0,27.1491425131912,-1.28545242117595,0.465101069023568,1.0,1.0,1.0,1.0,1.0,1.0,1.0,0.0,0.0,0.0,1.0,1.0,0.0,0.0,0.0,0.0,NONE,0.0001061533251154,1418.71410889871,NONE
133,902.296073905721,22.9095267129068,19.8879588452323,19.8879588452323,19.8879588452323,19.8879588452323,618.598959600436,618.598959600436,618.598959600436,618.598959600436,0.953091662357069,22.6165252577168,2.38552959519829,321.033332692499,0.210333326924987,0.01313908731829,102.638908731829,45.9747057739319,0.0150964779982288,29.7932934463075,1159.78464943844,0.0093619399095133,0.05,0.0,27.149069807085,-1.28545586366002,0.465101069023568,1.0,1.0,1.0,1.0,1.0,1.0,1.0,0.0,0.0,0.0,1.0,1.0,0.0,0.0,0.0,0.0,NONE,0.0001061533251154,1418.71410889871,NONE
134,902.296073905721,22.9095267129068,19.9334510805481,19.9334510805481,19.9334510805481,19.9334510805481,618.598959600436,618.598959600436,618.598959600436,618.598959600436,0.953091662357069,22.6815171001853,2.38552959519829,321.033332692499,0.210333326924987,0.01313908731829,102.638908731829,45.9747057739319,0.0150964779982288,29.8657795797549,1159.78464943844,0.0093619399095133,0.05,0.0,27.1489971009788,-1.28545930616252,0.465101069023568,1.0,1.0,1.0,1.0,1.0,1.0,1.0,0.0,0.0,0.0,1.0,1.0,0.0,0.0,0.0,0.0,NONE,0.0001061533251154,1418.71410889871,NONE
135,902.296073905721,22.9095267129068,19.979006366705,19.979006366705,19.979006366705,19.979006366705,618.598959600436,618.598959600436,618.598959600436,618.598959600436,0.953091662357069,22.7465332496434,2.38552959519829,321.033332692499,0.210333326924987,0.01313908731829,102.638908731829,45.9747057739319,0.0150964779982288,29.9378863723047,1159.78464943844,0.0093619399095133,0.05,0.0,27.1489243948726,-1.28546274868347,0.465101069023568,1.0,1.0,1.0,1.0,1.0,1.0,1.0,0.0,0.0,0.0,1.0,1.0,0.0,0.0,0.0,0.0,NONE,0.0001061533251154,1418.71410889871,NONE
136,902.296073905721,22.9095267129068,20.0246236667487,20.0246236667487,20.0246236667487,20.0246236667487,618.598959600436,618.598959600436,618.598959600436,618.598959600436,0.953091662357069,22.8115723680511,2.38552959519829,321.033332692499,0.210333326924987,0.01313908731829,102.638908731829,45.9747057739319,0.0150964779982288,30.0096169503848,1159.78464943844,0.0093619399095133,0.05,0.0,27.1488516887663,-1.28546619122285,0.465101069023568,1.0,1.0,1.0,1.0,1.0,1.0,1.0,0.0,0.0,0.0,1.0,1.0,0.0,0.0,0.0,0.0,NONE,0.0001061533251154,1418.71410889871,NONE
137,902.296073905721,22.9095267129068,20.0703019534838,20.0703019534838,20.0703019534838,20.0703019534838,618.598959600436,618.598959600436,618.598959600436,618.598959600436,0.953091662357069,22.8766331321767,2.38552959519829,321.033332692499,0.210333326924987,0.01313908731829,102.638908731829,45.9747057739319,0.0150964779982288,30.0809744113472,1159.78464943844,0.0093619399095133,0.05,0.0,27.1487789826602,-1.28546963378067,0.465101069023568,1.0,1.0,1.0,1.0,1.0,1.0,1.0,0.0,0.0,0.0,1.0,1.0,0.0,0.0,0.0,0.0,NONE,0.0001061533251154,1418.71410889871,NONE
138,902.296073905721,22.9095267129068,20.1160402093833,20.1160402093833,20.1160402093833,20.1160402093833,618.598959600436,618.598959600436,618.598959600436,618.598959600436,0.953091662357069,22.9417142334511,2.38552959519829,321.033332692499,0.210333326924987,0.01313908731829,102.638908731829,45.9747057739319,0.0150964779982288,30.1519618237446,1159.78464943844,0.0093619399095133,0.05,0.0,27.1487062765539,-1.28547307635693,0.465101069023568,1.0,1.0,1.0,1.0,1.0,1.0,1.0,0.0,0.0,0.0,1.0,1.0,0.0,0.0,0.0,0.0,NONE,0.0001061533251154,1418.71410889871,NONE
139,902.296073905721,22.9095267129068,20.1618374264984,20.1618374264984,20.1618374264984,20.1618374264984,618.598959600436,618.598959600436,618.598959600436,618.598959600436,0.953091662357069,23.0068143778239,2.38552959519829,321.033332692499,0.210333326924987,0.01313908731829,102.638908731829,45.9747057739319,0.0150964779982288,30.2225822276049,1159.78464943844,0.0093619399095133,0.05,0.0,27.1486335704477,-1.28547651895163,0.465101069023568,1.0,1.0,1.0,1.0,1.0,1.0,1.0,0.0,0.0,0.0,1.0,1.0,0.0,0.0,0.0,0.0,NONE,0.0001061533251154,1418.71410889871,NONE
140,902.296073905721,22.9095267129068,20.207692606369,20.207692606369,20.207692606369,20.207692606369,618.598959600436,618.598959600436,618.598959600436,618.598959600436,0.953091662357069,23.0719322856203,2.38552959519829,321.033332692499,0.210333326924987,0.01313908731829,102.638908731829,45.9747057739319,0.0150964779982288,30.2928386347022,1159.78464943844,0.0093619399095133,0.05,0.0,27.1485608643415,-1.28547996156477,0.465101069023568,1.0,1.0,1.0,1.0,1.0,1.0,1.0,0.0,0.0,0.0,1.0,1.0,0.0,0.0,0.0,0.0,NONE,0.0001061533251154,1418.71410889871,NONE
141,902.296073905721,22.9095267129068,20.2536047599351,20.2536047599351,20.2536047599351,20.2536047599351,618.598959600436,618.598959600436,618.598959600436,618.598959600436,0.953091662357069,23.1370666914,2.38552959519829,321.033332692499,0.210333326924987,0.01313908731829,102.638908731829,45.9747057739319,0.0150964779982288,30.362734028826,1159.78464943844,0.0093619399095133,0.05,0.0,27.1484881582353,-1.28548340419634,0.465101069023568,1.0,1.0,1.0,1.0,1.0,1.0,1.0,0.0,0.0,0.0,1.0,1.0,0.0,0.0,0.0,0.0,NONE,0.0001061533251154,1418.71410889871,NONE
142,902.296073905721,22.9095267129068,20.2995729074497,20.2995729074497,20.2995729074497,20.2995729074497,618.598959600436,618.598959600436,618.598959600436,618.598959600436,0.953091662357069,23.202216343817,2.38552959519829,321.033332692499,0.210333326924987,0.01313908731829,102.638908731829,45.9747057739319,0.0150964779982288,30.4322713660471,1159.78464943844,0.0093619399095133,0.05,0.0,27.1484154521291,-1.28548684684636,0.465101069023568,1.0,1.0,1.0,1.0,1.0,1.0,1.0,0.0,0.0,0.0,1.0,1.0,0.0,0.0,0.0,0.0,NONE,0.0001061533251154,1418.71410889871,NONE
143,902.296073905721,22.9095267129068,20.3455960783914,20.3455960783914,20.3455960783914,20.3455960783914,618.598959600436,618.598959600436,618.598959600436,618.598959600436,0.953091662357069,23.2673800054808,2.38552959519829,321.033332692499,0.210333326924987,0.01313908731829,102.638908731829,45.9747057739319,0.0150964779982288,30.5014535749819,1159.78464943844,0.0093619399095133,0.05,0.0,27.1483427460229,-1.28549028951482,0.465101069023568,1.0,1.0,1.0,1.0,1.0,1.0,1.0,0.0,0.0,0.0,1.0,1.0,0.0,0.0,0.0,0.0,NONE,0.0001061533251154,1418.71410889871,NONE
144,902.296073905721,22.9095267129068,20.3916733113789,20.3916733113789,20.3916733113789,20.3916733113789,618.598959600436,618.598959600436,618.598959600436,618.598959600436,0.953091662357069,23.3325564528191,2.38552959519829,321.033332692499,0.210333326924987,0.01313908731829,102.638908731829,45.9747057739319,0.0150964779982288,30.5702835570528,1159.78464943844,0.0093619399095133,0.05,0.0,27.1482700399167,-1.28549373220171,0.465101069023568,1.0,1.0,1.0,1.0,1.0,1.0,1.0,0.0,0.0,0.0,1.0,1.0,0.0,0.0,0.0,0.0,NONE,0.0001061533251154,1418.71410889871,NONE
145,902.296073905721,22.9095267129068,20.4378036540854,20.4378036540854,20.4378036540854,20.4378036540854,618.598959600436,618.598959600436,618.598959600436,618.598959600436,0.953091662357069,23.397744475942,2.38552959519829,321.033332692499,0.210333326924987,0.01313908731829,102.638908731829,45.9747057739319,0.0150964779982288,30.6387641867478,1159.78464943844,0.0093619399095133,0.05,0.0,27.1481973338105,-1.28549717490705,0.465101069023568,1.0,1.0,1.0,1.0,1.0,1.0,1.0,0.0,0.0,0.0,1.0,1.0,0.0,0.0,0.0,0.0,NONE,0.0001061533251154,1418.71410889871,NONE
146,902.296073905721,22.9095267129068,20.4839861631547,20.4839861631547,20.4839861631547,20.4839861631547,618.598959600436,618.598959600436,618.598959600436,618.598959600436,0.953091662357069,23.4629428785068,2.38552959519829,321.033332692499,0.210333326924987,0.01313908731829,102.638908731829,45.9747057739319,0.0150964779982288,30.7068983118761,1159.78464943844,0.0093619399095133,0.05,0.0,27.1481246277043,-1.28550061763082,0.465101069023568,1.0,1.0,1.0,1.0,1.0,1.0,1.0,0.0,0.0,0.0,1.0,1.0,0.0,0.0,0.0,0.0,NONE,0.0001061533251154,1418.71410889871,NONE
147,902.296073905721,22.9095267129068,20.5302199041175,20.5302199041175,20.5302199041175,20.5302199041175,618.598959600436,618.598959600436,618.598959600436,618.598959600436,0.953091662357069,23.5281504775849,2.38552959519829,321.033332692499,0.210333326924987,0.01313908731829,102.638908731829,45.9747057739319,0.0150964779982288,30.7746887538221,1159.78464943844,0.0093619399095133,0.05,0.0,27.1480519215981,-1.28550406037304,0.465101069023568,1.0,1.0,1.0,1.0,1.0,1.0,1.0,0.0,0.0,0.0,1.0,1.0,0.0,0.0,0.0,0.0,NONE,0.0001061533251154,1418.71410889871,NONE
148,902.296073905721,22.9095267129068,20.5765039513082,20.5765039513082,20.5765039513082,20.5765039513082,618.598959600436,618.598959600436,618.598959600436,618.598959600436,0.953091662357069,23.5933661035296,2.38552959519829,321.033332692499,0.210333326924987,0.01313908731829,102.638908731829,45.9747057739319,0.0150964779982288,30.842138307797,1159.78464943844,0.0093619399095133,0.05,0.0,27.1479792154919,-1.28550750313369,0.465101069023568,1.0,1.0,1.0,1.0,1.0,1.0,1.0,0.0,0.0,0.0,1.0,1.0,0.0,0.0,0.0,0.0,NONE,0.0001061533251154,1418.71410889871,NONE
149,902.296073905721,22.9095267129068,20.6228373877836,20.6228373877836,20.6228373877836,20.6228373877836,618.598959600436,618.598959600436,618.598959600436,618.598959600436,0.953091662357069,23.658588599845,2.38552959519829,321.033332692499,0.210333326924987,0.01313908731829,102.638908731829,45.9747057739319,0.0150964779982288,30.9092497430873,1159.78464943844,0.0093619399095133,0.05,0.0,27.1479065093857,-1.28551094591279,0.465101069023568,1.0,1.0,1.0,1.0,1.0,1.0,1.0,0.0,0.0,0.0,1.0,1.0,0.0,0.0,0.0,0.0,NONE,0.0001061533251154,1418.71410889871,NONE
150,902.296073905721,22.9095267129068,20.6692193052412,20.6692193052412,20.6692193052412,20.6692193052412,618.598959600436,618.598959600436,618.598959600436,618.598959600436,0.953091662357069,23.7238168230567,2.38552959519829,321.033332692499,0.210333326924987,0.01313908731829,102.638908731829,45.9747057739319,0.0150964779982288,30.9760258033018,1159.78464943844,0.0093619399095133,0.05,0.0,27.1478338032795,-1.28551438871033,0.465101069023568,1.0,1.0,1.0,1.0,1.0,1.0,1.0,0.0,0.0,0.0,1.0,1.0,0.0,0.0,0.0,0.0,NONE,0.0001061533251154,1418.71410889871,NONE
151,902.296073905721,22.9095267129068,20.715648803939,20.715648803939,20.715648803939,20.715648803939,618.598959600436,618.598959600436,618.598959600436,618.598959600436,0.953091662357069,23.7890496425832,2.38552959519829,321.033332692499,0.210333326924987,0.01313908731829,102.638908731829,45.9747057739319,0.0150964779982288,31.0424692066156,1159.78464943844,0.0093619399095133,0.05,0.0,27.1477610971733,-1.28551783152631,0.465101069023568,1.0,1.0,1.0,1.0,1.0,1.0,1.0,0.0,0.0,0.0,1.0,1.0,0.0,0.0,0.0,0.0,NONE,0.0001061533251154,1418.71410889871,NONE
152,902.296073905721,22.9095267129068,20.7621249926157,20.7621249926157,20.7621249926157,20.7621249926157,618.598959600436,618.598959600436,618.598959600436,618.598959600436,0.953091662357069,23.8542859406089,2.38552959519829,321.033332692499,0.210333326924987,0.01313908731829,102.638908731829,45.9747057739319,0.0150964779982288,31.1085826460122,1159.78464943844,0.0093619399095133,0.05,0.0,27.1476883910671,-1.28552127436072,0.465101069023568,1.0,1.0,1.0,1.0,1.0,1.0,1.0,0.0,0.0,0.0,1.0,1.0,0.0,0.0,0.0,0.0,NONE,0.0001061533251154,1418.71410889871,NONE
153,902.296073905721,22.9095267129068,20.8086469884118,20.8086469884118,20.8086469884118,20.8086469884118,618.598959600436,618.598959600436,618.598959600436,618.598959600436,0.953091662357069,23.919524611958,2.38552959519829,321.033332692499,0.210333326924987,0.01313908731829,102.638908731829,45.9747057739319,0.0150964779982288,31.1743687895227,1159.78464943844,0.0093619399095133,0.05,0.0,27.1476156849609,-1.28552471721358,0.465101069023568,1.0,1.0,1.0,1.0,1.0,1.0,1.0,0.0,0.0,0.0,1.0,1.0,0.0,0.0,0.0,0.0,NONE,0.0001061533251154,1418.71410889871,NONE
154,902.296073905721,22.9095267129068,20.8552139167916,20.8552139167916,20.8552139167916,20.8552139167916,618.598959600436,618.598959600436,618.598959600436,618.598959600436,0.953091662357069,23.9847645639699,2.38552959519829,321.033332692499,0.210333326924987,0.01313908731829,102.638908731829,45.9747057739319,0.0150964779982288,31.2398302804637,1159.78464943844,0.0093619399095133,0.05,0.0,27.1475429788547,-1.28552816008489,0.465101069023568,1.0,1.0,1.0,1.0,1.0,1.0,1.0,0.0,0.0,0.0,1.0,1.0,0.0,0.0,0.0,0.0,NONE,0.0001061533251154,1418.71410889871,NONE
155,902.296073905721,22.9095267129068,20.9018249114653,20.9018249114653,20.9018249114653,20.9018249114653,618.598959600436,618.598959600436,618.598959600436,618.598959600436,0.953091662357069,24.0500047163758,2.38552959519829,321.033332692499,0.210333326924987,0.01313908731829,102.638908731829,45.9747057739319,0.0150964779982288,31.3049697376718,1159.78464943844,0.0093619399095133,0.05,0.0,27.1474702727485,-1.28553160297463,0.465101069023568,1.0,1.0,1.0,1.0,1.0,1.0,1.0,0.0,0.0,0.0,1.0,1.0,0.0,0.0,0.0,0.0,NONE,0.0001061533251154,1418.71410889871,NONE
156,902.296073905721,22.9095267129068,20.9484791143129,20.9484791143129,20.9484791143129,20.9484791143129,618.598959600436,618.598959600436,618.598959600436,618.598959600436,0.953091662357069,24.1152440011763,2.38552959519829,321.033332692499,0.210333326924987,0.01313908731829,102.638908731829,45.9747057739319,0.0150964779982288,31.3697897557366,1159.78464943844,0.0093619399095133,0.05,0.0,27.1473975666423,-1.28553504588281,0.465101069023568,1.0,1.0,1.0,1.0,1.0,1.0,1.0,0.0,0.0,0.0,1.0,1.0,0.0,0.0,0.0,0.0,NONE,0.0001061533251154,1418.71410889871,NONE
157,902.296073905721,22.9095267129068,20.9951756753076,20.9951756753076,20.9951756753076,20.9951756753076,618.598959600436,618.598959600436,618.598959600436,618.598959600436,0.953091662357069,24.1804813625202,2.38552959519829,321.033332692499,0.210333326924987,0.01313908731829,102.638908731829,45.9747057739319,0.0150964779982288,31.4342929052311,1159.78464943844,0.0093619399095133,0.05,0.0,27.1473248605361,-1.28553848880944,0.465101069023568,1.0,1.0,1.0,1.0,1.0,1.0,1.0,0.0,0.0,0.0,1.0,1.0,0.0,0.0,0.0,0.0,NONE,0.0001061533251154,1418.71410889871,NONE
158,902.296073905721,22.9095267129068,21.0419137524413,21.0419137524413,21.0419137524413,21.0419137524413,618.598959600436,618.598959600436,618.598959600436,618.598959600436,0.953091662357069,24.2457157565845,2.38552959519829,321.033332692499,0.210333326924987,0.01313908731829,102.638908731829,45.9747057739319,0.0150964779982288,31.4984817329406,1159.78464943844,0.0093619399095133,0.05,0.0,27.1472521544299,-1.2855419317545,0.465101069023568,1.0,1.0,1.0,1.0,1.0,1.0,1.0,0.0,0.0,0.0,1.0,1.0,0.0,0.0,0.0,0.0,NONE,0.0001061533251154,1418.71410889871,NONE
159,902.296073905721,22.9095267129068,21.0886925116491,21.0886925116491,21.0886925116491,21.0886925116491,618.598959600436,618.598959600436,618.598959600436,618.598959600436,0.953091662357069,24.3109461514558,2.38552959519829,321.033332692499,0.210333326924987,0.01313908731829,102.638908731829,45.9747057739319,0.0150964779982288,31.5623587620879,1159.78464943844,0.0093619399095133,0.05,0.0,27.1471794483237,-1.28554537471801,0.465101069023568,1.0,1.0,1.0,1.0,1.0,1.0,1.0,0.0,0.0,0.0,1.0,1.0,0.0,0.0,0.0,0.0,NONE,0.0001061533251154,1418.71410889871,NONE
160,902.296073905721,22.9095267129068,21.1355111267363,21.1355111267363,21.1355111267363,21.1355111267363,618.598959600436,618.598959600436,618.598959600436,618.598959600436,0.953091662357069,24.3761715270126,2.38552959519829,321.033332692499,0.210333326924987,0.01313908731829,102.638908731829,45.9747057739319,0.0150964779982288,31.6259264925584,1159.78464943844,0.0093619399095133,0.05,0.0,27.1471067422175,-1.28554881769996,0.465101069023568,1.0,1.0,1.0,1.0,1.0,1.0,1.0,0.0,0.0,0.0,1.0,1.0,0.0,0.0,0.0,0.0,NONE,0.0001061533251154,1418.71410889871,NONE
161,902.296073905721,22.9095267129068,21.1823687793047,21.1823687793047,21.1823687793047,21.1823687793047,618.598959600436,618.598959600436,618.598959600436,618.598959600436,0.953091662357069,24.4413908748086,2.38552959519829,321.033332692499,0.210333326924987,0.01313908731829,102.638908731829,45.9747057739319,0.0150964779982288,31.689187401121,1159.78464943844,0.0093619399095133,0.05,0.0,27.1470340361113,-1.28555226070036,0.465101069023568,1.0,1.0,1.0,1.0,1.0,1.0,1.0,0.0,0.0,0.0,1.0,1.0,0.0,0.0,0.0,0.0,NONE,0.0001061533251154,1418.71410889871,NONE
162,902.296073905721,22.9095267129068,21.2292646586804,21.2292646586804,21.2292646586804,21.2292646586804,618.598959600436,618.598959600436,618.598959600436,618.598959600436,0.953091662357069,24.5066031979572,2.38552959519829,321.033332692499,0.210333326924987,0.01313908731829,102.638908731829,45.9747057739319,0.0150964779982288,31.7521439416488,1159.78464943844,0.0093619399095133,0.05,0.0,27.1469613300051,-1.28555570371919,0.465101069023568,1.0,1.0,1.0,1.0,1.0,1.0,1.0,0.0,0.0,0.0,1.0,1.0,0.0,0.0,0.0,0.0,NONE,0.0001061533251154,1418.71410889871,NONE
163,902.296073905721,22.9095267129068,21.2761979618421,21.2761979618421,21.2761979618421,21.2761979618421,618.598959600436,618.598959600436,618.598959600436,618.598959600436,0.953091662357069,24.5718075110175,2.38552959519829,321.033332692499,0.210333326924987,0.01313908731829,102.638908731829,45.9747057739319,0.0150964779982288,31.8147985453358,1159.78464943844,0.0093619399095133,0.05,0.0,27.1468886238989,-1.28555914675647,0.465101069023568,1.0,1.0,1.0,1.0,1.0,1.0,1.0,0.0,0.0,0.0,1.0,1.0,0.0,0.0,0.0,0.0,NONE,0.0001061533251154,1418.71410889871,NONE
164,902.296073905721,22.9095267129068,21.3231678933497,21.3231678933497,21.3231678933497,21.3231678933497,618.598959600436,618.598959600436,618.598959600436,618.598959600436,0.953091662357069,24.6370028398811,2.38552959519829,321.033332692499,0.210333326924987,0.01313908731829,102.638908731829,45.9747057739319,0.0150964779982288,31.8771536209132,1159.78464943844,0.0093619399095133,0.05,0.0,27.1468159177927,-1.28556258981219,0.465101069023568,1.0,1.0,1.0,1.0,1.0,1.0,1.0,0.0,0.0,0.0,1.0,1.0,0.0,0.0,0.0,0.0,NONE,0.0001061533251154,1418.71410889871,NONE
165,902.296073905721,22.9095267129068,21.3701736652741,21.3701736652741,21.3701736652741,21.3701736652741,618.598959600436,618.598959600436,618.598959600436,618.598959600436,0.953091662357069,24.7021882216597,2.38552959519829,321.033332692499,0.210333326924987,0.01313908731829,102.638908731829,45.9747057739319,0.0150964779982288,31.9392115548625,1159.78464943844,0.0093619399095133,0.05,0.0,27.1467432116865,-1.28556603288636,0.465101069023568,1.0,1.0,1.0,1.0,1.0,1.0,1.0,0.0,0.0,0.0,1.0,1.0,0.0,0.0,0.0,0.0,NONE,0.0001061533251154,1418.71410889871,NONE
166,902.296073905721,22.9095267129068,21.4172144971274,21.4172144971274,21.4172144971274,21.4172144971274,618.598959600436,618.598959600436,618.598959600436,618.598959600436,0.953091662357069,24.7673627045742,2.38552959519829,321.033332692499,0.210333326924987,0.01313908731829,102.638908731829,45.9747057739319,0.0150964779982288,32.0009747116272,1159.78464943844,0.0093619399095133,0.05,0.0,27.1466705055803,-1.28556947597896,0.465101069023568,1.0,1.0,1.0,1.0,1.0,1.0,1.0,0.0,0.0,0.0,1.0,1.0,0.0,0.0,0.0,0.0,NONE,0.0001061533251154,1418.71410889871,NONE
167,902.296073905721,22.9095267129068,21.464289615794,21.464289615794,21.464289615794,21.464289615794,618.598959600436,618.598959600436,618.598959600436,618.598959600436,0.953091662357069,24.8325253478449,2.38552959519829,321.033332692499,0.210333326924987,0.01313908731829,102.638908731829,45.9747057739319,0.0150964779982288,32.0624454338223,1159.78464943844,0.0093619399095133,0.05,0.0,27.1465977994741,-1.28557291909001,0.465101069023568,1.0,1.0,1.0,1.0,1.0,1.0,1.0,0.0,0.0,0.0,1.0,1.0,0.0,0.0,0.0,0.0,NONE,0.0001061533251154,1418.71410889871,NONE
168,902.296073905721,22.9095267129068,21.5113982554617,21.5113982554617,21.5113982554617,21.5113982554617,618.598959600436,618.598959600436,618.598959600436,618.598959600436,0.953091662357069,24.8976752215824,2.38552959519829,321.033332692499,0.210333326924987,0.01313908731829,102.638908731829,45.9747057739319,0.0150964779982288,32.1236260424414,1159.78464943844,0.0093619399095133,0.05,0.0,27.1465250933679,-1.28557636221951,0.465101069023568,1.0,1.0,1.0,1.0,1.0,1.0,1.0,0.0,0.0,0.0,1.0,1.0,0.0,0.0,0.0,0.0,NONE,0.0001061533251154,1418.71410889871,NONE
169,902.296073905721,22.9095267129068,21.5585396575541,21.5585396575541,21.5585396575541,21.5585396575541,618.598959600436,618.598959600436,618.598959600436,618.598959600436,0.953091662357069,24.9628114066798,2.38552959519829,321.033332692499,0.210333326924987,0.01313908731829,102.638908731829,45.9747057739319,0.0150964779982288,32.1845188370624,1159.78464943844,0.0093619399095133,0.05,0.0,27.1464523872617,-1.28557980536744,0.465101069023568,1.0,1.0,1.0,1.0,1.0,1.0,1.0,0.0,0.0,0.0,1.0,1.0,0.0,0.0,0.0,0.0,NONE,0.0001061533251154,1418.71410889871,NONE
170,902.296073905721,22.9095267129068,21.6057130706639,21.6057130706639,21.6057130706639,21.6057130706639,618.598959600436,618.598959600436,618.598959600436,618.598959600436,0.953091662357069,25.027932994706,2.38552959519829,321.033332692499,0.210333326924987,0.01313908731829,102.638908731829,45.9747057739319,0.0150964779982288,32.2451260960511,1159.78464943844,0.0093619399095133,0.05,0.0,27.1463796811555,-1.28558324853382,0.465101069023568,1.0,1.0,1.0,1.0,1.0,1.0,1.0,0.0,0.0,0.0,1.0,1.0,0.0,0.0,0.0,0.0,NONE,0.0001061533251154,1418.71410889871,NONE
171,902.296073905721,22.9095267129068,21.6529177504855,21.6529177504855,21.6529177504855,21.6529177504855,618.598959600436,618.598959600436,618.598959600436,618.598959600436,0.953091662357069,25.0930390877998,2.38552959519829,321.033332692499,0.210333326924987,0.01313908731829,102.638908731829,45.9747057739319,0.0150964779982288,32.3054500767628,1159.78464943844,0.0093619399095133,0.05,0.0,27.1463069750493,-1.28558669171865,0.465101069023568,1.0,1.0,1.0,1.0,1.0,1.0,1.0,0.0,0.0,0.0,1.0,1.0,0.0,0.0,0.0,0.0,NONE,0.0001061533251154,1418.71410889871,NONE
172,902.296073905721,22.9095267129068,21.7001529597499,21.7001529597499,21.7001529597499,21.7001529597499,618.598959600436,618.598959600436,618.598959600436,618.598959600436,0.953091662357069,25.1581287985652,2.38552959519829,321.033332692499,0.210333326924987,0.01313908731829,102.638908731829,45.9747057739319,0.0150964779982288,32.3654930157416,1159.78464943844,0.0093619399095133,0.05,0.0,27.1462342689431,-1.28559013492191,0.465101069023568,1.0,1.0,1.0,1.0,1.0,1.0,1.0,0.0,0.0,0.0,1.0,1.0,0.0,0.0,0.0,0.0,NONE,0.0001061533251154,1418.71410889871,NONE
173,902.296073905721,22.9095267129068,21.7474179681592,21.7474179681592,21.7474179681592,21.7474179681592,618.598959600436,618.598959600436,618.598959600436,618.598959600436,0.953091662357069,25.2232012499676,2.38552959519829,321.033332692499,0.210333326924987,0.01313908731829,102.638908731829,45.9747057739319,0.0150964779982288,32.4252571289182,1159.78464943844,0.0093619399095133,0.05,0.0,27.1461615628369,-1.28559357814363,0.465101069023568,1.0,1.0,1.0,1.0,1.0,1.0,1.0,0.0,0.0,0.0,1.0,1.0,0.0,0.0,0.0,0.0,NONE,0.0001061533251154,1418.71410889871,NONE
174,902.296073905721,22.9095267129068,21.7947120523214,21.7947120523214,21.7947120523214,21.7947120523214,618.598959600436,618.598959600436,618.598959600436,618.598959600436,0.953091662357069,25.288255575231,2.38552959519829,321.033332692499,0.210333326924987,0.01313908731829,102.638908731829,45.9747057739319,0.0150964779982288,32.4847446118063,1159.78464943844,0.0093619399095133,0.05,0.0,27.1460888567307,-1.28559702138378,0.465101069023568,1.0,1.0,1.0,1.0,1.0,1.0,1.0,0.0,0.0,0.0,1.0,1.0,0.0,0.0,0.0,0.0,NONE,0.0001061533251154,1418.71410889871,NONE
175,902.296073905721,22.9095267129068,21.8420344956873,21.8420344956873,21.8420344956873,21.8420344956873,618.598959600436,618.598959600436,618.598959600436,618.598959600436,0.953091662357069,25.3532909177365,2.38552959519829,321.033332692499,0.210333326924987,0.01313908731829,102.638908731829,45.9747057739319,0.0150964779982288,32.5439576396958,1159.78464943844,0.0093619399095133,0.05,0.0,27.1460161506245,-1.28560046464238,0.465101069023568,1.0,1.0,1.0,1.0,1.0,1.0,1.0,0.0,0.0,0.0,1.0,1.0,0.0,0.0,0.0,0.0,NONE,0.0001061533251154,1418.71410889871,NONE
176,902.296073905721,22.9095267129068,21.8893845884862,21.8893845884862,21.8893845884862,21.8893845884862,618.598959600436,618.598959600436,618.598959600436,618.598959600436,0.953091662357069,25.4183064309212,2.38552959519829,321.033332692499,0.210333326924987,0.01313908731829,102.638908731829,45.9747057739319,0.0150964779982288,32.6028983678454,1159.78464943844,0.0093619399095133,0.05,0.0,27.1459434445183,-1.28560390791943,0.465101069023568,1.0,1.0,1.0,1.0,1.0,1.0,1.0,0.0,0.0,0.0,1.0,1.0,0.0,0.0,0.0,0.0,NONE,0.0001061533251154,1418.71410889871,NONE
177,902.296073905721,22.9095267129068,21.9367616276638,21.9367616276638,21.9367616276638,21.9367616276638,618.598959600436,618.598959600436,618.598959600436,618.598959600436,0.953091662357069,25.4833012781785,2.38552959519829,321.033332692499,0.210333326924987,0.01313908731829,102.638908731829,45.9747057739319,0.0150964779982288,32.6615689316726,1159.78464943844,0.0093619399095133,0.05,0.0,27.1458707384121,-1.28560735121492,0.465101069023568,1.0,1.0,1.0,1.0,1.0,1.0,1.0,0.0,0.0,0.0,1.0,1.0,0.0,0.0,0.0,0.0,NONE,0.0001061533251154,1418.71410889871,NONE
178,902.296073905721,22.9095267129068,21.9841649168193,21.9841649168193,21.9841649168193,21.9841649168193,618.598959600436,618.598959600436,618.598959600436,618.598959600436,0.953091662357069,25.5482746327595,2.38552959519829,321.033332692499,0.210333326924987,0.01313908731829,102.638908731829,45.9747057739319,0.0150964779982288,32.7199714469424,1159.78464943844,0.0093619399095133,0.05,0.0,27.1457980323059,-1.28561079452885,0.465101069023568,1.0,1.0,1.0,1.0,1.0,1.0,1.0,0.0,0.0,0.0,1.0,1.0,0.0,0.0,0.0,0.0,NONE,0.0001061533251154,1418.71410889871,NONE
179,902.296073905721,22.9095267129068,22.031593766144,22.031593766144,22.031593766144,22.031593766144,618.598959600436,618.598959600436,618.598959600436,618.598959600436,0.953091662357069,25.6132256776745,2.38552959519829,321.033332692499,0.210333326924987,0.01313908731829,102.638908731829,45.9747057739319,0.0150964779982288,32.778108009954,1159.78464943844,0.0093619399095133,0.05,0.0,27.1457253261997,-1.28561423786123,0.465101069023568,1.0,1.0,1.0,1.0,1.0,1.0,1.0,0.0,0.0,0.0,1.0,1.0,0.0,0.0,0.0,0.0,NONE,0.0001061533251154,1418.71410889871,NONE
180,902.296073905721,22.9095267129068,22.0790474923605,22.0790474923605,22.0790474923605,22.0790474923605,618.598959600436,618.598959600436,618.598959600436,618.598959600436,0.953091662357069,25.678153605597,2.38552959519829,321.033332692499,0.210333326924987,0.01313908731829,102.638908731829,45.9747057739319,0.0150964779982288,32.8359806977252,1159.78464943844,0.0093619399095133,0.05,0.0,27.1456526200935,-1.28561768121205,0.465101069023568,1.0,1.0,1.0,1.0,1.0,1.0,1.0,0.0,0.0,0.0,1.0,1.0,0.0,0.0,0.0,0.0,NONE,0.0001061533251154,1418.71410889871,NONE
181,902.296073905721,22.9095267129068,22.1265254186618,22.1265254186618,22.1265254186618,22.1265254186618,618.598959600436,618.598959600436,618.598959600436,618.598959600436,0.953091662357069,25.7430576187666,2.38552959519829,321.033332692499,0.210333326924987,0.01313908731829,102.638908731829,45.9747057739319,0.0150964779982288,32.8935915681761,1159.78464943844,0.0093619399095133,0.05,0.0,27.1455799139873,-1.28562112458132,0.465101069023568,1.0,1.0,1.0,1.0,1.0,1.0,1.0,0.0,0.0,0.0,1.0,1.0,0.0,0.0,0.0,0.0,NONE,0.0001061533251154,1418.71410889871,NONE
182,902.296073905721,22.9095267129068,22.1740268746513,22.1740268746513,22.1740268746513,22.1740268746513,618.598959600436,618.598959600436,618.598959600436,618.598959600436,0.953091662357069,25.8079369288947,2.38552959519829,321.033332692499,0.210333326924987,0.01313908731829,102.638908731829,45.9747057739319,0.0150964779982288,32.9509426603103,1159.78464943844,0.0093619399095133,0.05,0.0,27.1455072078811,-1.28562456796904,0.465101069023568,1.0,1.0,1.0,1.0,1.0,1.0,1.0,0.0,0.0,0.0,1.0,1.0,0.0,0.0,0.0,0.0,NONE,0.0001061533251154,1418.71410889871,NONE
183,902.296073905721,22.9095267129068,22.2215511962841,22.2215511962841,22.2215511962841,22.2215511962841,618.598959600436,618.598959600436,618.598959600436,618.598959600436,0.953091662357069,25.87279075707,2.38552959519829,321.033332692499,0.210333326924987,0.01313908731829,102.638908731829,45.9747057739319,0.0150964779982288,33.0080359943942,1159.78464943844,0.0093619399095133,0.05,0.0,27.1454345017749,-1.2856280113752,0.465101069023568,1.0,1.0,1.0,1.0,1.0,1.0,1.0,0.0,0.0,0.0,1.0,1.0,0.0,0.0,0.0,0.0,NONE,0.0001061533251154,1418.71410889871,NONE
184,902.296073905721,22.9095267129068,22.2690977258073,22.2690977258073,22.2690977258073,22.2690977258073,618.598959600436,618.598959600436,618.598959600436,618.598959600436,0.953091662357069,25.9376183336655,2.38552959519829,321.033332692499,0.210333326924987,0.01313908731829,102.638908731829,45.9747057739319,0.0150964779982288,33.0648735721352,1159.78464943844,0.0093619399095133,0.05,0.0,27.1453617956687,-1.2856314547998,0.465101069023568,1.0,1.0,1.0,1.0,1.0,1.0,1.0,0.0,0.0,0.0,1.0,1.0,0.0,0.0,0.0,0.0,NONE,0.0001061533251154,1418.71410889871,NONE
185,902.296073905721,22.9095267129068,22.3166658117024,22.3166658117024,22.3166658117024,22.3166658117024,618.598959600436,618.598959600436,618.598959600436,618.598959600436,0.953091662357069,26.0024188982457,2.38552959519829,321.033332692499,0.210333326924987,0.01313908731829,102.638908731829,45.9747057739319,0.0150964779982288,33.1214573768582,1159.78464943844,0.0093619399095133,0.05,0.0,27.1452890895625,-1.28563489824285,0.465101069023568,1.0,1.0,1.0,1.0,1.0,1.0,1.0,0.0,0.0,0.0,1.0,1.0,0.0,0.0,0.0,0.0,NONE,0.0001061533251154,1418.71410889871,NONE
186,902.296073905721,22.9095267129068,22.3642548086274,22.3642548086274,22.3642548086274,22.3642548086274,618.598959600436,618.598959600436,618.598959600436,618.598959600436,0.953091662357069,26.0671916994755,2.38552959519829,321.033332692499,0.210333326924987,0.01313908731829,102.638908731829,45.9747057739319,0.0150964779982288,33.1777893736795,1159.78464943844,0.0093619399095133,0.05,0.0,27.1452163834563,-1.28563834170435,0.465101069023568,1.0,1.0,1.0,1.0,1.0,1.0,1.0,0.0,0.0,0.0,1.0,1.0,0.0,0.0,0.0,0.0,NONE,0.0001061533251154,1418.71410889871,NONE
187,902.296073905721,22.9095267129068,22.4118640773596,22.4118640773596,22.4118640773596,22.4118640773596,618.598959600436,618.598959600436,618.598959600436,618.598959600436,0.953091662357069,26.1319359950294,2.38552959519829,321.033332692499,0.210333326924987,0.01313908731829,102.638908731829,45.9747057739319,0.0150964779982288,33.2338715096799,1159.78464943844,0.0093619399095133,0.05,0.0,27.1451436773501,-1.28564178518429,0.465101069023568,1.0,1.0,1.0,1.0,1.0,1.0,1.0,0.0,0.0,0.0,1.0,1.0,0.0,0.0,0.0,0.0,NONE,0.0001061533251154,1418.71410889871,NONE
188,902.296073905721,22.9095267129068,22.459492984739,22.459492984739,22.459492984739,22.459492984739,618.598959600436,618.598959600436,618.598959600436,618.598959600436,0.953091662357069,26.1966510515021,2.38552959519829,321.033332692499,0.210333326924987,0.01313908731829,102.638908731829,45.9747057739319,0.0150964779982288,33.2897057140763,1159.78464943844,0.0093619399095133,0.05,0.0,27.1450709712439,-1.28564522868268,0.465101069023568,1.0,1.0,1.0,1.0,1.0,1.0,1.0,0.0,0.0,0.0,1.0,1.0,0.0,0.0,0.0,0.0,NONE,0.0001061533251154,1418.71410889871,NONE
189,902.296073905721,22.9095267129068,22.5071409036121,22.5071409036121,22.5071409036121,22.5071409036121,618.598959600436,618.598959600436,618.598959600436,618.598959600436,0.953091662357069,26.2613361443192,2.38552959519829,321.033332692499,0.210333326924987,0.01313908731829,102.638908731829,45.9747057739319,0.0150964779982288,33.3452938983907,1159.78464943844,0.0093619399095133,0.05,0.0,27.1449982651377,-1.28564867219952,0.465101069023568,1.0,1.0,1.0,1.0,1.0,1.0,1.0,0.0,0.0,0.0,1.0,1.0,0.0,0.0,0.0,0.0,NONE,0.0001061533251154,1418.71410889871,NONE
190,902.296073905721,22.9095267129068,22.5548072127769,22.5548072127769,22.5548072127769,22.5548072127769,618.598959600436,618.598959600436,618.598959600436,618.598959600436,0.953091662357069,26.3259905576495,2.38552959519829,321.033332692499,0.210333326924987,0.01313908731829,102.638908731829,45.9747057739319,0.0150964779982288,33.4006379566186,1159.78464943844,0.0093619399095133,0.05,0.0,27.1449255590315,-1.2856521157348,0.465101069023568,1.0,1.0,1.0,1.0,1.0,1.0,1.0,0.0,0.0,0.0,1.0,1.0,0.0,0.0,0.0,0.0,NONE,0.0001061533251154,1418.71410889871,NONE
191,902.296073905721,22.9095267129068,22.6024912969269,22.6024912969269,22.6024912969269,22.6024912969269,618.598959600436,618.598959600436,618.598959600436,618.598959600436,0.953091662357069,26.3906135843178,2.38552959519829,321.033332692499,0.210333326924987,0.01313908731829,102.638908731829,45.9747057739319,0.0150964779982288,33.4557397653952,1159.78464943844,0.0093619399095133,0.05,0.0,27.1448528529253,-1.28565555928853,0.465101069023568,1.0,1.0,1.0,1.0,1.0,1.0,1.0,0.0,0.0,0.0,1.0,1.0,0.0,0.0,0.0,0.0,NONE,0.0001061533251154,1418.71410889871,NONE
192,902.296073905721,22.9095267129068,22.6501925465975,22.6501925465975,22.6501925465975,22.6501925465975,618.598959600436,618.598959600436,618.598959600436,618.598959600436,0.953091662357069,26.4552045257186,2.38552959519829,321.033332692499,0.210333326924987,0.01313908731829,102.638908731829,45.9747057739319,0.0150964779982288,33.51060118416,1159.78464943844,0.0093619399095133,0.05,0.0,27.1447801468191,-1.2856590028607,0.465101069023568,1.0,1.0,1.0,1.0,1.0,1.0,1.0,0.0,0.0,0.0,1.0,1.0,0.0,0.0,0.0,0.0,NONE,0.0001061533251154,1418.71410889871,NONE
193,902.296073905721,22.9095267129068,22.6979103581114,22.6979103581114,22.6979103581114,22.6979103581114,618.598959600436,618.598959600436,618.598959600436,618.598959600436,0.953091662357069,26.5197626917307,2.38552959519829,321.033332692499,0.210333326924987,0.01313908731829,102.638908731829,45.9747057739319,0.0150964779982288,33.5652240553202,1159.78464943844,0.0093619399095133,0.05,0.0,27.1447074407129,-1.28566244645133,0.465101069023568,1.0,1.0,1.0,1.0,1.0,1.0,1.0,0.0,0.0,0.0,1.0,1.0,0.0,0.0,0.0,0.0,NONE,0.0001061533251154,1418.71410889871,NONE
194,902.296073905721,22.9095267129068,22.7456441335257,22.7456441335257,22.7456441335257,22.7456441335257,618.598959600436,618.598959600436,618.598959600436,618.598959600436,0.953091662357069,26.5842874006323,2.38552959519829,321.033332692499,0.210333326924987,0.01313908731829,102.638908731829,45.9747057739319,0.0150964779982288,33.6196102044123,1159.78464943844,0.0093619399095133,0.05,0.0,27.1446347346067,-1.2856658900604,0.465101069023568,1.0,1.0,1.0,1.0,1.0,1.0,1.0,0.0,0.0,0.0,1.0,1.0,0.0,0.0,0.0,0.0,NONE,0.0001061533251154,1418.71410889871,NONE
195,902.296073905721,22.9095267129068,22.7933932805781,22.7933932805781,22.7933932805781,22.7933932805781,618.598959600436,618.598959600436,618.598959600436,618.598959600436,0.953091662357069,26.6487779790174,2.38552959519829,321.033332692499,0.210333326924987,0.01313908731829,102.638908731829,45.9747057739319,0.0150964779982288,33.6737614402621,1159.78464943844,0.0093619399095133,0.05,0.0,27.1445620285005,-1.28566933368791,0.465101069023568,1.0,1.0,1.0,1.0,1.0,1.0,1.0,0.0,0.0,0.0,1.0,1.0,0.0,0.0,0.0,0.0,NONE,0.0001061533251154,1418.71410889871,NONE
196,902.296073905721,22.9095267129068,22.8411572126353,22.8411572126353,22.8411572126353,22.8411572126353,618.598959600436,618.598959600436,618.598959600436,618.598959600436,0.953091662357069,26.7132337617129,2.38552959519829,321.033332692499,0.210333326924987,0.01313908731829,102.638908731829,45.9747057739319,0.0150964779982288,33.7276795551434,1159.78464943844,0.0093619399095133,0.05,0.0,27.1444893223943,-1.28567277733388,0.465101069023568,1.0,1.0,1.0,1.0,1.0,1.0,1.0,0.0,0.0,0.0,1.0,1.0,0.0,0.0,0.0,0.0,NONE,0.0001061533251154,1418.71410889871,NONE
197,902.296073905721,22.9095267129068,22.8889353486402,22.8889353486402,22.8889353486402,22.8889353486402,618.598959600436,618.598959600436,618.598959600436,618.598959600436,0.953091662357069,26.777654091696,2.38552959519829,321.033332692499,0.210333326924987,0.01313908731829,102.638908731829,45.9747057739319,0.0150964779982288,33.7813663249348,1159.78464943844,0.0093619399095133,0.05,0.0,27.1444166162881,-1.28567622099829,0.465101069023568,1.0,1.0,1.0,1.0,1.0,1.0,1.0,0.0,0.0,0.0,1.0,1.0,0.0,0.0,0.0,0.0,NONE,0.0001061533251154,1418.71410889871,NONE
198,902.296073905721,22.9095267129068,22.9367271130612,22.9367271130612,22.9367271130612,22.9367271130612,618.598959600436,618.598959600436,618.598959600436,618.598959600436,0.953091662357069,26.8420383200131,2.38552959519829,321.033332692499,0.210333326924987,0.01313908731829,102.638908731829,45.9747057739319,0.0150964779982288,33.8348235092757,1159.78464943844,0.0093619399095133,0.05,0.0,27.1443439101819,-1.28567966468115,0.465101069023568,1.0,1.0,1.0,1.0,1.0,1.0,1.0,0.0,0.0,0.0,1.0,1.0,0.0,0.0,0.0,0.0,NONE,0.0001061533251154,1418.71410889871,NONE
199,902.296073905721,22.9095267129068,22.9845319358403,22.9845319358403,22.9845319358403,22.9845319358403,618.598959600436,618.598959600436,618.598959600436,618.598959600436,0.953091662357069,26.9063858056991,2.38552959519829,321.033332692499,0.210333326924987,0.01313908731829,102.638908731829,45.9747057739319,0.0150964779982288,33.8880528517197,1159.78464943844,0.0093619399095133,0.05,0.0,27.1442712040757,-1.28568310838246,0.465101069023568,1.0,1.0,1.0,1.0,1.0,1.0,1.0,0.0,0.0,0.0,1.0,1.0,0.0,0.0,0.0,0.0,NONE,0.0001061533251154,1418.71410889871,NONE
200,902.296073905721,22.9095267129068,23.0323492523435,23.0323492523435,23.0323492523435,23.0323492523435,618.598959600436,618.598959600436,618.598959600436,618.598959600436,0.953091662357069,26.9706959156973,2.38552959519829,321.033332692499,0.210333326924987,0.01313908731829,102.638908731829,45.9747057739319,0.0150964779982288,33.9410560798879,1159.78464943844,0.0093619399095133,0.05,0.0,27.1441984979695,-1.28568655210221,0.465101069023568,1.0,1.0,1.0,1.0,1.0,1.0,1.0,0.0,0.0,0.0,1.0,1.0,0.0,0.0,0.0,0.0,NONE,0.0001061533251154,1418.71410889871,NONE
201,902.296073905721,22.9095267129068,23.08017850331,23.08017850331,23.08017850331,23.08017850331,618.598959600436,618.598959600436,618.598959600436,618.598959600436,0.953091662357069,27.0349680247808,2.38552959519829,321.033332692499,0.210333326924987,0.01313908731829,102.638908731829,45.9747057739319,0.0150964779982288,33.9938349056194,1159.78464943844,0.0093619399095133,0.05,0.0,27.1441257918633,-1.28568999584042,0.465101069023568,1.0,1.0,1.0,1.0,1.0,1.0,1.0,0.0,0.0,0.0,1.0,1.0,0.0,0.0,0.0,0.0,NONE,0.0001061533251154,1418.71410889871,NONE
202,902.296073905721,22.9095267129068,23.1280191348029,23.1280191348029,23.1280191348029,23.1280191348029,618.598959600436,618.598959600436,618.598959600436,618.598959600436,0.953091662357069,27.0992015154737,2.38552959519829,321.033332692499,0.210333326924987,0.01313908731829,102.638908731829,45.9747057739319,0.0150964779982288,34.0463910251214,1159.78464943844,0.0093619399095133,0.05,0.0,27.1440530857571,-1.28569343959707,0.465101069023568,1.0,1.0,1.0,1.0,1.0,1.0,1.0,0.0,0.0,0.0,1.0,1.0,0.0,0.0,0.0,0.0,NONE,0.0001061533251154,1418.71410889871,NONE
203,902.296073905721,22.9095267129068,23.1758705981602,23.1758705981602,23.1758705981602,23.1758705981602,618.598959600436,618.598959600436,618.598959600436,618.598959600436,0.953091662357069,27.1633957779736,2.38552959519829,321.033332692499,0.210333326924987,0.01313908731829,102.638908731829,45.9747057739319,0.0150964779982288,34.0987261191174,1159.78464943844,0.0093619399095133,0.05,0.0,27.1439803796509,-1.28569688337217,0.465101069023568,1.0,1.0,1.0,1.0,1.0,1.0,1.0,0.0,0.0,0.0,1.0,1.0,0.0,0.0,0.0,0.0,NONE,0.0001061533251154,1418.71410889871,NONE
204,902.296073905721,22.9095267129068,23.2237323499458,23.2237323499458,23.2237323499458,23.2237323499458,618.598959600436,618.598959600436,618.598959600436,618.598959600436,0.953091662357069,27.2275502100752,2.38552959519829,321.033332692499,0.210333326924987,0.01313908731829,102.638908731829,45.9747057739319,0.0150964779982288,34.1508418529939,1159.78464943844,0.0093619399095133,0.05,0.0,27.1439076735447,-1.28570032716572,0.465101069023568,1.0,1.0,1.0,1.0,1.0,1.0,1.0,0.0,0.0,0.0,1.0,1.0,0.0,0.0,0.0,0.0,NONE,0.0001061533251154,1418.71410889871,NONE
205,902.296073905721,22.9095267129068,23.2716038519018,23.2716038519018,23.2716038519018,23.2716038519018,618.598959600436,618.598959600436,618.598959600436,618.598959600436,0.953091662357069,27.2916642170938,2.38552959519829,321.033332692499,0.210333326924987,0.01313908731829,102.638908731829,45.9747057739319,0.0150964779982288,34.2027398769459,1159.78464943844,0.0093619399095133,0.05,0.0,27.1438349674385,-1.28570377097772,0.465101069023568,1.0,1.0,1.0,1.0,1.0,1.0,1.0,0.0,0.0,0.0,1.0,1.0,0.0,0.0,0.0,0.0,NONE,0.0001061533251154,1418.71410889871,NONE
206,902.296073905721,22.9095267129068,23.3194845709003,23.3194845709003,23.3194845709003,23.3194845709003,618.598959600436,618.598959600436,618.598959600436,618.598959600436,0.953091662357069,27.35573721179,2.38552959519829,321.033332692499,0.210333326924987,0.01313908731829,102.638908731829,45.9747057739319,0.0150964779982288,34.2544218261208,1159.78464943844,0.0093619399095133,0.05,0.0,27.1437622613323,-1.28570721480816,0.465101069023568,1.0,1.0,1.0,1.0,1.0,1.0,1.0,0.0,0.0,0.0,1.0,1.0,0.0,0.0,0.0,0.0,NONE,0.0001061533251154,1418.71410889871,NONE
207,902.296073905721,22.9095267129068,23.3673739788962,23.3673739788962,23.3673739788962,23.3673739788962,618.598959600436,618.598959600436,618.598959600436,618.598959600436,0.953091662357069,27.4197686142952,2.38552959519829,321.033332692499,0.210333326924987,0.01313908731829,102.638908731829,45.9747057739319,0.0150964779982288,34.3058893207616,1159.78464943844,0.0093619399095133,0.05,0.0,27.1436895552261,-1.28571065865706,0.465101069023568,1.0,1.0,1.0,1.0,1.0,1.0,1.0,0.0,0.0,0.0,1.0,1.0,0.0,0.0,0.0,0.0,NONE,0.0001061533251154,1418.71410889871,NONE
208,902.296073905721,22.9095267129068,23.4152715528806,23.4152715528806,23.4152715528806,23.4152715528806,618.598959600436,618.598959600436,618.598959600436,618.598959600436,0.953091662357069,27.4837578520377,2.38552959519829,321.033332692499,0.210333326924987,0.01313908731829,102.638908731829,45.9747057739319,0.0150964779982288,34.3571439663476,1159.78464943844,0.0093619399095133,0.05,0.0,27.1436168491199,-1.2857141025244,0.465101069023568,1.0,1.0,1.0,1.0,1.0,1.0,1.0,0.0,0.0,0.0,1.0,1.0,0.0,0.0,0.0,0.0,NONE,0.0001061533251154,1418.71410889871,NONE
209,902.296073905721,22.9095267129068,23.4631767748341,23.4631767748341,23.4631767748341,23.4631767748341,618.598959600436,618.598959600436,618.598959600436,618.598959600436,0.953091662357069,27.5477043596697,2.38552959519829,321.033332692499,0.210333326924987,0.01313908731829,102.638908731829,45.9747057739319,0.0150964779982288,34.4081873537345,1159.78464943844,0.0093619399095133,0.05,0.0,27.1435441430137,-1.2857175464102,0.465101069023568,1.0,1.0,1.0,1.0,1.0,1.0,1.0,0.0,0.0,0.0,1.0,1.0,0.0,0.0,0.0,0.0,NONE,0.0001061533251154,1418.71410889871,NONE
210,902.296073905721,22.9095267129068,23.511089131681,23.511089131681,23.511089131681,23.511089131681,618.598959600436,618.598959600436,618.598959600436,618.598959600436,0.953091662357069,27.6116075789942,2.38552959519829,321.033332692499,0.210333326924987,0.01313908731829,102.638908731829,45.9747057739319,0.0150964779982288,34.4590210592934,1159.78464943844,0.0093619399095133,0.05,0.0,27.1434714369075,-1.28572099031444,0.465101069023568,1.0,1.0,1.0,1.0,1.0,1.0,1.0,0.0,0.0,0.0,1.0,1.0,0.0,0.0,0.0,0.0,NONE,0.0001061533251154,1418.71410889871,NONE
211,902.296073905721,22.9095267129068,23.5590081152436,23.5590081152436,23.5590081152436,23.5590081152436,618.598959600436,618.598959600436,618.598959600436,618.598959600436,0.953091662357069,27.675466958894,2.38552959519829,321.033332692499,0.210333326924987,0.01313908731829,102.638908731829,45.9747057739319,0.0150964779982288,34.5096466450477,1159.78464943844,0.0093619399095133,0.05,0.0,27.1433987308013,-1.28572443423714,0.465101069023568,1.0,1.0,1.0,1.0,1.0,1.0,1.0,0.0,0.0,0.0,1.0,1.0,0.0,0.0,0.0,0.0,NONE,0.0001061533251154,1418.71410889871,NONE
212,902.296073905721,22.9095267129068,23.6069332221972,23.6069332221972,23.6069332221972,23.6069332221972,618.598959600436,618.598959600436,618.598959600436,618.598959600436,0.953091662357069,27.7392819552602,2.38552959519829,321.033332692499,0.210333326924987,0.01313908731829,102.638908731829,45.9747057739319,0.0150964779982288,34.5600656588092,1159.78464943844,0.0093619399095133,0.05,0.0,27.1433260246951,-1.28572787817828,0.465101069023568,1.0,1.0,1.0,1.0,1.0,1.0,1.0,0.0,0.0,0.0,1.0,1.0,0.0,0.0,0.0,0.0,NONE,0.0001061533251154,1418.71410889871,NONE
213,902.296073905721,22.9095267129068,23.6548639540257,23.6548639540257,23.6548639540257,23.6548639540257,618.598959600436,618.598959600436,618.598959600436,618.598959600436,0.953091662357069,27.8030520309218,2.38552959519829,321.033332692499,0.210333326924987,0.01313908731829,102.638908731829,45.9747057739319,0.0150964779982288,34.6102796343129,1159.78464943844,0.0093619399095133,0.05,0.0,27.1432533185889,-1.28573132213787,0.465101069023568,1.0,1.0,1.0,1.0,1.0,1.0,1.0,0.0,0.0,0.0,1.0,1.0,0.0,0.0,0.0,0.0,NONE,0.0001061533251154,1418.71410889871,NONE
214,902.296073905721,22.9095267129068,23.7027998169765,23.7027998169765,23.7027998169765,23.7027998169765,618.598959600436,618.598959600436,618.598959600436,618.598959600436,0.953091662357069,27.8667766555762,2.38552959519829,321.033332692499,0.210333326924987,0.01313908731829,102.638908731829,45.9747057739319,0.0150964779982288,34.6602900913502,1159.78464943844,0.0093619399095133,0.05,0.0,27.1431806124827,-1.28573476611592,0.465101069023568,1.0,1.0,1.0,1.0,1.0,1.0,1.0,0.0,0.0,0.0,1.0,1.0,0.0,0.0,0.0,0.0,NONE,0.0001061533251154,1418.71410889871,NONE
215,902.296073905721,22.9095267129068,23.7507403220177,23.7507403220177,23.7507403220177,23.7507403220177,618.598959600436,618.598959600436,618.598959600436,618.598959600436,0.953091662357069,27.93045530572,2.38552959519829,321.033332692499,0.210333326924987,0.01313908731829,102.638908731829,45.9747057739319,0.0150964779982288,34.7100985359013,1159.78464943844,0.0093619399095133,0.05,0.0,27.1431079063765,-1.28573821011241,0.465101069023568,1.0,1.0,1.0,1.0,1.0,1.0,1.0,0.0,0.0,0.0,1.0,1.0,0.0,0.0,0.0,0.0,NONE,0.0001061533251154,1418.71410889871,NONE
216,902.296073905721,22.9095267129068,23.7986849847939,23.7986849847939,23.7986849847939,23.7986849847939,618.598959600436,618.598959600436,618.598959600436,618.598959600436,0.953091662357069,27.9940874645805,2.38552959519829,321.033332692499,0.210333326924987,0.01313908731829,102.638908731829,45.9747057739319,0.0150964779982288,34.7597064602658,1159.78464943844,0.0093619399095133,0.05,0.0,27.1430352002703,-1.28574165412735,0.465101069023568,1.0,1.0,1.0,1.0,1.0,1.0,1.0,0.0,0.0,0.0,1.0,1.0,0.0,0.0,0.0,0.0,NONE,0.0001061533251154,1418.71410889871,NONE
217,902.296073905721,22.9095267129068,23.8466333255834,23.8466333255834,23.8466333255834,23.8466333255834,618.598959600436,618.598959600436,618.598959600436,618.598959600436,0.953091662357069,28.0576726220485,2.38552959519829,321.033332692499,0.210333326924987,0.01313908731829,102.638908731829,45.9747057739319,0.0150964779982288,34.8091153431925,1159.78464943844,0.0093619399095133,0.05,0.0,27.1429624941641,-1.28574509816075,0.465101069023568,1.0,1.0,1.0,1.0,1.0,1.0,1.0,0.0,0.0,0.0,1.0,1.0,0.0,0.0,0.0,0.0,NONE,0.0001061533251154,1418.71410889871,NONE
218,902.296073905721,22.9095267129068,23.8945848692556,23.8945848692556,23.8945848692556,23.8945848692556,618.598959600436,618.598959600436,618.598959600436,618.598959600436,0.953091662357069,28.1212102746107,2.38552959519829,321.033332692499,0.210333326924987,0.01313908731829,102.638908731829,45.9747057739319,0.0150964779982288,34.8583266500076,1159.78464943844,0.0093619399095133,0.05,0.0,27.1428897880579,-1.28574854221259,0.465101069023568,1.0,1.0,1.0,1.0,1.0,1.0,1.0,0.0,0.0,0.0,1.0,1.0,0.0,0.0,0.0,0.0,NONE,0.0001061533251154,1418.71410889871,NONE
219,902.296073905721,22.9095267129068,23.9425391452288,23.9425391452288,23.9425391452288,23.9425391452288,618.598959600436,618.598959600436,618.598959600436,618.598959600436,0.953091662357069,28.1846999252834,2.38552959519829,321.033332692499,0.210333326924987,0.01313908731829,102.638908731829,45.9747057739319,0.0150964779982288,34.9073418327423,1159.78464943844,0.0093619399095133,0.05,0.0,27.1428170819517,-1.28575198628289,0.465101069023568,1.0,1.0,1.0,1.0,1.0,1.0,1.0,0.0,0.0,0.0,1.0,1.0,0.0,0.0,0.0,0.0,NONE,0.0001061533251154,1418.71410889871,NONE
220,902.296073905721,22.9095267129068,23.9904956874286,23.9904956874286,23.9904956874286,23.9904956874286,618.598959600436,618.598959600436,618.598959600436,618.598959600436,0.953091662357069,28.2481410835471,2.38552959519829,321.033332692499,0.210333326924987,0.01313908731829,102.638908731829,45.9747057739319,0.0150964779982288,34.9561623302582,1159.78464943844,0.0093619399095133,0.05,0.0,27.1427443758455,-1.28575543037164,0.465101069023568,1.0,1.0,1.0,1.0,1.0,1.0,1.0,0.0,0.0,0.0,1.0,1.0,0.0,0.0,0.0,0.0,NONE,0.0001061533251154,1418.71410889871,NONE
221,902.296073905721,22.9095267129068,24.0384540342457,24.0384540342457,24.0384540342457,24.0384540342457,618.598959600436,618.598959600436,618.598959600436,618.598959600436,0.953091662357069,28.311533265281,2.38552959519829,321.033332692499,0.210333326924987,0.01313908731829,102.638908731829,45.9747057739319,0.0150964779982288,35.0047895683721,1159.78464943844,0.0093619399095133,0.05,0.0,27.1426716697393,-1.28575887447883,0.465101069023568,1.0,1.0,1.0,1.0,1.0,1.0,1.0,0.0,0.0,0.0,1.0,1.0,0.0,0.0,0.0,0.0,NONE,0.0001061533251154,1418.71410889871,NONE
222,902.296073905721,22.9095267129068,24.0864137284957,24.0864137284957,24.0864137284957,24.0864137284957,618.598959600436,618.598959600436,618.598959600436,618.598959600436,0.953091662357069,28.3748759926985,2.38552959519829,321.033332692499,0.210333326924987,0.01313908731829,102.638908731829,45.9747057739319,0.0150964779982288,35.0532249599801,1159.78464943844,0.0093619399095133,0.05,0.0,27.1425989636331,-1.28576231860448,0.465101069023568,1.0,1.0,1.0,1.0,1.0,1.0,1.0,0.0,0.0,0.0,1.0,1.0,0.0,0.0,0.0,0.0,NONE,0.0001061533251154,1418.71410889871,NONE
223,902.296073905721,22.9095267129068,24.1343743173782,24.1343743173782,24.1343743173782,24.1343743173782,618.598959600436,618.598959600436,618.598959600436,618.598959600436,0.953091662357069,28.4381687942836,2.38552959519829,321.033332692499,0.210333326924987,0.01313908731829,102.638908731829,45.9747057739319,0.0150964779982288,35.1014699051793,1159.78464943844,0.0093619399095133,0.05,0.0,27.1425262575269,-1.28576576274858,0.465101069023568,1.0,1.0,1.0,1.0,1.0,1.0,1.0,0.0,0.0,0.0,1.0,1.0,0.0,0.0,0.0,0.0,NONE,0.0001061533251154,1418.71410889871,NONE
224,902.296073905721,22.9095267129068,24.1823353524361,24.1823353524361,24.1823353524361,24.1823353524361,618.598959600436,618.598959600436,618.598959600436,618.598959600436,0.953091662357069,28.5014112047274,2.38552959519829,321.033332692499,0.210333326924987,0.01313908731829,102.638908731829,45.9747057739319,0.0150964779982288,35.1495257913894,1159.78464943844,0.0093619399095133,0.05,0.0,27.1424535514207,-1.28576920691114,0.465101069023568,1.0,1.0,1.0,1.0,1.0,1.0,1.0,0.0,0.0,0.0,1.0,1.0,0.0,0.0,0.0,0.0,NONE,0.0001061533251154,1418.71410889871,NONE
225,902.296073905721,22.9095267129068,24.2302963895163,24.2302963895163,24.2302963895163,24.2302963895163,618.598959600436,618.598959600436,618.598959600436,618.598959600436,0.953091662357069,28.5646027648656,2.38552959519829,321.033332692499,0.210333326924987,0.01313908731829,102.638908731829,45.9747057739319,0.0150964779982288,35.1973939934726,1159.78464943844,0.0093619399095133,0.05,0.0,27.1423808453145,-1.28577265109214,0.465101069023568,1.0,1.0,1.0,1.0,1.0,1.0,1.0,0.0,0.0,0.0,1.0,1.0,0.0,0.0,0.0,0.0,NONE,0.0001061533251154,1418.71410889871,NONE
226,902.296073905721,22.9095267129068,24.2782569887299,24.2782569887299,24.2782569887299,24.2782569887299,618.598959600436,618.598959600436,618.598959600436,618.598959600436,0.953091662357069,28.6277430216163,2.38552959519829,321.033332692499,0.210333326924987,0.01313908731829,102.638908731829,45.9747057739319,0.0150964779982288,35.2450758738525,1159.78464943844,0.0093619399095133,0.05,0.0,27.1423081392083,-1.28577609529159,0.465101069023568,1.0,1.0,1.0,1.0,1.0,1.0,1.0,0.0,0.0,0.0,1.0,1.0,0.0,0.0,0.0,0.0,NONE,0.0001061533251154,1418.71410889871,NONE
227,902.296073905721,22.9095267129068,24.3262167144129,24.3262167144129,24.3262167144129,24.3262167144129,618.598959600436,618.598959600436,618.598959600436,618.598959600436,0.953091662357069,28.6908315279188,2.38552959519829,321.033332692499,0.210333326924987,0.01313908731829,102.638908731829,45.9747057739319,0.0150964779982288,35.2925727826319,1159.78464943844,0.0093619399095133,0.05,0.0,27.1422354331021,-1.2857795395095,0.465101069023568,1.0,1.0,1.0,1.0,1.0,1.0,1.0,0.0,0.0,0.0,1.0,1.0,0.0,0.0,0.0,0.0,NONE,0.0001061533251154,1418.71410889871,NONE
228,902.296073905721,22.9095267129068,24.3741751350877,24.3741751350877,24.3741751350877,24.3741751350877,618.598959600436,618.598959600436,618.598959600436,618.598959600436,0.953091662357069,28.7538678426726,2.38552959519829,321.033332692499,0.210333326924987,0.01313908731829,102.638908731829,45.9747057739319,0.0150964779982288,35.3398860577094,1159.78464943844,0.0093619399095133,0.05,0.0,27.1421627269959,-1.28578298374586,0.465101069023568,1.0,1.0,1.0,1.0,1.0,1.0,1.0,0.0,0.0,0.0,1.0,1.0,0.0,0.0,0.0,0.0,NONE,0.0001061533251154,1418.71410889871,NONE
229,902.296073905721,22.9095267129068,24.4221318234246,24.4221318234246,24.4221318234246,24.4221318234246,618.598959600436,618.598959600436,618.598959600436,618.598959600436,0.953091662357069,28.8168515306771,2.38552959519829,321.033332692499,0.210333326924987,0.01313908731829,102.638908731829,45.9747057739319,0.0150964779982288,35.387017024895,1159.78464943844,0.0093619399095133,0.05,0.0,27.1420900208897,-1.28578642800067,0.465101069023568,1.0,1.0,1.0,1.0,1.0,1.0,1.0,0.0,0.0,0.0,1.0,1.0,0.0,0.0,0.0,0.0,NONE,0.0001061533251154,1418.71410889871,NONE
230,902.296073905721,22.9095267129068,24.4700863562035,24.4700863562035,24.4700863562035,24.4700863562035,618.598959600436,618.598959600436,618.598959600436,618.598959600436,0.953091662357069,28.879782162572,2.38552959519829,321.033332692499,0.210333326924987,0.01313908731829,102.638908731829,45.9747057739319,0.0150964779982288,35.4339669980246,1159.78464943844,0.0093619399095133,0.05,0.0,27.1420173147835,-1.28578987227394,0.465101069023568,1.0,1.0,1.0,1.0,1.0,1.0,1.0,0.0,0.0,0.0,1.0,1.0,0.0,0.0,0.0,0.0,NONE,0.0001061533251154,1418.71410889871,NONE
231,902.296073905721,22.9095267129068,24.5180383142767,24.5180383142767,24.5180383142767,24.5180383142767,618.598959600436,618.598959600436,618.598959600436,618.598959600436,0.953091662357069,28.9426593147782,2.38552959519829,321.033332692499,0.210333326924987,0.01313908731829,102.638908731829,45.9747057739319,0.0150964779982288,35.4807372790728,1159.78464943844,0.0093619399095133,0.05,0.0,27.1419446086773,-1.28579331656566,0.465101069023568,1.0,1.0,1.0,1.0,1.0,1.0,1.0,0.0,0.0,0.0,1.0,1.0,0.0,0.0,0.0,0.0,NONE,0.0001061533251154,1418.71410889871,NONE
232,902.296073905721,22.9095267129068,24.5659872825311,24.5659872825311,24.5659872825311,24.5659872825311,618.598959600436,618.598959600436,618.598959600436,618.598959600436,0.953091662357069,29.0054825694394,2.38552959519829,321.033332692499,0.210333326924987,0.01313908731829,102.638908731829,45.9747057739319,0.0150964779982288,35.527329158266,1159.78464943844,0.0093619399095133,0.05,0.0,27.1418719025711,-1.28579676087583,0.465101069023568,1.0,1.0,1.0,1.0,1.0,1.0,1.0,0.0,0.0,0.0,1.0,1.0,0.0,0.0,0.0,0.0,NONE,0.0001061533251154,1418.71410889871,NONE
233,902.296073905721,22.9095267129068,24.6139328498512,24.6139328498512,24.6139328498512,24.6139328498512,618.598959600436,618.598959600436,618.598959600436,618.598959600436,0.953091662357069,29.0682515143639,2.38552959519829,321.033332692499,0.210333326924987,0.01313908731829,102.638908731829,45.9747057739319,0.0150964779982288,35.5737439141929,1159.78464943844,0.0093619399095133,0.05,0.0,27.1417991964649,-1.28580020520445,0.465101069023568,1.0,1.0,1.0,1.0,1.0,1.0,1.0,0.0,0.0,0.0,1.0,1.0,0.0,0.0,0.0,0.0,NONE,0.0001061533251154,1418.71410889871,NONE
234,902.296073905721,22.9095267129068,24.6618746090829,24.6618746090829,24.6618746090829,24.6618746090829,618.598959600436,618.598959600436,618.598959600436,618.598959600436,0.953091662357069,29.1309657429674,2.38552959519829,321.033332692499,0.210333326924987,0.01313908731829,102.638908731829,45.9747057739319,0.0150964779982288,35.6199828139147,1159.78464943844,0.0093619399095133,0.05,0.0,27.1417264903587,-1.28580364955153,0.465101069023568,1.0,1.0,1.0,1.0,1.0,1.0,1.0,0.0,0.0,0.0,1.0,1.0,0.0,0.0,0.0,0.0,NONE,0.0001061533251154,1418.71410889871,NONE
235,902.296073905721,22.9095267129068,24.7098121569967,24.7098121569967,24.7098121569967,24.7098121569967,618.598959600436,618.598959600436,618.598959600436,618.598959600436,0.953091662357069,29.1936248542159,2.38552959519829,321.033332692499,0.210333326924987,0.01313908731829,102.638908731829,45.9747057739319,0.0150964779982288,35.6660471130747,1159.78464943844,0.0093619399095133,0.05,0.0,27.1416537842525,-1.28580709391705,0.465101069023568,1.0,1.0,1.0,1.0,1.0,1.0,1.0,0.0,0.0,0.0,1.0,1.0,0.0,0.0,0.0,0.0,NONE,0.0001061533251154,1418.71410889871,NONE
236,902.296073905721,22.9095267129068,24.7577450942521,24.7577450942521,24.7577450942521,24.7577450942521,618.598959600436,618.598959600436,618.598959600436,618.598959600436,0.953091662357069,29.25622845257,2.38552959519829,321.033332692499,0.210333326924987,0.01313908731829,102.638908731829,45.9747057739319,0.0150964779982288,35.7119380560055,1159.78464943844,0.0093619399095133,0.05,0.0,27.1415810781463,-1.28581053830104,0.465101069023568,1.0,1.0,1.0,1.0,1.0,1.0,1.0,0.0,0.0,0.0,1.0,1.0,0.0,0.0,0.0,0.0,NONE,0.0001061533251154,1418.71410889871,NONE
237,902.296073905721,22.9095267129068,24.8056730253616,24.8056730253616,24.8056730253616,24.8056730253616,618.598959600436,618.598959600436,618.598959600436,618.598959600436,0.953091662357069,29.3187761479283,2.38552959519829,321.033332692499,0.210333326924987,0.01313908731829,102.638908731829,45.9747057739319,0.0150964779982288,35.7576568758366,1159.78464943844,0.0093619399095133,0.05,0.0,27.1415083720401,-1.28581398270347,0.465101069023568,1.0,1.0,1.0,1.0,1.0,1.0,1.0,0.0,0.0,0.0,1.0,1.0,0.0,0.0,0.0,0.0,NONE,0.0001061533251154,1418.71410889871,NONE
238,902.296073905721,22.9095267129068,24.8535955586558,24.8535955586558,24.8535955586558,24.8535955586558,618.598959600436,618.598959600436,618.598959600436,618.598959600436,0.953091662357069,29.381267555573,2.38552959519829,321.033332692499,0.210333326924987,0.01313908731829,102.638908731829,45.9747057739319,0.0150964779982288,35.8032047946003,1159.78464943844,0.0093619399095133,0.05,0.0,27.1414356659339,-1.28581742712436,0.465101069023568,1.0,1.0,1.0,1.0,1.0,1.0,1.0,0.0,0.0,0.0,1.0,1.0,0.0,0.0,0.0,0.0,NONE,0.0001061533251154,1418.71410889871,NONE
239,902.296073905721,22.9095267129068,24.9015123062481,24.9015123062481,24.9015123062481,24.9015123062481,618.598959600436,618.598959600436,618.598959600436,618.598959600436,0.953091662357069,29.4437022961148,2.38552959519829,321.033332692499,0.210333326924987,0.01313908731829,102.638908731829,45.9747057739319,0.0150964779982288,35.8485830233362,1159.78464943844,0.0093619399095133,0.05,0.0,27.1413629598277,-1.28582087156371,0.465101069023568,1.0,1.0,1.0,1.0,1.0,1.0,1.0,0.0,0.0,0.0,1.0,1.0,0.0,0.0,0.0,0.0,NONE,0.0001061533251154,1418.71410889871,NONE
240,902.296073905721,22.9095267129068,24.9494228840005,24.9494228840005,24.9494228840005,24.9494228840005,618.598959600436,618.598959600436,618.598959600436,618.598959600436,0.953091662357069,29.5060799954387,2.38552959519829,321.033332692499,0.210333326924987,0.01313908731829,102.638908731829,45.9747057739319,0.0150964779982288,35.893792762196,1159.78464943844,0.0093619399095133,0.05,0.0,27.1412902537215,-1.2858243160215,0.465101069023568,1.0,1.0,1.0,1.0,1.0,1.0,1.0,0.0,0.0,0.0,1.0,1.0,0.0,0.0,0.0,0.0,NONE,0.0001061533251154,1418.71410889871,NONE
241,902.296073905721,22.9095267129068,24.9973269114888,24.9973269114888,24.9973269114888,24.9973269114888,618.598959600436,618.598959600436,618.598959600436,618.598959600436,0.953091662357069,29.5684002846508,2.38552959519829,321.033332692499,0.210333326924987,0.01313908731829,102.638908731829,45.9747057739319,0.0150964779982288,35.9388352005454,1159.78464943844,0.0093619399095133,0.05,0.0,27.1412175476153,-1.28582776049775,0.465101069023568,1.0,1.0,1.0,1.0,1.0,1.0,1.0,0.0,0.0,0.0,1.0,1.0,0.0,0.0,0.0,0.0,NONE,0.0001061533251154,1418.71410889871,NONE
242,902.296073905721,22.9095267129068,25.0452240119688,25.0452240119688,25.0452240119688,25.0452240119688,618.598959600436,618.598959600436,618.598959600436,618.598959600436,0.953091662357069,29.6306628000247,2.38552959519829,321.033332692499,0.210333326924987,0.01313908731829,102.638908731829,45.9747057739319,0.0150964779982288,35.983711517067,1159.78464943844,0.0093619399095133,0.05,0.0,27.1411448415091,-1.28583120499246,0.465101069023568,1.0,1.0,1.0,1.0,1.0,1.0,1.0,0.0,0.0,0.0,1.0,1.0,0.0,0.0,0.0,0.0,NONE,0.0001061533251154,1418.71410889871,NONE
243,902.296073905721,22.9095267129068,25.0931138123427,25.0931138123427,25.0931138123427,25.0931138123427,618.598959600436,618.598959600436,618.598959600436,618.598959600436,0.953091662357069,29.6928671829492,2.38552959519829,321.033332692499,0.210333326924987,0.01313908731829,102.638908731829,45.9747057739319,0.0150964779982288,36.0284228798609,1159.78464943844,0.0093619399095133,0.05,0.0,27.1410721354029,-1.28583464950562,0.465101069023568,1.0,1.0,1.0,1.0,1.0,1.0,1.0,0.0,0.0,0.0,1.0,1.0,0.0,0.0,0.0,0.0,NONE,0.0001061533251154,1418.71410889871,NONE
244,902.296073905721,22.9095267129068,25.1409959431258,25.1409959431258,25.1409959431258,25.1409959431258,618.598959600436,618.598959600436,618.598959600436,618.598959600436,0.953091662357069,29.7550130798763,2.38552959519829,321.033332692499,0.210333326924987,0.01313908731829,102.638908731829,45.9747057739319,0.0150964779982288,36.0729704465447,1159.78464943844,0.0093619399095133,0.05,0.0,27.1409994292967,-1.28583809403723,0.465101069023568,1.0,1.0,1.0,1.0,1.0,1.0,1.0,0.0,0.0,0.0,1.0,1.0,0.0,0.0,0.0,0.0,NONE,0.0001061533251154,1418.71410889871,NONE
245,902.296073905721,22.9095267129068,25.1888700384134,25.1888700384134,25.1888700384134,25.1888700384134,618.598959600436,618.598959600436,618.598959600436,618.598959600436,0.953091662357069,29.8171001422695,2.38552959519829,321.033332692499,0.210333326924987,0.01313908731829,102.638908731829,45.9747057739319,0.0150964779982288,36.1173553643527,1159.78464943844,0.0093619399095133,0.05,0.0,27.1409267231905,-1.2858415385873,0.465101069023568,1.0,1.0,1.0,1.0,1.0,1.0,1.0,0.0,0.0,0.0,1.0,1.0,0.0,0.0,0.0,0.0,NONE,0.0001061533251154,1418.71410889871,NONE
246,902.296073905721,22.9095267129068,25.2367357358478,25.2367357358478,25.2367357358478,25.2367357358478,618.598959600436,618.598959600436,618.598959600436,618.598959600436,0.953091662357069,29.8791280265527,2.38552959519829,321.033332692499,0.210333326924987,0.01313908731829,102.638908731829,45.9747057739319,0.0150964779982288,36.161578770234,1159.78464943844,0.0093619399095133,0.05,0.0,27.1408540170843,-1.28584498315583,0.465101069023568,1.0,1.0,1.0,1.0,1.0,1.0,1.0,0.0,0.0,0.0,1.0,1.0,0.0,0.0,0.0,0.0,NONE,0.0001061533251154,1418.71410889871,NONE
247,902.296073905721,22.9095267129068,25.2845926765863,25.2845926765863,25.2845926765863,25.2845926765863,618.598959600436,618.598959600436,618.598959600436,618.598959600436,0.953091662357069,29.9410963940596,2.38552959519829,321.033332692499,0.210333326924987,0.01313908731829,102.638908731829,45.9747057739319,0.0150964779982288,36.20564179095,1159.78464943844,0.0093619399095133,0.05,0.0,27.140781310978,-1.28584842774281,0.465101069023568,1.0,1.0,1.0,1.0,1.0,1.0,1.0,0.0,0.0,0.0,1.0,1.0,0.0,0.0,0.0,0.0,NONE,0.0001061533251154,1418.71410889871,NONE
248,902.296073905721,22.9095267129068,25.3324405052689,25.3324405052689,25.3324405052689,25.3324405052689,618.598959600436,618.598959600436,618.598959600436,618.598959600436,0.953091662357069,30.0030049109838,2.38552959519829,321.033332692499,0.210333326924987,0.01313908731829,102.638908731829,45.9747057739319,0.0150964779982288,36.2495455431699,1159.78464943844,0.0093619399095133,0.05,0.0,27.1407086048718,-1.28585187234824,0.465101069023568,1.0,1.0,1.0,1.0,1.0,1.0,1.0,0.0,0.0,0.0,1.0,1.0,0.0,0.0,0.0,0.0,NONE,0.0001061533251154,1418.71410889871,NONE
249,902.296073905721,22.9095267129068,25.3802788699865,25.3802788699865,25.3802788699865,25.3802788699865,618.598959600436,618.598959600436,618.598959600436,618.598959600436,0.953091662357069,30.0648532483291,2.38552959519829,321.033332692499,0.210333326924987,0.01313908731829,102.638908731829,45.9747057739319,0.0150964779982288,36.2932911335669,1159.78464943844,0.0093619399095133,0.05,0.0,27.1406358987656,-1.28585531697213,0.465101069023568,1.0,1.0,1.0,1.0,1.0,1.0,1.0,0.0,0.0,0.0,1.0,1.0,0.0,0.0,0.0,0.0,NONE,0.0001061533251154,1418.71410889871,NONE
250,902.296073905721,22.9095267129068,25.4281074222491,25.4281074222491,25.4281074222491,25.4281074222491,618.598959600436,618.598959600436,618.598959600436,618.598959600436,0.953091662357069,30.1266410818605,2.38552959519829,321.033332692499,0.210333326924987,0.01313908731829,102.638908731829,45.9747057739319,0.0150964779982288,36.3368796589124,1159.78464943844,0.0093619399095133,0.05,0.0,27.1405631926594,-1.28585876161448,0.465101069023568,1.0,1.0,1.0,1.0,1.0,1.0,1.0,0.0,0.0,0.0,1.0,1.0,0.0,0.0,0.0,0.0,NONE,0.0001061533251154,1418.71410889871,NONE
251,902.296073905721,22.9095267129068,25.4759258169552,25.4759258169552,25.4759258169552,25.4759258169552,618.598959600436,618.598959600436,618.598959600436,618.598959600436,0.953091662357069,30.1883680920552,2.38552959519829,321.033332692499,0.210333326924987,0.01313908731829,102.638908731829,45.9747057739319,0.0150964779982288,36.3803122061692,1159.78464943844,0.0093619399095133,0.05,0.0,27.1404904865532,-1.28586220627528,0.465101069023568,1.0,1.0,1.0,1.0,1.0,1.0,1.0,0.0,0.0,0.0,1.0,1.0,0.0,0.0,0.0,0.0,NONE,0.0001061533251154,1418.71410889871,NONE
252,902.296073905721,22.9095267129068,25.5237337123602,25.5237337123602,25.5237337123602,25.5237337123602,618.598959600436,618.598959600436,618.598959600436,618.598959600436,0.953091662357069,30.2500339640548,2.38552959519829,321.033332692499,0.210333326924987,0.01313908731829,102.638908731829,45.9747057739319,0.0150964779982288,36.4235898525845,1159.78464943844,0.0093619399095133,0.05,0.0,27.140417780447,-1.28586565095453,0.465101069023568,1.0,1.0,1.0,1.0,1.0,1.0,1.0,0.0,0.0,0.0,1.0,1.0,0.0,0.0,0.0,0.0,NONE,0.0001061533251154,1418.71410889871,NONE
253,902.296073905721,22.9095267129068,25.5715307700463,25.5715307700463,25.5715307700463,25.5715307700463,618.598959600436,618.598959600436,618.598959600436,618.598959600436,0.953091662357069,30.3116383876176,2.38552959519829,321.033332692499,0.210333326924987,0.01313908731829,102.638908731829,45.9747057739319,0.0150964779982288,36.4667136657816,1159.78464943844,0.0093619399095133,0.05,0.0,27.1403450743408,-1.28586909565224,0.465101069023568,1.0,1.0,1.0,1.0,1.0,1.0,1.0,0.0,0.0,0.0,1.0,1.0,0.0,0.0,0.0,0.0,NONE,0.0001061533251154,1418.71410889871,NONE
254,902.296073905721,22.9095267129068,25.6193166548916,25.6193166548916,25.6193166548916,25.6193166548916,618.598959600436,618.598959600436,618.598959600436,618.598959600436,0.953091662357069,30.3731810570709,2.38552959519829,321.033332692499,0.210333326924987,0.01313908731829,102.638908731829,45.9747057739319,0.0150964779982288,36.5096847038509,1159.78464943844,0.0093619399095133,0.05,0.0,27.1402723682346,-1.28587254036841,0.465101069023568,1.0,1.0,1.0,1.0,1.0,1.0,1.0,0.0,0.0,0.0,1.0,1.0,0.0,0.0,0.0,0.0,NONE,0.0001061533251154,1418.71410889871,NONE
255,902.296073905721,22.9095267129068,25.6670910350407,25.6670910350407,25.6670910350407,25.6670910350407,618.598959600436,618.598959600436,618.598959600436,618.598959600436,0.953091662357069,30.4346616712651,2.38552959519829,321.033332692499,0.210333326924987,0.01313908731829,102.638908731829,45.9747057739319,0.0150964779982288,36.5525040154397,1159.78464943844,0.0093619399095133,0.05,0.0,27.1401996621284,-1.28587598510304,0.465101069023568,1.0,1.0,1.0,1.0,1.0,1.0,1.0,0.0,0.0,0.0,1.0,1.0,0.0,0.0,0.0,0.0,NONE,0.0001061533251154,1418.71410889871,NONE
256,902.296073905721,22.9095267129068,25.7148535818743,25.7148535818743,25.7148535818743,25.7148535818743,618.598959600436,618.598959600436,618.598959600436,618.598959600436,0.953091662357069,30.4960799335262,2.38552959519829,321.033332692499,0.210333326924987,0.01313908731829,102.638908731829,45.9747057739319,0.0150964779982288,36.5951726398413,1159.78464943844,0.0093619399095133,0.05,0.0,27.1401269560222,-1.28587942985612,0.465101069023568,1.0,1.0,1.0,1.0,1.0,1.0,1.0,0.0,0.0,0.0,1.0,1.0,0.0,0.0,0.0,0.0,NONE,0.0001061533251154,1418.71410889871,NONE
257,902.296073905721,22.9095267129068,25.7626039699798,25.7626039699798,25.7626039699798,25.7626039699798,618.598959600436,618.598959600436,618.598959600436,618.598959600436,0.953091662357069,30.5574355516111,2.38552959519829,321.033332692499,0.210333326924987,0.01313908731829,102.638908731829,45.9747057739319,0.0150964779982288,36.6376916070839,1159.78464943844,0.0093619399095133,0.05,0.0,27.140054249916,-1.28588287462765,0.465101069023568,1.0,1.0,1.0,1.0,1.0,1.0,1.0,0.0,0.0,0.0,1.0,1.0,0.0,0.0,0.0,0.0,NONE,0.0001061533251154,1418.71410889871,NONE
258,902.296073905721,22.9095267129068,25.8103418771225,25.8103418771225,25.8103418771225,25.8103418771225,618.598959600436,618.598959600436,618.598959600436,618.598959600436,0.953091662357069,30.6187282376614,2.38552959519829,321.033332692499,0.210333326924987,0.01313908731829,102.638908731829,45.9747057739319,0.0150964779982288,36.6800619380173,1159.78464943844,0.0093619399095133,0.05,0.0,27.1399815438098,-1.28588631941765,0.465101069023568,1.0,1.0,1.0,1.0,1.0,1.0,1.0,0.0,0.0,0.0,1.0,1.0,0.0,0.0,0.0,0.0,NONE,0.0001061533251154,1418.71410889871,NONE
259,902.296073905721,22.9095267129068,25.8580669842162,25.8580669842162,25.8580669842162,25.8580669842162,618.598959600436,618.598959600436,618.598959600436,618.598959600436,0.953091662357069,30.6799577081586,2.38552959519829,321.033332692499,0.210333326924987,0.01313908731829,102.638908731829,45.9747057739319,0.0150964779982288,36.7222846444001,1159.78464943844,0.0093619399095133,0.05,0.0,27.1399088377036,-1.2858897642261,0.465101069023568,1.0,1.0,1.0,1.0,1.0,1.0,1.0,0.0,0.0,0.0,1.0,1.0,0.0,0.0,0.0,0.0,NONE,0.0001061533251154,1418.71410889871,NONE
260,902.296073905721,22.9095267129068,25.9057789752945,25.9057789752945,25.9057789752945,25.9057789752945,618.598959600436,618.598959600436,618.598959600436,618.598959600436,0.953091662357069,30.7411236838797,2.38552959519829,321.033332692499,0.210333326924987,0.01313908731829,102.638908731829,45.9747057739319,0.0150964779982288,36.7643607289853,1159.78464943844,0.0093619399095133,0.05,0.0,27.1398361315974,-1.285893209053,0.465101069023568,1.0,1.0,1.0,1.0,1.0,1.0,1.0,0.0,0.0,0.0,1.0,1.0,0.0,0.0,0.0,0.0,NONE,0.0001061533251154,1418.71410889871,NONE
261,902.296073905721,22.9095267129068,25.9534775374827,25.9534775374827,25.9534775374827,25.9534775374827,618.598959600436,618.598959600436,618.598959600436,618.598959600436,0.953091662357069,30.8022258898528,2.38552959519829,321.033332692499,0.210333326924987,0.01313908731829,102.638908731829,45.9747057739319,0.0150964779982288,36.8062911856053,1159.78464943844,0.0093619399095133,0.05,0.0,27.1397634254912,-1.28589665389837,0.465101069023568,1.0,1.0,1.0,1.0,1.0,1.0,1.0,0.0,0.0,0.0,1.0,1.0,0.0,0.0,0.0,0.0,NONE,0.0001061533251154,1418.71410889871,NONE
262,902.296073905721,22.9095267129068,26.0011623609694,26.0011623609694,26.0011623609694,26.0011623609694,618.598959600436,618.598959600436,618.598959600436,618.598959600436,0.953091662357069,30.8632640553137,2.38552959519829,321.033332692499,0.210333326924987,0.01313908731829,102.638908731829,45.9747057739319,0.0150964779982288,36.8480769992561,1159.78464943844,0.0093619399095133,0.05,0.0,27.139690719385,-1.28590009876219,0.465101069023568,1.0,1.0,1.0,1.0,1.0,1.0,1.0,0.0,0.0,0.0,1.0,1.0,0.0,0.0,0.0,0.0,NONE,0.0001061533251154,1418.71410889871,NONE
263,902.296073905721,22.9095267129068,26.0488331389786,26.0488331389786,26.0488331389786,26.0488331389786,618.598959600436,618.598959600436,618.598959600436,618.598959600436,0.953091662357069,30.9242379136626,2.38552959519829,321.033332692499,0.210333326924987,0.01313908731829,102.638908731829,45.9747057739319,0.0150964779982288,36.8897191461806,1159.78464943844,0.0093619399095133,0.05,0.0,27.1396180132788,-1.28590354364447,0.465101069023568,1.0,1.0,1.0,1.0,1.0,1.0,1.0,0.0,0.0,0.0,1.0,1.0,0.0,0.0,0.0,0.0,NONE,0.0001061533251154,1418.71410889871,NONE
264,902.296073905721,22.9095267129068,26.0964895677422,26.0964895677422,26.0964895677422,26.0964895677422,618.598959600436,618.598959600436,618.598959600436,618.598959600436,0.953091662357069,30.9851472024209,2.38552959519829,321.033332692499,0.210333326924987,0.01313908731829,102.638908731829,45.9747057739319,0.0150964779982288,36.9312185939513,1159.78464943844,0.0093619399095133,0.05,0.0,27.1395453071726,-1.2859069885452,0.465101069023568,1.0,1.0,1.0,1.0,1.0,1.0,1.0,0.0,0.0,0.0,1.0,1.0,0.0,0.0,0.0,0.0,NONE,0.0001061533251154,1418.71410889871,NONE
265,902.296073905721,22.9095267129068,26.1441313464725,26.1441313464725,26.1441313464725,26.1441313464725,618.598959600436,618.598959600436,618.598959600436,618.598959600436,0.953091662357069,31.0459916631893,2.38552959519829,321.033332692499,0.210333326924987,0.01313908731829,102.638908731829,45.9747057739319,0.0150964779982288,36.9725763015523,1159.78464943844,0.0093619399095133,0.05,0.0,27.1394726010664,-1.2859104334644,0.465101069023568,1.0,1.0,1.0,1.0,1.0,1.0,1.0,0.0,0.0,0.0,1.0,1.0,0.0,0.0,0.0,0.0,NONE,0.0001061533251154,1418.71410889871,NONE
266,902.296073905721,22.9095267129068,26.1917581773351,26.1917581773351,26.1917581773351,26.1917581773351,618.598959600436,618.598959600436,618.598959600436,618.598959600436,0.953091662357069,31.1067710416053,2.38552959519829,321.033332692499,0.210333326924987,0.01313908731829,102.638908731829,45.9747057739319,0.0150964779982288,37.0137932194598,1159.78464943844,0.0093619399095133,0.05,0.0,27.1393998949602,-1.28591387840205,0.465101069023568,1.0,1.0,1.0,1.0,1.0,1.0,1.0,0.0,0.0,0.0,1.0,1.0,0.0,0.0,0.0,0.0,NONE,0.0001061533251154,1418.71410889871,NONE
267,902.296073905721,22.9095267129068,26.2393697654223,26.2393697654223,26.2393697654223,26.2393697654223,618.598959600436,618.598959600436,618.598959600436,618.598959600436,0.953091662357069,31.1674850873018,2.38552959519829,321.033332692499,0.210333326924987,0.01313908731829,102.638908731829,45.9747057739319,0.0150964779982288,37.0548702897226,1159.78464943844,0.0093619399095133,0.05,0.0,27.139327188854,-1.28591732335816,0.465101069023568,1.0,1.0,1.0,1.0,1.0,1.0,1.0,0.0,0.0,0.0,1.0,1.0,0.0,0.0,0.0,0.0,NONE,0.0001061533251154,1418.71410889871,NONE
268,902.296073905721,22.9095267129068,26.286965818726,26.286965818726,26.286965818726,26.286965818726,618.598959600436,618.598959600436,618.598959600436,618.598959600436,0.953091662357069,31.228133553866,2.38552959519829,321.033332692499,0.210333326924987,0.01313908731829,102.638908731829,45.9747057739319,0.0150964779982288,37.0958084460418,1159.78464943844,0.0093619399095133,0.05,0.0,27.1392544827478,-1.28592076833273,0.465101069023568,1.0,1.0,1.0,1.0,1.0,1.0,1.0,0.0,0.0,0.0,1.0,1.0,0.0,0.0,0.0,0.0,NONE,0.0001061533251154,1418.71410889871,NONE
269,902.296073905721,22.9095267129068,26.3345460481117,26.3345460481117,26.3345460481117,26.3345460481117,618.598959600436,618.598959600436,618.598959600436,618.598959600436,0.953091662357069,31.2887161987983,2.38552959519829,321.033332692499,0.210333326924987,0.01313908731829,102.638908731829,45.9747057739319,0.0150964779982288,37.1366086138493,1159.78464943844,0.0093619399095133,0.05,0.0,27.1391817766416,-1.28592421332575,0.465101069023568,1.0,1.0,1.0,1.0,1.0,1.0,1.0,0.0,0.0,0.0,1.0,1.0,0.0,0.0,0.0,0.0,NONE,0.0001061533251154,1418.71410889871,NONE
270,902.296073905721,22.9095267129068,26.3821101672923,26.3821101672923,26.3821101672923,26.3821101672923,618.598959600436,618.598959600436,618.598959600436,618.598959600436,0.953091662357069,31.3492327834724,2.38552959519829,321.033332692499,0.210333326924987,0.01313908731829,102.638908731829,45.9747057739319,0.0150964779982288,37.1772717103855,1159.78464943844,0.0093619399095133,0.05,0.0,27.1391090705354,-1.28592765833724,0.465101069023568,1.0,1.0,1.0,1.0,1.0,1.0,1.0,0.0,0.0,0.0,1.0,1.0,0.0,0.0,0.0,0.0,NONE,0.0001061533251154,1418.71410889871,NONE
271,902.296073905721,22.9095267129068,26.4296578928021,26.4296578928021,26.4296578928021,26.4296578928021,618.598959600436,618.598959600436,618.598959600436,618.598959600436,0.953091662357069,31.4096830730946,2.38552959519829,321.033332692499,0.210333326924987,0.01313908731829,102.638908731829,45.9747057739319,0.0150964779982288,37.2177986447771,1159.78464943844,0.0093619399095133,0.05,0.0,27.1390363644292,-1.28593110336718,0.465101069023568,1.0,1.0,1.0,1.0,1.0,1.0,1.0,0.0,0.0,0.0,1.0,1.0,0.0,0.0,0.0,0.0,NONE,0.0001061533251154,1418.71410889871,NONE
272,902.296073905721,22.9095267129068,26.4771889439714,26.4771889439714,26.4771889439714,26.4771889439714,618.598959600436,618.598959600436,618.598959600436,618.598959600436,0.953091662357069,31.4700668366646,2.38552959519829,321.033332692499,0.210333326924987,0.01313908731829,102.638908731829,45.9747057739319,0.0150964779982288,37.2581903181133,1159.78464943844,0.0093619399095133,0.05,0.0,27.138963658323,-1.28593454841558,0.465101069023568,1.0,1.0,1.0,1.0,1.0,1.0,1.0,0.0,0.0,0.0,1.0,1.0,0.0,0.0,0.0,0.0,NONE,0.0001061533251154,1418.71410889871,NONE
273,902.296073905721,22.9095267129068,26.5247030429007,26.5247030429007,26.5247030429007,26.5247030429007,618.598959600436,618.598959600436,618.598959600436,618.598959600436,0.953091662357069,31.5303838469363,2.38552959519829,321.033332692499,0.210333326924987,0.01313908731829,102.638908731829,45.9747057739319,0.0150964779982288,37.2984476235214,1159.78464943844,0.0093619399095133,0.05,0.0,27.1388909522168,-1.28593799348244,0.465101069023568,1.0,1.0,1.0,1.0,1.0,1.0,1.0,0.0,0.0,0.0,1.0,1.0,0.0,0.0,0.0,0.0,NONE,0.0001061533251154,1418.71410889871,NONE
274,902.296073905721,22.9095267129068,26.5721999144363,26.5721999144363,26.5721999144363,26.5721999144363,618.598959600436,618.598959600436,618.598959600436,618.598959600436,0.953091662357069,31.5906338803787,2.38552959519829,321.033332692499,0.210333326924987,0.01313908731829,102.638908731829,45.9747057739319,0.0150964779982288,37.3385714462422,1159.78464943844,0.0093619399095133,0.05,0.0,27.1388182461106,-1.28594143856776,0.465101069023568,1.0,1.0,1.0,1.0,1.0,1.0,1.0,0.0,0.0,0.0,1.0,1.0,0.0,0.0,0.0,0.0,NONE,0.0001061533251154,1418.71410889871,NONE
275,902.296073905721,22.9095267129068,26.6196792861444,26.6196792861444,26.6196792861444,26.6196792861444,618.598959600436,618.598959600436,618.598959600436,618.598959600436,0.953091662357069,31.6508167171376,2.38552959519829,321.033332692499,0.210333326924987,0.01313908731829,102.638908731829,45.9747057739319,0.0150964779982288,37.3785626637038,1159.78464943844,0.0093619399095133,0.05,0.0,27.1387455400044,-1.28594488367154,0.465101069023568,1.0,1.0,1.0,1.0,1.0,1.0,1.0,0.0,0.0,0.0,1.0,1.0,0.0,0.0,0.0,0.0,NONE,0.0001061533251154,1418.71410889871,NONE
276,902.296073905721,22.9095267129068,26.6671408882871,26.6671408882871,26.6671408882871,26.6671408882871,618.598959600436,618.598959600436,618.598959600436,618.598959600436,0.953091662357069,31.7109321409973,2.38552959519829,321.033332692499,0.210333326924987,0.01313908731829,102.638908731829,45.9747057739319,0.0150964779982288,37.4184221455958,1159.78464943844,0.0093619399095133,0.05,0.0,27.1386728338982,-1.28594832879378,0.465101069023568,1.0,1.0,1.0,1.0,1.0,1.0,1.0,0.0,0.0,0.0,1.0,1.0,0.0,0.0,0.0,0.0,NONE,0.0001061533251154,1418.71410889871,NONE
277,902.296073905721,22.9095267129068,26.7145844537979,26.7145844537979,26.7145844537979,26.7145844537979,618.598959600436,618.598959600436,618.598959600436,618.598959600436,0.953091662357069,31.770979939343,2.38552959519829,321.033332692499,0.210333326924987,0.01313908731829,102.638908731829,45.9747057739319,0.0150964779982288,37.4581507539419,1159.78464943844,0.0093619399095133,0.05,0.0,27.138600127792,-1.28595177393447,0.465101069023568,1.0,1.0,1.0,1.0,1.0,1.0,1.0,0.0,0.0,0.0,1.0,1.0,0.0,0.0,0.0,0.0,NONE,0.0001061533251154,1418.71410889871,NONE
278,902.296073905721,22.9095267129068,26.762009718257,26.762009718257,26.762009718257,26.762009718257,618.598959600436,618.598959600436,618.598959600436,618.598959600436,0.953091662357069,31.8309599031236,2.38552959519829,321.033332692499,0.210333326924987,0.01313908731829,102.638908731829,45.9747057739319,0.0150964779982288,37.4977493431719,1159.78464943844,0.0093619399095133,0.05,0.0,27.1385274216858,-1.28595521909363,0.465101069023568,1.0,1.0,1.0,1.0,1.0,1.0,1.0,0.0,0.0,0.0,1.0,1.0,0.0,0.0,0.0,0.0,NONE,0.0001061533251154,1418.71410889871,NONE
279,902.296073905721,22.9095267129068,26.8094164198678,26.8094164198678,26.8094164198678,26.8094164198678,618.598959600436,618.598959600436,618.598959600436,618.598959600436,0.953091662357069,31.8908718268142,2.38552959519829,321.033332692499,0.210333326924987,0.01313908731829,102.638908731829,45.9747057739319,0.0150964779982288,37.5372187601939,1159.78464943844,0.0093619399095133,0.05,0.0,27.1384547155796,-1.28595866427125,0.465101069023568,1.0,1.0,1.0,1.0,1.0,1.0,1.0,0.0,0.0,0.0,1.0,1.0,0.0,0.0,0.0,0.0,NONE,0.0001061533251154,1418.71410889871,NONE
280,902.296073905721,22.9095267129068,26.8568042994329,26.8568042994329,26.8568042994329,26.8568042994329,618.598959600436,618.598959600436,618.598959600436,618.598959600436,0.953091662357069,31.9507155083799,2.38552959519829,321.033332692499,0.210333326924987,0.01313908731829,102.638908731829,45.9747057739319,0.0150964779982288,37.5765598444643,1159.78464943844,0.0093619399095133,0.05,0.0,27.1383820094734,-1.28596210946732,0.465101069023568,1.0,1.0,1.0,1.0,1.0,1.0,1.0,0.0,0.0,0.0,1.0,1.0,0.0,0.0,0.0,0.0,NONE,0.0001061533251154,1418.71410889871,NONE
281,902.296073905721,22.9095267129068,26.9041731003307,26.9041731003307,26.9041731003307,26.9041731003307,618.598959600436,618.598959600436,618.598959600436,618.598959600436,0.953091662357069,32.0104907492395,2.38552959519829,321.033332692499,0.210333326924987,0.01313908731829,102.638908731829,45.9747057739319,0.0150964779982288,37.6157734280586,1159.78464943844,0.0093619399095133,0.05,0.0,27.1383093033672,-1.28596555468186,0.465101069023568,1.0,1.0,1.0,1.0,1.0,1.0,1.0,0.0,0.0,0.0,1.0,1.0,0.0,0.0,0.0,0.0,NONE,0.0001061533251154,1418.71410889871,NONE
282,902.296073905721,22.9095267129068,26.9515225684915,26.9515225684915,26.9515225684915,26.9515225684915,618.598959600436,618.598959600436,618.598959600436,618.598959600436,0.953091662357069,32.0701973542291,2.38552959519829,321.033332692499,0.210333326924987,0.01313908731829,102.638908731829,45.9747057739319,0.0150964779982288,37.6548603357407,1159.78464943844,0.0093619399095133,0.05,0.0,27.138236597261,-1.28596899991486,0.465101069023568,1.0,1.0,1.0,1.0,1.0,1.0,1.0,0.0,0.0,0.0,1.0,1.0,0.0,0.0,0.0,0.0,NONE,0.0001061533251154,1418.71410889871,NONE
283,902.296073905721,22.9095267129068,26.9988524523753,26.9988524523753,26.9988524523753,26.9988524523753,618.598959600436,618.598959600436,618.598959600436,618.598959600436,0.953091662357069,32.1298351315669,2.38552959519829,321.033332692499,0.210333326924987,0.01313908731829,102.638908731829,45.9747057739319,0.0150964779982288,37.6938213850316,1159.78464943844,0.0093619399095133,0.05,0.0,27.1381638911548,-1.28597244516631,0.465101069023568,1.0,1.0,1.0,1.0,1.0,1.0,1.0,0.0,0.0,0.0,1.0,1.0,0.0,0.0,0.0,0.0,NONE,0.0001061533251154,1418.71410889871,NONE
284,902.296073905721,22.9095267129068,27.0461625029482,27.0461625029482,27.0461625029482,27.0461625029482,618.598959600436,618.598959600436,618.598959600436,618.598959600436,0.953091662357069,32.1894038928182,2.38552959519829,321.033332692499,0.210333326924987,0.01313908731829,102.638908731829,45.9747057739319,0.0150964779982288,37.7326573862776,1159.78464943844,0.0093619399095133,0.05,0.0,27.1380911850486,-1.28597589043623,0.465101069023568,1.0,1.0,1.0,1.0,1.0,1.0,1.0,0.0,0.0,0.0,1.0,1.0,0.0,0.0,0.0,0.0,NONE,0.0001061533251154,1418.71410889871,NONE
285,902.296073905721,22.9095267129068,27.0934524736598,27.0934524736598,27.0934524736598,27.0934524736598,618.598959600436,618.598959600436,618.598959600436,618.598959600436,0.953091662357069,32.2489034528597,2.38552959519829,321.033332692499,0.210333326924987,0.01313908731829,102.638908731829,45.9747057739319,0.0150964779982288,37.7713691427183,1159.78464943844,0.0093619399095133,0.05,0.0,27.1380184789424,-1.28597933572461,0.465101069023568,1.0,1.0,1.0,1.0,1.0,1.0,1.0,0.0,0.0,0.0,1.0,1.0,0.0,0.0,0.0,0.0,NONE,0.0001061533251154,1418.71410889871,NONE
286,902.296073905721,22.9095267129068,27.1407221204209,27.1407221204209,27.1407221204209,27.1407221204209,618.598959600436,618.598959600436,618.598959600436,618.598959600436,0.953091662357069,32.3083336298457,2.38552959519829,321.033332692499,0.210333326924987,0.01313908731829,102.638908731829,45.9747057739319,0.0150964779982288,37.8099574505527,1159.78464943844,0.0093619399095133,0.05,0.0,27.1379457728362,-1.28598278103145,0.465101069023568,1.0,1.0,1.0,1.0,1.0,1.0,1.0,0.0,0.0,0.0,1.0,1.0,0.0,0.0,0.0,0.0,NONE,0.0001061533251154,1418.71410889871,NONE
287,902.296073905721,22.9095267129068,27.1879712015813,27.1879712015813,27.1879712015813,27.1879712015813,618.598959600436,618.598959600436,618.598959600436,618.598959600436,0.953091662357069,32.3676942451736,2.38552959519829,321.033332692499,0.210333326924987,0.01313908731829,102.638908731829,45.9747057739319,0.0150964779982288,37.848423099006,1159.78464943844,0.0093619399095133,0.05,0.0,27.13787306673,-1.28598622635675,0.465101069023568,1.0,1.0,1.0,1.0,1.0,1.0,1.0,0.0,0.0,0.0,1.0,1.0,0.0,0.0,0.0,0.0,NONE,0.0001061533251154,1418.71410889871,NONE
288,902.296073905721,22.9095267129068,27.2351994779074,27.2351994779074,27.2351994779074,27.2351994779074,618.598959600436,618.598959600436,618.598959600436,618.598959600436,0.953091662357069,32.4269851234499,2.38552959519829,321.033332692499,0.210333326924987,0.01313908731829,102.638908731829,45.9747057739319,0.0150964779982288,37.886766870395,1159.78464943844,0.0093619399095133,0.05,0.0,27.1378003606238,-1.28598967170051,0.465101069023568,1.0,1.0,1.0,1.0,1.0,1.0,1.0,0.0,0.0,0.0,1.0,1.0,0.0,0.0,0.0,0.0,NONE,0.0001061533251154,1418.71410889871,NONE
289,902.296073905721,22.9095267129068,27.2824067125606,27.2824067125606,27.2824067125606,27.2824067125606,618.598959600436,618.598959600436,618.598959600436,618.598959600436,0.953091662357069,32.4862060924569,2.38552959519829,321.033332692499,0.210333326924987,0.01313908731829,102.638908731829,45.9747057739319,0.0150964779982288,37.9249895401934,1159.78464943844,0.0093619399095133,0.05,0.0,27.1377276545176,-1.28599311706273,0.465101069023568,1.0,1.0,1.0,1.0,1.0,1.0,1.0,0.0,0.0,0.0,1.0,1.0,0.0,0.0,0.0,0.0,NONE,0.0001061533251154,1418.71410889871,NONE
290,902.296073905721,22.9095267129068,27.3295926710756,27.3295926710756,27.3295926710756,27.3295926710756,618.598959600436,618.598959600436,618.598959600436,618.598959600436,0.953091662357069,32.5453569831189,2.38552959519829,321.033332692499,0.210333326924987,0.01313908731829,102.638908731829,45.9747057739319,0.0150964779982288,37.9630918770956,1159.78464943844,0.0093619399095133,0.05,0.0,27.1376549484114,-1.28599656244341,0.465101069023568,1.0,1.0,1.0,1.0,1.0,1.0,1.0,0.0,0.0,0.0,1.0,1.0,0.0,0.0,0.0,0.0,NONE,0.0001061533251154,1418.71410889871,NONE
291,902.296073905721,22.9095267129068,27.3767571213388,27.3767571213388,27.3767571213388,27.3767571213388,618.598959600436,618.598959600436,618.598959600436,618.598959600436,0.953091662357069,32.6044376294703,2.38552959519829,321.033332692499,0.210333326924987,0.01313908731829,102.638908731829,45.9747057739319,0.0150964779982288,38.0010746430809,1159.78464943844,0.0093619399095133,0.05,0.0,27.1375822423052,-1.28600000784256,0.465101069023568,1.0,1.0,1.0,1.0,1.0,1.0,1.0,0.0,0.0,0.0,1.0,1.0,0.0,0.0,0.0,0.0,NONE,0.0001061533251154,1418.71410889871,NONE
292,902.296073905721,22.9095267129068,27.4238998335673,27.4238998335673,27.4238998335673,27.4238998335673,618.598959600436,618.598959600436,618.598959600436,618.598959600436,0.953091662357069,32.663447868622,2.38552959519829,321.033332692499,0.210333326924987,0.01313908731829,102.638908731829,45.9747057739319,0.0150964779982288,38.0389385934766,1159.78464943844,0.0093619399095133,0.05,0.0,27.137509536199,-1.28600345326016,0.465101069023568,1.0,1.0,1.0,1.0,1.0,1.0,1.0,0.0,0.0,0.0,1.0,1.0,0.0,0.0,0.0,0.0,NONE,0.0001061533251154,1418.71410889871,NONE
293,902.296073905721,22.9095267129068,27.4710205802877,27.4710205802877,27.4710205802877,27.4710205802877,618.598959600436,618.598959600436,618.598959600436,618.598959600436,0.953091662357069,32.7223875407296,2.38552959519829,321.033332692499,0.210333326924987,0.01313908731829,102.638908731829,45.9747057739319,0.0150964779982288,38.0766844770204,1159.78464943844,0.0093619399095133,0.05,0.0,27.1374368300928,-1.28600689869623,0.465101069023568,1.0,1.0,1.0,1.0,1.0,1.0,1.0,0.0,0.0,0.0,1.0,1.0,0.0,0.0,0.0,0.0,NONE,0.0001061533251154,1418.71410889871,NONE
294,902.296073905721,22.9095267129068,27.5181191363152,27.5181191363152,27.5181191363152,27.5181191363152,618.598959600436,618.598959600436,618.598959600436,618.598959600436,0.953091662357069,32.7812564889614,2.38552959519829,321.033332692499,0.210333326924987,0.01313908731829,102.638908731829,45.9747057739319,0.0150964779982288,38.1143130359223,1159.78464943844,0.0093619399095133,0.05,0.0,27.1373641239866,-1.28601034415076,0.465101069023568,1.0,1.0,1.0,1.0,1.0,1.0,1.0,0.0,0.0,0.0,1.0,1.0,0.0,0.0,0.0,0.0,NONE,0.0001061533251154,1418.71410889871,NONE
295,902.296073905721,22.9095267129068,27.565195278733,27.565195278733,27.565195278733,27.565195278733,618.598959600436,618.598959600436,618.598959600436,618.598959600436,0.953091662357069,32.8400545594668,2.38552959519829,321.033332692499,0.210333326924987,0.01313908731829,102.638908731829,45.9747057739319,0.0150964779982288,38.1518250059262,1159.78464943844,0.0093619399095133,0.05,0.0,27.1372914178804,-1.28601378962375,0.465101069023568,1.0,1.0,1.0,1.0,1.0,1.0,1.0,0.0,0.0,0.0,1.0,1.0,0.0,0.0,0.0,0.0,NONE,0.0001061533251154,1418.71410889871,NONE
296,902.296073905721,22.9095267129068,27.6122487868719,27.6122487868719,27.6122487868719,27.6122487868719,618.598959600436,618.598959600436,618.598959600436,618.598959600436,0.953091662357069,32.8987816013449,2.38552959519829,321.033332692499,0.210333326924987,0.01313908731829,102.638908731829,45.9747057739319,0.0150964779982288,38.1892211163706,1159.78464943844,0.0093619399095133,0.05,0.0,27.1372187117742,-1.28601723511521,0.465101069023568,1.0,1.0,1.0,1.0,1.0,1.0,1.0,0.0,0.0,0.0,1.0,1.0,0.0,0.0,0.0,0.0,NONE,0.0001061533251154,1418.71410889871,NONE
297,902.296073905721,22.9095267129068,27.6592794422897,27.6592794422897,27.6592794422897,27.6592794422897,618.598959600436,618.598959600436,618.598959600436,618.598959600436,0.953091662357069,32.9574374666134,2.38552959519829,321.033332692499,0.210333326924987,0.01313908731829,102.638908731829,45.9747057739319,0.0150964779982288,38.2265020902487,1159.78464943844,0.0093619399095133,0.05,0.0,27.137146005668,-1.28602068062512,0.465101069023568,1.0,1.0,1.0,1.0,1.0,1.0,1.0,0.0,0.0,0.0,1.0,1.0,0.0,0.0,0.0,0.0,NONE,0.0001061533251154,1418.71410889871,NONE
298,902.296073905721,22.9095267129068,27.7062870287515,27.7062870287515,27.7062870287515,27.7062870287515,618.598959600436,618.598959600436,618.598959600436,618.598959600436,0.953091662357069,33.0160220101779,2.38552959519829,321.033332692499,0.210333326924987,0.01313908731829,102.638908731829,45.9747057739319,0.0150964779982288,38.2636686442679,1159.78464943844,0.0093619399095133,0.05,0.0,27.1370732995618,-1.2860241261535,0.465101069023568,1.0,1.0,1.0,1.0,1.0,1.0,1.0,0.0,0.0,0.0,1.0,1.0,0.0,0.0,0.0,0.0,NONE,0.0001061533251154,1418.71410889871,NONE
299,902.296073905721,22.9095267129068,27.7532713322097,27.7532713322097,27.7532713322097,27.7532713322097,618.598959600436,618.598959600436,618.598959600436,618.598959600436,0.953091662357069,33.0745350898016,2.38552959519829,321.033332692499,0.210333326924987,0.01313908731829,102.638908731829,45.9747057739319,0.0150964779982288,38.3007214889093,1159.78464943844,0.0093619399095133,0.05,0.0,27.1370005934556,-1.28602757170034,0.465101069023568,1.0,1.0,1.0,1.0,1.0,1.0,1.0,0.0,0.0,0.0,1.0,1.0,0.0,0.0,0.0,0.0,NONE,0.0001061533251154,1418.71410889871,NONE
